2025-10-31 15:27:34,020 - INFO - \U0001f680 Starting HST to CSV on VM #1 (saves compressed to VM #2 shared)
2025-10-31 15:27:50,427 - INFO - 
Processing folder: D:\Acronis Backup\ipc backup\server  2\2023-04-26\TRENDDATA11
2025-10-31 15:27:50,442 - INFO - \U0001f4cb Found 155 HST files
2025-10-31 15:27:50,442 - INFO - 
Parallel processing batch 1 (100 files)...
2025-10-31 15:29:27,365 - INFO - \u2713 Processed Trend_SUB_MAIN_33KV_CELL_02_M_FORWARD_ACTIVE_ENERGY_KWH.HST
2025-10-31 15:30:09,536 - INFO -   \u2713 Renamed 'Time' to 'Timestamp' in CSV
2025-10-31 15:30:11,787 - WARNING - Attempt 1 failed for D:\Acronis Backup\ipc backup\server  2\2023-04-26\TRENDDATA11\Trend_SUB_MAIN_33KV_CELL_02_M_FORWARD_ACTIVE_ENERGY_KWH.HST: 'Y:\\Trend_SUB_MAIN_33KV_CELL_02_M_FORWARD_ACTIVE_ENERGY_KWH.csv.gz' and 'Y:\\\\Trend_SUB_MAIN_33KV_CELL_02_M_FORWARD_ACTIVE_ENERGY_KWH.csv.gz' are the same file
2025-10-31 15:30:52,725 - INFO - \u2713 Processed Trend_SUB_MAIN_33KV_CELL_02_M_FORWARD_ACTIVE_ENERGY_KWH.HST
2025-10-31 15:31:09,585 - INFO -   \u2713 Renamed 'Time' to 'Timestamp' in CSV
2025-10-31 15:31:11,929 - WARNING - Attempt 2 failed for D:\Acronis Backup\ipc backup\server  2\2023-04-26\TRENDDATA11\Trend_SUB_MAIN_33KV_CELL_02_M_FORWARD_ACTIVE_ENERGY_KWH.HST: 'Y:\\Trend_SUB_MAIN_33KV_CELL_02_M_FORWARD_ACTIVE_ENERGY_KWH.csv.gz' and 'Y:\\\\Trend_SUB_MAIN_33KV_CELL_02_M_FORWARD_ACTIVE_ENERGY_KWH.csv.gz' are the same file
2025-10-31 15:31:56,743 - INFO - \u2713 Processed Trend_SUB_MAIN_33KV_CELL_02_M_FORWARD_ACTIVE_ENERGY_KWH.HST
2025-10-31 15:32:10,196 - INFO -   \u2713 Renamed 'Time' to 'Timestamp' in CSV
2025-10-31 15:32:12,462 - WARNING - Attempt 3 failed for D:\Acronis Backup\ipc backup\server  2\2023-04-26\TRENDDATA11\Trend_SUB_MAIN_33KV_CELL_02_M_FORWARD_ACTIVE_ENERGY_KWH.HST: 'Y:\\Trend_SUB_MAIN_33KV_CELL_02_M_FORWARD_ACTIVE_ENERGY_KWH.csv.gz' and 'Y:\\\\Trend_SUB_MAIN_33KV_CELL_02_M_FORWARD_ACTIVE_ENERGY_KWH.csv.gz' are the same file
2025-10-31 15:32:12,462 - ERROR - \u2717 Failed Trend_SUB_MAIN_33KV_CELL_02_M_FORWARD_ACTIVE_ENERGY_KWH.HST after 3 attempts
2025-10-31 15:36:24,845 - INFO - \u2713 Processed Trend_SUB_MAIN_33KV_CELL_02_M_AVERAGE_POWER_FACTOR.HST
2025-10-31 15:36:24,860 - INFO - \u2713 Processed Trend_SUB_MAIN_33KV_CELL_02_M_FORWARD_ACTIVE_ENERGY_MWH.HST
2025-10-31 15:36:24,860 - INFO - \u2713 Processed Trend_SUB_MAIN_33KV_CELL_01_M_PHASE_VOLTAGE_A.HST
2025-10-31 15:36:24,876 - INFO - \u2713 Processed Trend_SUB_MAIN_33KV_CELL_01_M_SEQUENCE_VOLTAGE_ZERO_AMP.HST
2025-10-31 15:36:24,876 - INFO - \u2713 Processed Trend_SUB_MAIN_33KV_CELL_01_M_RESIDUAL_VOLTAGE_1.HST
2025-10-31 15:36:24,876 - INFO - \u2713 Processed Trend_SUB_MAIN_33KV_CELL_02_M_FREQUENCY.HST
2025-10-31 15:36:24,892 - INFO - \u2713 Processed Trend_SUB_MAIN_33KV_CELL_01_M_SEQUENCE_VOLTAGE_NEG_AMP.HST
2025-10-31 15:36:24,923 - INFO - \u2713 Processed Trend_SUB_MAIN_33KV_CELL_02_M_PHASE_CURRENT_B.HST
2025-10-31 15:36:24,923 - INFO - \u2713 Processed Trend_SUB_MAIN_33KV_CELL_02_M_CURRENT_DEMAND_C_AMP.HST
2025-10-31 15:36:24,923 - INFO - \u2713 Processed Trend_SUB_MAIN_33KV_CELL_01_M_PHASE_VOLTAGE_BC.HST
2025-10-31 15:36:24,923 - INFO - \u2713 Processed Trend_SUB_MAIN_33KV_CELL_01_M_SEQUENCE_VOLTAGE_POS_AMP.HST
2025-10-31 15:36:24,938 - INFO - \u2713 Processed Trend_SUB_MAIN_33KV_CELL_01_M_FREQUENCY.HST
2025-10-31 15:45:13,516 - WARNING - Attempt 1 failed for D:\Acronis Backup\ipc backup\server  2\2023-04-26\TRENDDATA11\Trend_SUB_MAIN_33KV_CELL_01_M_PHASE_VOLTAGE_A.HST: Unable to allocate 2.00 MiB for an array with shape (262144,) and data type int64
2025-10-31 15:45:15,798 - WARNING - Attempt 1 failed for D:\Acronis Backup\ipc backup\server  2\2023-04-26\TRENDDATA11\Trend_SUB_MAIN_33KV_CELL_02_M_FREQUENCY.HST: Unable to allocate 2.00 MiB for an array with shape (262144,) and data type int64
2025-10-31 15:45:21,329 - WARNING - Attempt 1 failed for D:\Acronis Backup\ipc backup\server  2\2023-04-26\TRENDDATA11\Trend_SUB_MAIN_33KV_CELL_02_M_PHASE_CURRENT_B.HST: Unable to allocate 2.00 MiB for an array with shape (262144,) and data type int64
2025-10-31 15:45:29,240 - WARNING - Attempt 1 failed for D:\Acronis Backup\ipc backup\server  2\2023-04-26\TRENDDATA11\Trend_SUB_MAIN_33KV_CELL_02_M_TOTAL_APPARENT_POWER_S.HST: Command '['python', 'C:\\Users\\Administrator\\Desktop\\HST Translator\\HST\\trendconvert\\trendconvert.py', 'D:\\Acronis Backup\\ipc backup\\server  2\\2023-04-26\\TRENDDATA11\\Trend_SUB_MAIN_33KV_CELL_02_M_TOTAL_APPARENT_POWER_S.HST', '-o', 'csv', '-s', '-outdir', 'Y:\\']' returned non-zero exit status 1.
2025-10-31 15:45:29,601 - WARNING - Attempt 1 failed for D:\Acronis Backup\ipc backup\server  2\2023-04-26\TRENDDATA11\Trend_SUB_MAIN_33KV_CELL_02_M_TOTAL_ACTIVE_POWER_P.HST: Command '['python', 'C:\\Users\\Administrator\\Desktop\\HST Translator\\HST\\trendconvert\\trendconvert.py', 'D:\\Acronis Backup\\ipc backup\\server  2\\2023-04-26\\TRENDDATA11\\Trend_SUB_MAIN_33KV_CELL_02_M_TOTAL_ACTIVE_POWER_P.HST', '-o', 'csv', '-s', '-outdir', 'Y:\\']' returned non-zero exit status 1.
2025-10-31 15:45:49,819 - INFO - \u2713 Processed Trend_SUB_MAIN_33KV_CELL_01_M_PHASE_VOLTAGE_B.HST
2025-10-31 15:45:50,430 - INFO - \u2713 Processed Trend_SUB_MAIN_33KV_CELL_02_M_CURRENT_DEMAND_A_AMP.HST
2025-10-31 15:45:51,430 - INFO - \u2713 Processed Trend_SUB_MAIN_33KV_CELL_02_M_CURRENT_DEMAND_B_AMP.HST
2025-10-31 15:45:56,550 - INFO - \u2713 Processed Trend_SUB_MAIN_33KV_CELL_01_M_PHASE_VOLTAGE_CA.HST
2025-10-31 15:46:01,482 - INFO - \u2713 Processed Trend_SUB_MAIN_33KV_CELL_01_M_PHASE_VOLTAGE_C.HST
2025-10-31 15:46:04,284 - INFO - \u2713 Processed Trend_SUB_MAIN_33KV_CELL_02_M_PHASE_CURRENT_A.HST
2025-10-31 15:46:13,606 - INFO - \u2713 Processed Trend_SUB_MAIN_33KV_CELL_01_M_PHASE_VOLTAGE_AB.HST
2025-10-31 15:46:33,403 - WARNING - Attempt 1 failed for D:\Acronis Backup\ipc backup\server  2\2023-04-26\TRENDDATA11\Trend_SUB_MAIN_33KV_CELL_02_M_CURRENT_DEMAND_B_AMP.HST: Unable to allocate 2.00 MiB for an array with shape (262144,) and data type int64
2025-10-31 15:46:39,420 - WARNING - Attempt 1 failed for D:\Acronis Backup\ipc backup\server  2\2023-04-26\TRENDDATA11\Trend_SUB_MAIN_33KV_CELL_01_M_PHASE_VOLTAGE_C.HST: Unable to allocate 2.00 MiB for an array with shape (262144,) and data type int64
2025-10-31 15:46:44,967 - WARNING - Attempt 1 failed for D:\Acronis Backup\ipc backup\server  2\2023-04-26\TRENDDATA11\Trend_SUB_MAIN_33KV_CELL_01_M_PHASE_VOLTAGE_B.HST: Unable to allocate 2.00 MiB for an array with shape (262144,) and data type int64
2025-10-31 15:49:36,962 - INFO - \u2713 Processed Trend_SUB_MAIN_33KV_CELL_02_M_PHASE_CURRENT_C.HST
2025-10-31 15:51:19,583 - INFO - \u2713 Processed Trend_SUB_MAIN_33KV_CELL_03_M_FORWARD_ACTIVE_ENERGY_KWH.HST
2025-10-31 15:52:10,837 - INFO -   \u2713 Renamed 'Time' to 'Timestamp' in CSV
2025-10-31 15:52:26,084 - WARNING - Attempt 1 failed for D:\Acronis Backup\ipc backup\server  2\2023-04-26\TRENDDATA11\Trend_SUB_MAIN_33KV_CELL_03_M_FORWARD_ACTIVE_ENERGY_KWH.HST: 'Y:\\Trend_SUB_MAIN_33KV_CELL_03_M_FORWARD_ACTIVE_ENERGY_KWH.csv.gz' and 'Y:\\\\Trend_SUB_MAIN_33KV_CELL_03_M_FORWARD_ACTIVE_ENERGY_KWH.csv.gz' are the same file
2025-10-31 15:53:01,335 - INFO - \u2713 Processed Trend_SUB_MAIN_33KV_CELL_02_M_RESIDUAL_CURRENT_I0.HST
2025-10-31 15:53:05,960 - INFO - \u2713 Processed Trend_SUB_MAIN_33KV_CELL_02_M_RESIDUAL_VOLTAGE_V0.HST
2025-10-31 15:53:08,522 - INFO - \u2713 Processed Trend_SUB_MAIN_33KV_CELL_02_M_SEQUENCE_CURRENT_ZERO_AMP.HST
2025-10-31 15:53:11,257 - INFO - \u2713 Processed Trend_SUB_MAIN_33KV_CELL_02_M_TOTAL_REACTIVE_POWER_Q.HST
2025-10-31 15:53:14,476 - INFO - \u2713 Processed Trend_SUB_MAIN_33KV_CELL_02_M_SEQUENCE_CURRENT_NEG_AMP.HST
2025-10-31 15:53:23,648 - INFO - \u2713 Processed Trend_SUB_MAIN_33KV_CELL_02_M_TOTAL_APPARENT_POWER_S.HST
2025-10-31 15:53:23,710 - WARNING - Attempt 1 failed for D:\Acronis Backup\ipc backup\server  2\2023-04-26\TRENDDATA11\Trend_SUB_MAIN_33KV_CELL_02_M_RESIDUAL_VOLTAGE_V0.HST: Unable to allocate 2.00 MiB for an array with shape (262144,) and data type int64
2025-10-31 15:53:29,164 - WARNING - Attempt 1 failed for D:\Acronis Backup\ipc backup\server  2\2023-04-26\TRENDDATA11\Trend_SUB_MAIN_33KV_CELL_02_M_TOTAL_REACTIVE_POWER_Q.HST: 
2025-10-31 15:53:30,867 - INFO - \u2713 Processed Trend_SUB_MAIN_33KV_CELL_02_M_FREQUENCY.HST
2025-10-31 15:53:33,242 - INFO - \u2713 Processed Trend_SUB_MAIN_33KV_CELL_02_M_TOTAL_ACTIVE_POWER_P.HST
2025-10-31 15:53:35,632 - INFO - \u2713 Processed Trend_SUB_MAIN_33KV_CELL_01_M_PHASE_VOLTAGE_A.HST
2025-10-31 15:53:37,320 - INFO - \u2713 Processed Trend_SUB_MAIN_33KV_CELL_03_M_AVERAGE_POWER_FACTOR.HST
2025-10-31 15:53:42,555 - INFO - \u2713 Processed Trend_SUB_MAIN_33KV_CELL_02_M_SEQUENCE_CURRENT_POS_AMP.HST
2025-10-31 15:53:49,883 - INFO - \u2713 Processed Trend_SUB_MAIN_33KV_CELL_02_M_PHASE_CURRENT_B.HST
2025-10-31 15:53:57,727 - WARNING - Attempt 1 failed for D:\Acronis Backup\ipc backup\server  2\2023-04-26\TRENDDATA11\Trend_SUB_MAIN_33KV_CELL_02_M_SEQUENCE_CURRENT_POS_AMP.HST: Unable to allocate 2.00 MiB for an array with shape (262144,) and data type int64
2025-10-31 15:54:00,602 - WARNING - Attempt 2 failed for D:\Acronis Backup\ipc backup\server  2\2023-04-26\TRENDDATA11\Trend_SUB_MAIN_33KV_CELL_02_M_PHASE_CURRENT_B.HST: Unable to allocate 2.00 MiB for an array with shape (262144,) and data type int64
2025-10-31 15:54:06,180 - INFO - \u2713 Processed Trend_SUB_MAIN_33KV_CELL_03_M_FORWARD_ACTIVE_ENERGY_KWH.HST
2025-10-31 15:54:08,383 - INFO - \u2713 Processed Trend_SUB_MAIN_33KV_CELL_01_M_PHASE_VOLTAGE_B.HST
2025-10-31 15:54:09,555 - INFO - \u2713 Processed Trend_SUB_MAIN_33KV_CELL_01_M_PHASE_VOLTAGE_C.HST
2025-10-31 15:54:16,680 - INFO - \u2713 Processed Trend_SUB_MAIN_33KV_CELL_03_M_CURRENT_DEMAND_A_AMP.HST
2025-10-31 15:54:18,759 - INFO - \u2713 Processed Trend_SUB_MAIN_33KV_CELL_02_M_CURRENT_DEMAND_B_AMP.HST
2025-10-31 15:54:39,650 - INFO - \u2713 Processed Trend_SUB_MAIN_33KV_CELL_03_M_CURRENT_DEMAND_C_AMP.HST
2025-10-31 15:54:58,494 - WARNING - Attempt 1 failed for D:\Acronis Backup\ipc backup\server  2\2023-04-26\TRENDDATA11\Trend_SUB_MAIN_33KV_CELL_03_M_CURRENT_DEMAND_C_AMP.HST: Unable to allocate 2.00 MiB for an array with shape (262144,) and data type int64
2025-10-31 15:58:16,390 - INFO - \u2713 Processed Trend_SUB_MAIN_33KV_CELL_02_M_TOTAL_REACTIVE_POWER_Q.HST
2025-10-31 15:58:31,500 - INFO - \u2713 Processed Trend_SUB_MAIN_33KV_CELL_02_M_RESIDUAL_VOLTAGE_V0.HST
2025-10-31 15:58:37,453 - WARNING - Attempt 2 failed for D:\Acronis Backup\ipc backup\server  2\2023-04-26\TRENDDATA11\Trend_SUB_MAIN_33KV_CELL_02_M_TOTAL_REACTIVE_POWER_Q.HST: Unable to allocate 120. MiB for an array with shape (15724717,) and data type object
2025-10-31 15:58:39,141 - INFO - \u2713 Processed Trend_SUB_MAIN_33KV_CELL_03_M_FREQUENCY.HST
2025-10-31 15:58:43,625 - INFO - \u2713 Processed Trend_SUB_MAIN_33KV_CELL_03_M_PHASE_CURRENT_C.HST
2025-10-31 15:58:46,954 - INFO - \u2713 Processed Trend_SUB_MAIN_33KV_CELL_02_M_SEQUENCE_CURRENT_POS_AMP.HST
2025-10-31 15:58:47,657 - INFO - \u2713 Processed Trend_SUB_MAIN_33KV_CELL_03_M_PHASE_CURRENT_A.HST
2025-10-31 15:58:48,657 - INFO - \u2713 Processed Trend_SUB_MAIN_33KV_CELL_02_M_PHASE_CURRENT_B.HST
2025-10-31 15:59:03,251 - INFO - \u2713 Processed Trend_SUB_MAIN_33KV_CELL_03_M_PHASE_CURRENT_B.HST
2025-10-31 15:59:03,298 - INFO - \u2713 Processed Trend_SUB_MAIN_33KV_CELL_03_M_FORWARD_ACTIVE_ENERGY_MWH.HST
2025-10-31 15:59:08,798 - WARNING - Attempt 2 failed for D:\Acronis Backup\ipc backup\server  2\2023-04-26\TRENDDATA11\Trend_SUB_MAIN_33KV_CELL_02_M_RESIDUAL_VOLTAGE_V0.HST: Unable to allocate 6.10 MiB for an array with shape (1, 50000) and data type <U32
2025-10-31 15:59:09,423 - WARNING - Attempt 1 failed for D:\Acronis Backup\ipc backup\server  2\2023-04-26\TRENDDATA11\Trend_SUB_MAIN_33KV_CELL_03_M_PHASE_CURRENT_B.HST: Unable to allocate 2.00 MiB for an array with shape (262144,) and data type int64
2025-10-31 15:59:09,876 - WARNING - Attempt 1 failed for D:\Acronis Backup\ipc backup\server  2\2023-04-26\TRENDDATA11\Trend_SUB_MAIN_33KV_CELL_03_M_FORWARD_ACTIVE_ENERGY_MWH.HST: Unable to allocate 2.00 MiB for an array with shape (262144,) and data type int64
2025-10-31 15:59:10,407 - WARNING - Attempt 1 failed for D:\Acronis Backup\ipc backup\server  2\2023-04-26\TRENDDATA11\Trend_SUB_MAIN_33KV_CELL_03_M_FREQUENCY.HST: Unable to allocate 120. MiB for an array with shape (15724717,) and data type object
2025-10-31 15:59:10,501 - WARNING - Attempt 1 failed for D:\Acronis Backup\ipc backup\server  2\2023-04-26\TRENDDATA11\Trend_SUB_MAIN_33KV_CELL_03_M_PHASE_CURRENT_C.HST: Unable to allocate 2.00 MiB for an array with shape (262144,) and data type int64
2025-10-31 15:59:15,657 - INFO - \u2713 Processed Trend_SUB_MAIN_33KV_CELL_03_M_PHASE_VOLTAGE_AB.HST
2025-10-31 15:59:23,501 - INFO - \u2713 Processed Trend_SUB_MAIN_33KV_CELL_03_M_PHASE_VOLTAGE_A.HST
2025-10-31 15:59:32,142 - WARNING - Attempt 1 failed for D:\Acronis Backup\ipc backup\server  2\2023-04-26\TRENDDATA11\Trend_SUB_MAIN_33KV_CELL_03_M_PHASE_VOLTAGE_A.HST: Unable to allocate 2.00 MiB for an array with shape (262144,) and data type int64
2025-10-31 15:59:49,870 - INFO - \u2713 Processed Trend_SUB_MAIN_33KV_CELL_03_M_PHASE_VOLTAGE_B.HST
2025-10-31 16:00:07,714 - INFO - \u2713 Processed Trend_SUB_MAIN_33KV_CELL_03_M_CURRENT_DEMAND_C_AMP.HST
2025-10-31 16:45:03,476 - INFO - \U0001f680 Starting HST to CSV on VM #1 (saves compressed to VM #2 shared)
2025-10-31 16:45:24,883 - INFO - 
Processing folder: D:\Acronis Backup\ipc backup\server  2\2023-04-26\TRENDDATA11
2025-10-31 16:45:25,242 - INFO - \U0001f4cb Found 155 HST files
2025-10-31 16:45:25,242 - INFO - 
Parallel processing batch 1 (60 files)...
2025-10-31 16:55:06,230 - INFO - \u2713 Processed Trend_SUB_MAIN_33KV_CELL_01_M_SEQUENCE_VOLTAGE_NEG_AMP.HST
2025-10-31 16:55:08,262 - INFO - \u2713 Processed Trend_SUB_MAIN_33KV_CELL_01_M_PHASE_VOLTAGE_B.HST
2025-10-31 16:55:09,340 - INFO - \u2713 Processed Trend_SUB_MAIN_33KV_CELL_01_M_PHASE_VOLTAGE_CA.HST
2025-10-31 16:55:09,434 - INFO - \u2713 Processed Trend_SUB_MAIN_33KV_CELL_01_M_FREQUENCY.HST
2025-10-31 16:55:09,981 - INFO - \u2713 Processed Trend_SUB_MAIN_33KV_CELL_01_M_PHASE_VOLTAGE_BC.HST
2025-10-31 16:55:10,981 - INFO - \u2713 Processed Trend_SUB_MAIN_33KV_CELL_01_M_PHASE_VOLTAGE_AB.HST
2025-10-31 16:55:11,668 - INFO - \u2713 Processed Trend_SUB_MAIN_33KV_CELL_01_M_SEQUENCE_VOLTAGE_POS_AMP.HST
2025-10-31 16:55:11,777 - INFO - \u2713 Processed Trend_SUB_MAIN_33KV_CELL_01_M_PHASE_VOLTAGE_C.HST
2025-10-31 16:55:23,215 - INFO - \u2713 Processed Trend_SUB_MAIN_33KV_CELL_01_M_RESIDUAL_VOLTAGE_1.HST
2025-10-31 16:57:25,486 - INFO - \u2713 Processed Trend_SUB_MAIN_33KV_CELL_01_M_PHASE_VOLTAGE_A.HST
2025-10-31 16:58:03,034 - INFO -   \u2713 Renamed 'Time' to 'Timestamp' in CSV
2025-10-31 16:58:11,300 - INFO -   \u2713 Renamed 'Time' to 'Timestamp' in CSV
2025-10-31 16:58:12,347 - INFO -   \u2713 Renamed 'Time' to 'Timestamp' in CSV
2025-10-31 16:58:16,941 - INFO -   \u2713 Renamed 'Time' to 'Timestamp' in CSV
2025-10-31 16:58:21,816 - INFO -   \u2713 Renamed 'Time' to 'Timestamp' in CSV
2025-10-31 16:58:24,660 - INFO -   \u2713 Renamed 'Time' to 'Timestamp' in CSV
2025-10-31 16:58:26,504 - INFO -   \u2713 Renamed 'Time' to 'Timestamp' in CSV
2025-10-31 16:58:28,863 - WARNING - Attempt 1 failed for D:\Acronis Backup\ipc backup\server  2\2023-04-26\TRENDDATA11\Trend_SUB_MAIN_33KV_CELL_01_M_SEQUENCE_VOLTAGE_NEG_AMP.HST: 'Y:\\Trend_SUB_MAIN_33KV_CELL_01_M_SEQUENCE_VOLTAGE_NEG_AMP.csv.gz' and 'Y:\\\\Trend_SUB_MAIN_33KV_CELL_01_M_SEQUENCE_VOLTAGE_NEG_AMP.csv.gz' are the same file
2025-10-31 16:58:30,379 - INFO -   \u2713 Renamed 'Time' to 'Timestamp' in CSV
2025-10-31 16:58:43,238 - WARNING - Attempt 1 failed for D:\Acronis Backup\ipc backup\server  2\2023-04-26\TRENDDATA11\Trend_SUB_MAIN_33KV_CELL_01_M_PHASE_VOLTAGE_B.HST: 'Y:\\Trend_SUB_MAIN_33KV_CELL_01_M_PHASE_VOLTAGE_B.csv.gz' and 'Y:\\\\Trend_SUB_MAIN_33KV_CELL_01_M_PHASE_VOLTAGE_B.csv.gz' are the same file
2025-10-31 16:58:45,957 - WARNING - Attempt 1 failed for D:\Acronis Backup\ipc backup\server  2\2023-04-26\TRENDDATA11\Trend_SUB_MAIN_33KV_CELL_01_M_PHASE_VOLTAGE_BC.HST: 'Y:\\Trend_SUB_MAIN_33KV_CELL_01_M_PHASE_VOLTAGE_BC.csv.gz' and 'Y:\\\\Trend_SUB_MAIN_33KV_CELL_01_M_PHASE_VOLTAGE_BC.csv.gz' are the same file
2025-10-31 16:58:47,066 - WARNING - Attempt 1 failed for D:\Acronis Backup\ipc backup\server  2\2023-04-26\TRENDDATA11\Trend_SUB_MAIN_33KV_CELL_01_M_FREQUENCY.HST: 'Y:\\Trend_SUB_MAIN_33KV_CELL_01_M_FREQUENCY.csv.gz' and 'Y:\\\\Trend_SUB_MAIN_33KV_CELL_01_M_FREQUENCY.csv.gz' are the same file
2025-10-31 16:58:51,660 - INFO -   \u2713 Renamed 'Time' to 'Timestamp' in CSV
2025-10-31 16:58:54,692 - WARNING - Attempt 1 failed for D:\Acronis Backup\ipc backup\server  2\2023-04-26\TRENDDATA11\Trend_SUB_MAIN_33KV_CELL_01_M_RESIDUAL_VOLTAGE_1.HST: 'Y:\\Trend_SUB_MAIN_33KV_CELL_01_M_RESIDUAL_VOLTAGE_1.csv.gz' and 'Y:\\\\Trend_SUB_MAIN_33KV_CELL_01_M_RESIDUAL_VOLTAGE_1.csv.gz' are the same file
2025-10-31 16:58:55,660 - WARNING - Attempt 1 failed for D:\Acronis Backup\ipc backup\server  2\2023-04-26\TRENDDATA11\Trend_SUB_MAIN_33KV_CELL_01_M_PHASE_VOLTAGE_AB.HST: 'Y:\\Trend_SUB_MAIN_33KV_CELL_01_M_PHASE_VOLTAGE_AB.csv.gz' and 'Y:\\\\Trend_SUB_MAIN_33KV_CELL_01_M_PHASE_VOLTAGE_AB.csv.gz' are the same file
2025-10-31 16:58:57,160 - WARNING - Attempt 1 failed for D:\Acronis Backup\ipc backup\server  2\2023-04-26\TRENDDATA11\Trend_SUB_MAIN_33KV_CELL_01_M_SEQUENCE_VOLTAGE_POS_AMP.HST: 'Y:\\Trend_SUB_MAIN_33KV_CELL_01_M_SEQUENCE_VOLTAGE_POS_AMP.csv.gz' and 'Y:\\\\Trend_SUB_MAIN_33KV_CELL_01_M_SEQUENCE_VOLTAGE_POS_AMP.csv.gz' are the same file
2025-10-31 16:59:00,379 - WARNING - Attempt 1 failed for D:\Acronis Backup\ipc backup\server  2\2023-04-26\TRENDDATA11\Trend_SUB_MAIN_33KV_CELL_01_M_PHASE_VOLTAGE_C.HST: 'Y:\\Trend_SUB_MAIN_33KV_CELL_01_M_PHASE_VOLTAGE_C.csv.gz' and 'Y:\\\\Trend_SUB_MAIN_33KV_CELL_01_M_PHASE_VOLTAGE_C.csv.gz' are the same file
2025-10-31 16:59:20,973 - WARNING - Attempt 1 failed for D:\Acronis Backup\ipc backup\server  2\2023-04-26\TRENDDATA11\Trend_SUB_MAIN_33KV_CELL_01_M_PHASE_VOLTAGE_CA.HST: 'Y:\\Trend_SUB_MAIN_33KV_CELL_01_M_PHASE_VOLTAGE_CA.csv.gz' and 'Y:\\\\Trend_SUB_MAIN_33KV_CELL_01_M_PHASE_VOLTAGE_CA.csv.gz' are the same file
2025-10-31 16:59:59,818 - INFO -   \u2713 Renamed 'Time' to 'Timestamp' in CSV
2025-10-31 17:00:19,038 - WARNING - Attempt 1 failed for D:\Acronis Backup\ipc backup\server  2\2023-04-26\TRENDDATA11\Trend_SUB_MAIN_33KV_CELL_01_M_PHASE_VOLTAGE_A.HST: 'Y:\\Trend_SUB_MAIN_33KV_CELL_01_M_PHASE_VOLTAGE_A.csv.gz' and 'Y:\\\\Trend_SUB_MAIN_33KV_CELL_01_M_PHASE_VOLTAGE_A.csv.gz' are the same file
2025-10-31 17:02:34,666 - INFO - \u2713 Processed Trend_SUB_MAIN_33KV_CELL_01_M_SEQUENCE_VOLTAGE_NEG_AMP.HST
2025-10-31 17:02:52,698 - INFO - \u2713 Processed Trend_SUB_MAIN_33KV_CELL_01_M_RESIDUAL_VOLTAGE_1.HST
2025-10-31 17:02:57,870 - INFO - \u2713 Processed Trend_SUB_MAIN_33KV_CELL_01_M_FREQUENCY.HST
2025-10-31 17:02:59,776 - INFO - \u2713 Processed Trend_SUB_MAIN_33KV_CELL_01_M_PHASE_VOLTAGE_B.HST
2025-10-31 17:03:10,167 - INFO - \u2713 Processed Trend_SUB_MAIN_33KV_CELL_01_M_PHASE_VOLTAGE_BC.HST
2025-10-31 17:03:14,261 - INFO - \u2713 Processed Trend_SUB_MAIN_33KV_CELL_01_M_SEQUENCE_VOLTAGE_POS_AMP.HST
2025-10-31 17:03:52,948 - INFO - \u2713 Processed Trend_SUB_MAIN_33KV_CELL_01_M_PHASE_VOLTAGE_C.HST
2025-10-31 17:04:13,027 - INFO - \u2713 Processed Trend_SUB_MAIN_33KV_CELL_01_M_PHASE_VOLTAGE_CA.HST
2025-10-31 17:04:37,152 - INFO - \u2713 Processed Trend_SUB_MAIN_33KV_CELL_01_M_PHASE_VOLTAGE_AB.HST
2025-10-31 17:05:09,402 - INFO - \u2713 Processed Trend_SUB_MAIN_33KV_CELL_01_M_PHASE_VOLTAGE_A.HST
2025-10-31 17:05:19,715 - INFO -   \u2713 Renamed 'Time' to 'Timestamp' in CSV
2025-10-31 17:05:35,746 - INFO -   \u2713 Renamed 'Time' to 'Timestamp' in CSV
2025-10-31 17:05:43,809 - WARNING - Attempt 2 failed for D:\Acronis Backup\ipc backup\server  2\2023-04-26\TRENDDATA11\Trend_SUB_MAIN_33KV_CELL_01_M_SEQUENCE_VOLTAGE_NEG_AMP.HST: 'Y:\\Trend_SUB_MAIN_33KV_CELL_01_M_SEQUENCE_VOLTAGE_NEG_AMP.csv.gz' and 'Y:\\\\Trend_SUB_MAIN_33KV_CELL_01_M_SEQUENCE_VOLTAGE_NEG_AMP.csv.gz' are the same file
2025-10-31 17:05:48,449 - INFO -   \u2713 Renamed 'Time' to 'Timestamp' in CSV
2025-10-31 17:05:55,168 - INFO -   \u2713 Renamed 'Time' to 'Timestamp' in CSV
2025-10-31 17:05:58,277 - WARNING - Attempt 2 failed for D:\Acronis Backup\ipc backup\server  2\2023-04-26\TRENDDATA11\Trend_SUB_MAIN_33KV_CELL_01_M_RESIDUAL_VOLTAGE_1.HST: 'Y:\\Trend_SUB_MAIN_33KV_CELL_01_M_RESIDUAL_VOLTAGE_1.csv.gz' and 'Y:\\\\Trend_SUB_MAIN_33KV_CELL_01_M_RESIDUAL_VOLTAGE_1.csv.gz' are the same file
2025-10-31 17:06:04,824 - INFO -   \u2713 Renamed 'Time' to 'Timestamp' in CSV
2025-10-31 17:06:06,871 - INFO -   \u2713 Renamed 'Time' to 'Timestamp' in CSV
2025-10-31 17:06:09,840 - WARNING - Attempt 2 failed for D:\Acronis Backup\ipc backup\server  2\2023-04-26\TRENDDATA11\Trend_SUB_MAIN_33KV_CELL_01_M_FREQUENCY.HST: 'Y:\\Trend_SUB_MAIN_33KV_CELL_01_M_FREQUENCY.csv.gz' and 'Y:\\\\Trend_SUB_MAIN_33KV_CELL_01_M_FREQUENCY.csv.gz' are the same file
2025-10-31 17:06:18,621 - INFO -   \u2713 Renamed 'Time' to 'Timestamp' in CSV
2025-10-31 17:06:19,871 - WARNING - Attempt 2 failed for D:\Acronis Backup\ipc backup\server  2\2023-04-26\TRENDDATA11\Trend_SUB_MAIN_33KV_CELL_01_M_PHASE_VOLTAGE_B.HST: 'Y:\\Trend_SUB_MAIN_33KV_CELL_01_M_PHASE_VOLTAGE_B.csv.gz' and 'Y:\\\\Trend_SUB_MAIN_33KV_CELL_01_M_PHASE_VOLTAGE_B.csv.gz' are the same file
2025-10-31 17:06:30,309 - WARNING - Attempt 2 failed for D:\Acronis Backup\ipc backup\server  2\2023-04-26\TRENDDATA11\Trend_SUB_MAIN_33KV_CELL_01_M_PHASE_VOLTAGE_BC.HST: 'Y:\\Trend_SUB_MAIN_33KV_CELL_01_M_PHASE_VOLTAGE_BC.csv.gz' and 'Y:\\\\Trend_SUB_MAIN_33KV_CELL_01_M_PHASE_VOLTAGE_BC.csv.gz' are the same file
2025-10-31 17:06:32,075 - WARNING - Attempt 2 failed for D:\Acronis Backup\ipc backup\server  2\2023-04-26\TRENDDATA11\Trend_SUB_MAIN_33KV_CELL_01_M_SEQUENCE_VOLTAGE_POS_AMP.HST: 'Y:\\Trend_SUB_MAIN_33KV_CELL_01_M_SEQUENCE_VOLTAGE_POS_AMP.csv.gz' and 'Y:\\\\Trend_SUB_MAIN_33KV_CELL_01_M_SEQUENCE_VOLTAGE_POS_AMP.csv.gz' are the same file
2025-10-31 17:06:40,575 - WARNING - Attempt 2 failed for D:\Acronis Backup\ipc backup\server  2\2023-04-26\TRENDDATA11\Trend_SUB_MAIN_33KV_CELL_01_M_PHASE_VOLTAGE_C.HST: 'Y:\\Trend_SUB_MAIN_33KV_CELL_01_M_PHASE_VOLTAGE_C.csv.gz' and 'Y:\\\\Trend_SUB_MAIN_33KV_CELL_01_M_PHASE_VOLTAGE_C.csv.gz' are the same file
2025-10-31 17:06:48,481 - INFO -   \u2713 Renamed 'Time' to 'Timestamp' in CSV
2025-10-31 17:07:04,903 - INFO -   \u2713 Renamed 'Time' to 'Timestamp' in CSV
2025-10-31 17:07:14,637 - WARNING - Attempt 2 failed for D:\Acronis Backup\ipc backup\server  2\2023-04-26\TRENDDATA11\Trend_SUB_MAIN_33KV_CELL_01_M_PHASE_VOLTAGE_CA.HST: 'Y:\\Trend_SUB_MAIN_33KV_CELL_01_M_PHASE_VOLTAGE_CA.csv.gz' and 'Y:\\\\Trend_SUB_MAIN_33KV_CELL_01_M_PHASE_VOLTAGE_CA.csv.gz' are the same file
2025-10-31 17:07:30,481 - WARNING - Attempt 2 failed for D:\Acronis Backup\ipc backup\server  2\2023-04-26\TRENDDATA11\Trend_SUB_MAIN_33KV_CELL_01_M_PHASE_VOLTAGE_AB.HST: 'Y:\\Trend_SUB_MAIN_33KV_CELL_01_M_PHASE_VOLTAGE_AB.csv.gz' and 'Y:\\\\Trend_SUB_MAIN_33KV_CELL_01_M_PHASE_VOLTAGE_AB.csv.gz' are the same file
2025-10-31 17:07:37,887 - INFO -   \u2713 Renamed 'Time' to 'Timestamp' in CSV
2025-10-31 17:07:58,965 - WARNING - Attempt 2 failed for D:\Acronis Backup\ipc backup\server  2\2023-04-26\TRENDDATA11\Trend_SUB_MAIN_33KV_CELL_01_M_PHASE_VOLTAGE_A.HST: 'Y:\\Trend_SUB_MAIN_33KV_CELL_01_M_PHASE_VOLTAGE_A.csv.gz' and 'Y:\\\\Trend_SUB_MAIN_33KV_CELL_01_M_PHASE_VOLTAGE_A.csv.gz' are the same file
2025-10-31 17:10:07,831 - INFO - \u2713 Processed Trend_SUB_MAIN_33KV_CELL_01_M_SEQUENCE_VOLTAGE_NEG_AMP.HST
2025-10-31 17:10:31,630 - INFO - \u2713 Processed Trend_SUB_MAIN_33KV_CELL_01_M_RESIDUAL_VOLTAGE_1.HST
2025-10-31 17:10:39,615 - INFO - \u2713 Processed Trend_SUB_MAIN_33KV_CELL_01_M_FREQUENCY.HST
2025-10-31 17:11:03,118 - INFO - \u2713 Processed Trend_SUB_MAIN_33KV_CELL_01_M_PHASE_VOLTAGE_B.HST
2025-10-31 17:11:08,165 - INFO - \u2713 Processed Trend_SUB_MAIN_33KV_CELL_01_M_SEQUENCE_VOLTAGE_POS_AMP.HST
2025-10-31 17:11:10,618 - INFO - \u2713 Processed Trend_SUB_MAIN_33KV_CELL_01_M_PHASE_VOLTAGE_BC.HST
2025-10-31 17:11:50,027 - INFO - \u2713 Processed Trend_SUB_MAIN_33KV_CELL_01_M_PHASE_VOLTAGE_C.HST
2025-10-31 17:11:58,887 - INFO - \u2713 Processed Trend_SUB_MAIN_33KV_CELL_01_M_PHASE_VOLTAGE_CA.HST
2025-10-31 17:12:09,716 - INFO - \u2713 Processed Trend_SUB_MAIN_33KV_CELL_01_M_PHASE_VOLTAGE_AB.HST
2025-10-31 17:12:31,857 - INFO -   \u2713 Renamed 'Time' to 'Timestamp' in CSV
2025-10-31 17:12:45,764 - INFO -   \u2713 Renamed 'Time' to 'Timestamp' in CSV
2025-10-31 17:12:52,531 - WARNING - Attempt 3 failed for D:\Acronis Backup\ipc backup\server  2\2023-04-26\TRENDDATA11\Trend_SUB_MAIN_33KV_CELL_01_M_SEQUENCE_VOLTAGE_NEG_AMP.HST: 'Y:\\Trend_SUB_MAIN_33KV_CELL_01_M_SEQUENCE_VOLTAGE_NEG_AMP.csv.gz' and 'Y:\\\\Trend_SUB_MAIN_33KV_CELL_01_M_SEQUENCE_VOLTAGE_NEG_AMP.csv.gz' are the same file
2025-10-31 17:12:52,531 - ERROR - \u2717 Failed Trend_SUB_MAIN_33KV_CELL_01_M_SEQUENCE_VOLTAGE_NEG_AMP.HST after 3 attempts
2025-10-31 17:12:59,108 - INFO - \u2713 Processed Trend_SUB_MAIN_33KV_CELL_01_M_PHASE_VOLTAGE_A.HST
2025-10-31 17:13:03,390 - INFO -   \u2713 Renamed 'Time' to 'Timestamp' in CSV
2025-10-31 17:13:09,234 - WARNING - Attempt 3 failed for D:\Acronis Backup\ipc backup\server  2\2023-04-26\TRENDDATA11\Trend_SUB_MAIN_33KV_CELL_01_M_RESIDUAL_VOLTAGE_1.HST: 'Y:\\Trend_SUB_MAIN_33KV_CELL_01_M_RESIDUAL_VOLTAGE_1.csv.gz' and 'Y:\\\\Trend_SUB_MAIN_33KV_CELL_01_M_RESIDUAL_VOLTAGE_1.csv.gz' are the same file
2025-10-31 17:13:09,234 - ERROR - \u2717 Failed Trend_SUB_MAIN_33KV_CELL_01_M_RESIDUAL_VOLTAGE_1.HST after 3 attempts
2025-10-31 17:13:22,094 - INFO -   \u2713 Renamed 'Time' to 'Timestamp' in CSV
2025-10-31 17:13:25,156 - WARNING - Attempt 3 failed for D:\Acronis Backup\ipc backup\server  2\2023-04-26\TRENDDATA11\Trend_SUB_MAIN_33KV_CELL_01_M_FREQUENCY.HST: 'Y:\\Trend_SUB_MAIN_33KV_CELL_01_M_FREQUENCY.csv.gz' and 'Y:\\\\Trend_SUB_MAIN_33KV_CELL_01_M_FREQUENCY.csv.gz' are the same file
2025-10-31 17:13:25,156 - ERROR - \u2717 Failed Trend_SUB_MAIN_33KV_CELL_01_M_FREQUENCY.HST after 3 attempts
2025-10-31 17:13:27,875 - INFO -   \u2713 Renamed 'Time' to 'Timestamp' in CSV
2025-10-31 17:13:30,938 - INFO -   \u2713 Renamed 'Time' to 'Timestamp' in CSV
2025-10-31 17:13:46,516 - WARNING - Attempt 3 failed for D:\Acronis Backup\ipc backup\server  2\2023-04-26\TRENDDATA11\Trend_SUB_MAIN_33KV_CELL_01_M_PHASE_VOLTAGE_B.HST: 'Y:\\Trend_SUB_MAIN_33KV_CELL_01_M_PHASE_VOLTAGE_B.csv.gz' and 'Y:\\\\Trend_SUB_MAIN_33KV_CELL_01_M_PHASE_VOLTAGE_B.csv.gz' are the same file
2025-10-31 17:13:46,516 - ERROR - \u2717 Failed Trend_SUB_MAIN_33KV_CELL_01_M_PHASE_VOLTAGE_B.HST after 3 attempts
2025-10-31 17:13:52,204 - WARNING - Attempt 3 failed for D:\Acronis Backup\ipc backup\server  2\2023-04-26\TRENDDATA11\Trend_SUB_MAIN_33KV_CELL_01_M_SEQUENCE_VOLTAGE_POS_AMP.HST: 'Y:\\Trend_SUB_MAIN_33KV_CELL_01_M_SEQUENCE_VOLTAGE_POS_AMP.csv.gz' and 'Y:\\\\Trend_SUB_MAIN_33KV_CELL_01_M_SEQUENCE_VOLTAGE_POS_AMP.csv.gz' are the same file
2025-10-31 17:13:52,204 - ERROR - \u2717 Failed Trend_SUB_MAIN_33KV_CELL_01_M_SEQUENCE_VOLTAGE_POS_AMP.HST after 3 attempts
2025-10-31 17:13:55,641 - WARNING - Attempt 3 failed for D:\Acronis Backup\ipc backup\server  2\2023-04-26\TRENDDATA11\Trend_SUB_MAIN_33KV_CELL_01_M_PHASE_VOLTAGE_BC.HST: 'Y:\\Trend_SUB_MAIN_33KV_CELL_01_M_PHASE_VOLTAGE_BC.csv.gz' and 'Y:\\\\Trend_SUB_MAIN_33KV_CELL_01_M_PHASE_VOLTAGE_BC.csv.gz' are the same file
2025-10-31 17:13:55,641 - ERROR - \u2717 Failed Trend_SUB_MAIN_33KV_CELL_01_M_PHASE_VOLTAGE_BC.HST after 3 attempts
2025-10-31 17:14:09,923 - INFO -   \u2713 Renamed 'Time' to 'Timestamp' in CSV
2025-10-31 17:14:27,408 - INFO -   \u2713 Renamed 'Time' to 'Timestamp' in CSV
2025-10-31 17:14:30,658 - INFO - \u2713 Processed Trend_SUB_MAIN_33KV_CELL_02_M_FORWARD_ACTIVE_ENERGY_KWH.HST
2025-10-31 17:14:30,736 - WARNING - Attempt 3 failed for D:\Acronis Backup\ipc backup\server  2\2023-04-26\TRENDDATA11\Trend_SUB_MAIN_33KV_CELL_01_M_PHASE_VOLTAGE_C.HST: 'Y:\\Trend_SUB_MAIN_33KV_CELL_01_M_PHASE_VOLTAGE_C.csv.gz' and 'Y:\\\\Trend_SUB_MAIN_33KV_CELL_01_M_PHASE_VOLTAGE_C.csv.gz' are the same file
2025-10-31 17:14:30,736 - ERROR - \u2717 Failed Trend_SUB_MAIN_33KV_CELL_01_M_PHASE_VOLTAGE_C.HST after 3 attempts
2025-10-31 17:14:32,064 - INFO -   \u2713 Renamed 'Time' to 'Timestamp' in CSV
2025-10-31 17:14:44,299 - INFO -   \u2713 Renamed 'Time' to 'Timestamp' in CSV
2025-10-31 17:14:46,424 - WARNING - Attempt 1 failed for D:\Acronis Backup\ipc backup\server  2\2023-04-26\TRENDDATA11\Trend_SUB_MAIN_33KV_CELL_02_M_FORWARD_ACTIVE_ENERGY_KWH.HST: 'Y:\\Trend_SUB_MAIN_33KV_CELL_02_M_FORWARD_ACTIVE_ENERGY_KWH.csv.gz' and 'Y:\\\\Trend_SUB_MAIN_33KV_CELL_02_M_FORWARD_ACTIVE_ENERGY_KWH.csv.gz' are the same file
2025-10-31 17:14:54,689 - WARNING - Attempt 3 failed for D:\Acronis Backup\ipc backup\server  2\2023-04-26\TRENDDATA11\Trend_SUB_MAIN_33KV_CELL_01_M_PHASE_VOLTAGE_CA.HST: 'Y:\\Trend_SUB_MAIN_33KV_CELL_01_M_PHASE_VOLTAGE_CA.csv.gz' and 'Y:\\\\Trend_SUB_MAIN_33KV_CELL_01_M_PHASE_VOLTAGE_CA.csv.gz' are the same file
2025-10-31 17:14:54,689 - ERROR - \u2717 Failed Trend_SUB_MAIN_33KV_CELL_01_M_PHASE_VOLTAGE_CA.HST after 3 attempts
2025-10-31 17:14:57,627 - WARNING - Attempt 3 failed for D:\Acronis Backup\ipc backup\server  2\2023-04-26\TRENDDATA11\Trend_SUB_MAIN_33KV_CELL_01_M_PHASE_VOLTAGE_AB.HST: 'Y:\\Trend_SUB_MAIN_33KV_CELL_01_M_PHASE_VOLTAGE_AB.csv.gz' and 'Y:\\\\Trend_SUB_MAIN_33KV_CELL_01_M_PHASE_VOLTAGE_AB.csv.gz' are the same file
2025-10-31 17:14:57,627 - ERROR - \u2717 Failed Trend_SUB_MAIN_33KV_CELL_01_M_PHASE_VOLTAGE_AB.HST after 3 attempts
2025-10-31 17:15:17,096 - INFO -   \u2713 Renamed 'Time' to 'Timestamp' in CSV
2025-10-31 17:15:18,799 - INFO - \u2713 Processed Trend_SUB_MAIN_33KV_CELL_02_M_FORWARD_ACTIVE_ENERGY_KWH.HST
2025-10-31 17:15:29,221 - INFO -   \u2713 Renamed 'Time' to 'Timestamp' in CSV
2025-10-31 17:15:31,393 - WARNING - Attempt 2 failed for D:\Acronis Backup\ipc backup\server  2\2023-04-26\TRENDDATA11\Trend_SUB_MAIN_33KV_CELL_02_M_FORWARD_ACTIVE_ENERGY_KWH.HST: 'Y:\\Trend_SUB_MAIN_33KV_CELL_02_M_FORWARD_ACTIVE_ENERGY_KWH.csv.gz' and 'Y:\\\\Trend_SUB_MAIN_33KV_CELL_02_M_FORWARD_ACTIVE_ENERGY_KWH.csv.gz' are the same file
2025-10-31 17:15:36,299 - WARNING - Attempt 3 failed for D:\Acronis Backup\ipc backup\server  2\2023-04-26\TRENDDATA11\Trend_SUB_MAIN_33KV_CELL_01_M_PHASE_VOLTAGE_A.HST: 'Y:\\Trend_SUB_MAIN_33KV_CELL_01_M_PHASE_VOLTAGE_A.csv.gz' and 'Y:\\\\Trend_SUB_MAIN_33KV_CELL_01_M_PHASE_VOLTAGE_A.csv.gz' are the same file
2025-10-31 17:15:36,299 - ERROR - \u2717 Failed Trend_SUB_MAIN_33KV_CELL_01_M_PHASE_VOLTAGE_A.HST after 3 attempts
2025-10-31 17:16:02,222 - INFO - \u2713 Processed Trend_SUB_MAIN_33KV_CELL_02_M_FORWARD_ACTIVE_ENERGY_KWH.HST
2025-10-31 17:16:11,003 - INFO -   \u2713 Renamed 'Time' to 'Timestamp' in CSV
2025-10-31 17:16:13,222 - WARNING - Attempt 3 failed for D:\Acronis Backup\ipc backup\server  2\2023-04-26\TRENDDATA11\Trend_SUB_MAIN_33KV_CELL_02_M_FORWARD_ACTIVE_ENERGY_KWH.HST: 'Y:\\Trend_SUB_MAIN_33KV_CELL_02_M_FORWARD_ACTIVE_ENERGY_KWH.csv.gz' and 'Y:\\\\Trend_SUB_MAIN_33KV_CELL_02_M_FORWARD_ACTIVE_ENERGY_KWH.csv.gz' are the same file
2025-10-31 17:16:13,222 - ERROR - \u2717 Failed Trend_SUB_MAIN_33KV_CELL_02_M_FORWARD_ACTIVE_ENERGY_KWH.HST after 3 attempts
2025-10-31 17:17:17,178 - INFO - \u2713 Processed Trend_SUB_MAIN_33KV_CELL_01_M_SEQUENCE_VOLTAGE_ZERO_AMP.HST
2025-10-31 17:17:35,914 - INFO - \u2713 Processed Trend_SUB_MAIN_33KV_CELL_02_M_AVERAGE_POWER_FACTOR.HST
2025-10-31 17:18:08,151 - INFO - \u2713 Processed Trend_SUB_MAIN_33KV_CELL_02_M_CURRENT_DEMAND_A_AMP.HST
2025-10-31 17:18:29,121 - INFO - \u2713 Processed Trend_SUB_MAIN_33KV_CELL_02_M_CURRENT_DEMAND_B_AMP.HST
2025-10-31 17:18:31,902 - INFO - \u2713 Processed Trend_SUB_MAIN_33KV_CELL_02_M_CURRENT_DEMAND_C_AMP.HST
2025-10-31 17:18:52,966 - INFO - \u2713 Processed Trend_SUB_MAIN_33KV_CELL_02_M_FORWARD_ACTIVE_ENERGY_MWH.HST
2025-10-31 17:19:24,936 - INFO -   \u2713 Renamed 'Time' to 'Timestamp' in CSV
2025-10-31 17:19:40,967 - INFO -   \u2713 Renamed 'Time' to 'Timestamp' in CSV
2025-10-31 17:19:44,249 - WARNING - Attempt 1 failed for D:\Acronis Backup\ipc backup\server  2\2023-04-26\TRENDDATA11\Trend_SUB_MAIN_33KV_CELL_01_M_SEQUENCE_VOLTAGE_ZERO_AMP.HST: 'Y:\\Trend_SUB_MAIN_33KV_CELL_01_M_SEQUENCE_VOLTAGE_ZERO_AMP.csv.gz' and 'Y:\\\\Trend_SUB_MAIN_33KV_CELL_01_M_SEQUENCE_VOLTAGE_ZERO_AMP.csv.gz' are the same file
2025-10-31 17:19:49,827 - INFO - \u2713 Processed Trend_SUB_MAIN_33KV_CELL_02_M_PHASE_CURRENT_A.HST
2025-10-31 17:20:00,937 - INFO - \u2713 Processed Trend_SUB_MAIN_33KV_CELL_02_M_FREQUENCY.HST
2025-10-31 17:20:03,093 - WARNING - Attempt 1 failed for D:\Acronis Backup\ipc backup\server  2\2023-04-26\TRENDDATA11\Trend_SUB_MAIN_33KV_CELL_02_M_AVERAGE_POWER_FACTOR.HST: 'Y:\\Trend_SUB_MAIN_33KV_CELL_02_M_AVERAGE_POWER_FACTOR.csv.gz' and 'Y:\\\\Trend_SUB_MAIN_33KV_CELL_02_M_AVERAGE_POWER_FACTOR.csv.gz' are the same file
2025-10-31 17:20:28,969 - INFO -   \u2713 Renamed 'Time' to 'Timestamp' in CSV
2025-10-31 17:20:32,094 - INFO - \u2713 Processed Trend_SUB_MAIN_33KV_CELL_02_M_PHASE_CURRENT_B.HST
2025-10-31 17:20:45,407 - INFO -   \u2713 Renamed 'Time' to 'Timestamp' in CSV
2025-10-31 17:20:48,735 - INFO -   \u2713 Renamed 'Time' to 'Timestamp' in CSV
2025-10-31 17:20:53,969 - WARNING - Attempt 1 failed for D:\Acronis Backup\ipc backup\server  2\2023-04-26\TRENDDATA11\Trend_SUB_MAIN_33KV_CELL_02_M_CURRENT_DEMAND_A_AMP.HST: 'Y:\\Trend_SUB_MAIN_33KV_CELL_02_M_CURRENT_DEMAND_A_AMP.csv.gz' and 'Y:\\\\Trend_SUB_MAIN_33KV_CELL_02_M_CURRENT_DEMAND_A_AMP.csv.gz' are the same file
2025-10-31 17:21:04,470 - INFO -   \u2713 Renamed 'Time' to 'Timestamp' in CSV
2025-10-31 17:21:14,642 - WARNING - Attempt 1 failed for D:\Acronis Backup\ipc backup\server  2\2023-04-26\TRENDDATA11\Trend_SUB_MAIN_33KV_CELL_02_M_CURRENT_DEMAND_B_AMP.HST: 'Y:\\Trend_SUB_MAIN_33KV_CELL_02_M_CURRENT_DEMAND_B_AMP.csv.gz' and 'Y:\\\\Trend_SUB_MAIN_33KV_CELL_02_M_CURRENT_DEMAND_B_AMP.csv.gz' are the same file
2025-10-31 17:21:14,970 - WARNING - Attempt 1 failed for D:\Acronis Backup\ipc backup\server  2\2023-04-26\TRENDDATA11\Trend_SUB_MAIN_33KV_CELL_02_M_CURRENT_DEMAND_C_AMP.HST: 'Y:\\Trend_SUB_MAIN_33KV_CELL_02_M_CURRENT_DEMAND_C_AMP.csv.gz' and 'Y:\\\\Trend_SUB_MAIN_33KV_CELL_02_M_CURRENT_DEMAND_C_AMP.csv.gz' are the same file
2025-10-31 17:21:20,798 - INFO - \u2713 Processed Trend_SUB_MAIN_33KV_CELL_02_M_PHASE_CURRENT_C.HST
2025-10-31 17:21:26,407 - WARNING - Attempt 1 failed for D:\Acronis Backup\ipc backup\server  2\2023-04-26\TRENDDATA11\Trend_SUB_MAIN_33KV_CELL_02_M_FORWARD_ACTIVE_ENERGY_MWH.HST: 'Y:\\Trend_SUB_MAIN_33KV_CELL_02_M_FORWARD_ACTIVE_ENERGY_MWH.csv.gz' and 'Y:\\\\Trend_SUB_MAIN_33KV_CELL_02_M_FORWARD_ACTIVE_ENERGY_MWH.csv.gz' are the same file
2025-10-31 17:22:09,080 - INFO -   \u2713 Renamed 'Time' to 'Timestamp' in CSV
2025-10-31 17:22:25,565 - INFO -   \u2713 Renamed 'Time' to 'Timestamp' in CSV
2025-10-31 17:22:34,518 - WARNING - Attempt 1 failed for D:\Acronis Backup\ipc backup\server  2\2023-04-26\TRENDDATA11\Trend_SUB_MAIN_33KV_CELL_02_M_PHASE_CURRENT_A.HST: 'Y:\\Trend_SUB_MAIN_33KV_CELL_02_M_PHASE_CURRENT_A.csv.gz' and 'Y:\\\\Trend_SUB_MAIN_33KV_CELL_02_M_PHASE_CURRENT_A.csv.gz' are the same file
2025-10-31 17:22:49,455 - WARNING - Attempt 1 failed for D:\Acronis Backup\ipc backup\server  2\2023-04-26\TRENDDATA11\Trend_SUB_MAIN_33KV_CELL_02_M_FREQUENCY.HST: 'Y:\\Trend_SUB_MAIN_33KV_CELL_02_M_FREQUENCY.csv.gz' and 'Y:\\\\Trend_SUB_MAIN_33KV_CELL_02_M_FREQUENCY.csv.gz' are the same file
2025-10-31 17:22:54,362 - INFO -   \u2713 Renamed 'Time' to 'Timestamp' in CSV
2025-10-31 17:23:15,112 - WARNING - Attempt 1 failed for D:\Acronis Backup\ipc backup\server  2\2023-04-26\TRENDDATA11\Trend_SUB_MAIN_33KV_CELL_02_M_PHASE_CURRENT_B.HST: 'Y:\\Trend_SUB_MAIN_33KV_CELL_02_M_PHASE_CURRENT_B.csv.gz' and 'Y:\\\\Trend_SUB_MAIN_33KV_CELL_02_M_PHASE_CURRENT_B.csv.gz' are the same file
2025-10-31 17:23:32,909 - INFO -   \u2713 Renamed 'Time' to 'Timestamp' in CSV
2025-10-31 17:23:57,019 - WARNING - Attempt 1 failed for D:\Acronis Backup\ipc backup\server  2\2023-04-26\TRENDDATA11\Trend_SUB_MAIN_33KV_CELL_02_M_PHASE_CURRENT_C.HST: 'Y:\\Trend_SUB_MAIN_33KV_CELL_02_M_PHASE_CURRENT_C.csv.gz' and 'Y:\\\\Trend_SUB_MAIN_33KV_CELL_02_M_PHASE_CURRENT_C.csv.gz' are the same file
2025-10-31 17:24:22,394 - INFO - \u2713 Processed Trend_SUB_MAIN_33KV_CELL_01_M_SEQUENCE_VOLTAGE_ZERO_AMP.HST
2025-10-31 17:24:35,316 - INFO - \u2713 Processed Trend_SUB_MAIN_33KV_CELL_02_M_AVERAGE_POWER_FACTOR.HST
2025-10-31 17:25:37,847 - INFO - \u2713 Processed Trend_SUB_MAIN_33KV_CELL_02_M_CURRENT_DEMAND_A_AMP.HST
2025-10-31 17:25:46,707 - INFO - \u2713 Processed Trend_SUB_MAIN_33KV_CELL_02_M_FORWARD_ACTIVE_ENERGY_MWH.HST
2025-10-31 17:26:00,535 - INFO - \u2713 Processed Trend_SUB_MAIN_33KV_CELL_02_M_CURRENT_DEMAND_C_AMP.HST
2025-10-31 17:26:07,816 - INFO - \u2713 Processed Trend_SUB_MAIN_33KV_CELL_02_M_CURRENT_DEMAND_B_AMP.HST
2025-10-31 17:26:22,316 - INFO -   \u2713 Renamed 'Time' to 'Timestamp' in CSV
2025-10-31 17:26:42,644 - INFO -   \u2713 Renamed 'Time' to 'Timestamp' in CSV
2025-10-31 17:26:43,051 - WARNING - Attempt 2 failed for D:\Acronis Backup\ipc backup\server  2\2023-04-26\TRENDDATA11\Trend_SUB_MAIN_33KV_CELL_01_M_SEQUENCE_VOLTAGE_ZERO_AMP.HST: 'Y:\\Trend_SUB_MAIN_33KV_CELL_01_M_SEQUENCE_VOLTAGE_ZERO_AMP.csv.gz' and 'Y:\\\\Trend_SUB_MAIN_33KV_CELL_01_M_SEQUENCE_VOLTAGE_ZERO_AMP.csv.gz' are the same file
2025-10-31 17:27:02,598 - WARNING - Attempt 2 failed for D:\Acronis Backup\ipc backup\server  2\2023-04-26\TRENDDATA11\Trend_SUB_MAIN_33KV_CELL_02_M_AVERAGE_POWER_FACTOR.HST: 'Y:\\Trend_SUB_MAIN_33KV_CELL_02_M_AVERAGE_POWER_FACTOR.csv.gz' and 'Y:\\\\Trend_SUB_MAIN_33KV_CELL_02_M_AVERAGE_POWER_FACTOR.csv.gz' are the same file
2025-10-31 17:27:20,113 - INFO - \u2713 Processed Trend_SUB_MAIN_33KV_CELL_02_M_FREQUENCY.HST
2025-10-31 17:27:21,160 - INFO - \u2713 Processed Trend_SUB_MAIN_33KV_CELL_02_M_PHASE_CURRENT_A.HST
2025-10-31 17:27:49,895 - INFO -   \u2713 Renamed 'Time' to 'Timestamp' in CSV
2025-10-31 17:28:01,817 - INFO -   \u2713 Renamed 'Time' to 'Timestamp' in CSV
2025-10-31 17:28:02,520 - INFO - \u2713 Processed Trend_SUB_MAIN_33KV_CELL_02_M_PHASE_CURRENT_B.HST
2025-10-31 17:28:09,442 - WARNING - Attempt 2 failed for D:\Acronis Backup\ipc backup\server  2\2023-04-26\TRENDDATA11\Trend_SUB_MAIN_33KV_CELL_02_M_FORWARD_ACTIVE_ENERGY_MWH.HST: 'Y:\\Trend_SUB_MAIN_33KV_CELL_02_M_FORWARD_ACTIVE_ENERGY_MWH.csv.gz' and 'Y:\\\\Trend_SUB_MAIN_33KV_CELL_02_M_FORWARD_ACTIVE_ENERGY_MWH.csv.gz' are the same file
2025-10-31 17:28:17,426 - INFO -   \u2713 Renamed 'Time' to 'Timestamp' in CSV
2025-10-31 17:28:27,270 - WARNING - Attempt 2 failed for D:\Acronis Backup\ipc backup\server  2\2023-04-26\TRENDDATA11\Trend_SUB_MAIN_33KV_CELL_02_M_CURRENT_DEMAND_A_AMP.HST: 'Y:\\Trend_SUB_MAIN_33KV_CELL_02_M_CURRENT_DEMAND_A_AMP.csv.gz' and 'Y:\\\\Trend_SUB_MAIN_33KV_CELL_02_M_CURRENT_DEMAND_A_AMP.csv.gz' are the same file
2025-10-31 17:28:32,176 - INFO -   \u2713 Renamed 'Time' to 'Timestamp' in CSV
2025-10-31 17:28:42,426 - WARNING - Attempt 2 failed for D:\Acronis Backup\ipc backup\server  2\2023-04-26\TRENDDATA11\Trend_SUB_MAIN_33KV_CELL_02_M_CURRENT_DEMAND_C_AMP.HST: 'Y:\\Trend_SUB_MAIN_33KV_CELL_02_M_CURRENT_DEMAND_C_AMP.csv.gz' and 'Y:\\\\Trend_SUB_MAIN_33KV_CELL_02_M_CURRENT_DEMAND_C_AMP.csv.gz' are the same file
2025-10-31 17:28:53,926 - INFO - \u2713 Processed Trend_SUB_MAIN_33KV_CELL_02_M_PHASE_CURRENT_C.HST
2025-10-31 17:28:56,801 - WARNING - Attempt 2 failed for D:\Acronis Backup\ipc backup\server  2\2023-04-26\TRENDDATA11\Trend_SUB_MAIN_33KV_CELL_02_M_CURRENT_DEMAND_B_AMP.HST: 'Y:\\Trend_SUB_MAIN_33KV_CELL_02_M_CURRENT_DEMAND_B_AMP.csv.gz' and 'Y:\\\\Trend_SUB_MAIN_33KV_CELL_02_M_CURRENT_DEMAND_B_AMP.csv.gz' are the same file
2025-10-31 17:29:42,114 - INFO -   \u2713 Renamed 'Time' to 'Timestamp' in CSV
2025-10-31 17:29:42,208 - INFO -   \u2713 Renamed 'Time' to 'Timestamp' in CSV
2025-10-31 17:30:07,177 - WARNING - Attempt 2 failed for D:\Acronis Backup\ipc backup\server  2\2023-04-26\TRENDDATA11\Trend_SUB_MAIN_33KV_CELL_02_M_FREQUENCY.HST: 'Y:\\Trend_SUB_MAIN_33KV_CELL_02_M_FREQUENCY.csv.gz' and 'Y:\\\\Trend_SUB_MAIN_33KV_CELL_02_M_FREQUENCY.csv.gz' are the same file
2025-10-31 17:30:07,833 - WARNING - Attempt 2 failed for D:\Acronis Backup\ipc backup\server  2\2023-04-26\TRENDDATA11\Trend_SUB_MAIN_33KV_CELL_02_M_PHASE_CURRENT_A.HST: 'Y:\\Trend_SUB_MAIN_33KV_CELL_02_M_PHASE_CURRENT_A.csv.gz' and 'Y:\\\\Trend_SUB_MAIN_33KV_CELL_02_M_PHASE_CURRENT_A.csv.gz' are the same file
2025-10-31 17:30:19,286 - INFO -   \u2713 Renamed 'Time' to 'Timestamp' in CSV
2025-10-31 17:30:39,286 - WARNING - Attempt 2 failed for D:\Acronis Backup\ipc backup\server  2\2023-04-26\TRENDDATA11\Trend_SUB_MAIN_33KV_CELL_02_M_PHASE_CURRENT_B.HST: 'Y:\\Trend_SUB_MAIN_33KV_CELL_02_M_PHASE_CURRENT_B.csv.gz' and 'Y:\\\\Trend_SUB_MAIN_33KV_CELL_02_M_PHASE_CURRENT_B.csv.gz' are the same file
2025-10-31 17:31:06,442 - INFO -   \u2713 Renamed 'Time' to 'Timestamp' in CSV
2025-10-31 17:31:28,318 - WARNING - Attempt 2 failed for D:\Acronis Backup\ipc backup\server  2\2023-04-26\TRENDDATA11\Trend_SUB_MAIN_33KV_CELL_02_M_PHASE_CURRENT_C.HST: 'Y:\\Trend_SUB_MAIN_33KV_CELL_02_M_PHASE_CURRENT_C.csv.gz' and 'Y:\\\\Trend_SUB_MAIN_33KV_CELL_02_M_PHASE_CURRENT_C.csv.gz' are the same file
2025-10-31 17:31:33,411 - INFO - \u2713 Processed Trend_SUB_MAIN_33KV_CELL_01_M_SEQUENCE_VOLTAGE_ZERO_AMP.HST
2025-10-31 17:31:53,536 - INFO - \u2713 Processed Trend_SUB_MAIN_33KV_CELL_02_M_AVERAGE_POWER_FACTOR.HST
2025-10-31 17:32:39,568 - INFO - \u2713 Processed Trend_SUB_MAIN_33KV_CELL_02_M_FORWARD_ACTIVE_ENERGY_MWH.HST
2025-10-31 17:33:15,459 - INFO - \u2713 Processed Trend_SUB_MAIN_33KV_CELL_02_M_CURRENT_DEMAND_A_AMP.HST
2025-10-31 17:33:31,865 - INFO - \u2713 Processed Trend_SUB_MAIN_33KV_CELL_02_M_CURRENT_DEMAND_C_AMP.HST
2025-10-31 17:33:35,193 - INFO -   \u2713 Renamed 'Time' to 'Timestamp' in CSV
2025-10-31 17:33:51,115 - INFO - \u2713 Processed Trend_SUB_MAIN_33KV_CELL_02_M_CURRENT_DEMAND_B_AMP.HST
2025-10-31 17:33:57,428 - WARNING - Attempt 3 failed for D:\Acronis Backup\ipc backup\server  2\2023-04-26\TRENDDATA11\Trend_SUB_MAIN_33KV_CELL_01_M_SEQUENCE_VOLTAGE_ZERO_AMP.HST: 'Y:\\Trend_SUB_MAIN_33KV_CELL_01_M_SEQUENCE_VOLTAGE_ZERO_AMP.csv.gz' and 'Y:\\\\Trend_SUB_MAIN_33KV_CELL_01_M_SEQUENCE_VOLTAGE_ZERO_AMP.csv.gz' are the same file
2025-10-31 17:33:57,428 - ERROR - \u2717 Failed Trend_SUB_MAIN_33KV_CELL_01_M_SEQUENCE_VOLTAGE_ZERO_AMP.HST after 3 attempts
2025-10-31 17:33:59,099 - INFO -   \u2713 Renamed 'Time' to 'Timestamp' in CSV
2025-10-31 17:34:21,131 - WARNING - Attempt 3 failed for D:\Acronis Backup\ipc backup\server  2\2023-04-26\TRENDDATA11\Trend_SUB_MAIN_33KV_CELL_02_M_AVERAGE_POWER_FACTOR.HST: 'Y:\\Trend_SUB_MAIN_33KV_CELL_02_M_AVERAGE_POWER_FACTOR.csv.gz' and 'Y:\\\\Trend_SUB_MAIN_33KV_CELL_02_M_AVERAGE_POWER_FACTOR.csv.gz' are the same file
2025-10-31 17:34:21,131 - ERROR - \u2717 Failed Trend_SUB_MAIN_33KV_CELL_02_M_AVERAGE_POWER_FACTOR.HST after 3 attempts
2025-10-31 17:34:51,881 - INFO -   \u2713 Renamed 'Time' to 'Timestamp' in CSV
2025-10-31 17:34:56,537 - INFO - \u2713 Processed Trend_SUB_MAIN_33KV_CELL_02_M_FREQUENCY.HST
2025-10-31 17:35:10,709 - INFO - \u2713 Processed Trend_SUB_MAIN_33KV_CELL_02_M_PHASE_CURRENT_A.HST
2025-10-31 17:35:14,006 - WARNING - Attempt 3 failed for D:\Acronis Backup\ipc backup\server  2\2023-04-26\TRENDDATA11\Trend_SUB_MAIN_33KV_CELL_02_M_FORWARD_ACTIVE_ENERGY_MWH.HST: 'Y:\\Trend_SUB_MAIN_33KV_CELL_02_M_FORWARD_ACTIVE_ENERGY_MWH.csv.gz' and 'Y:\\\\Trend_SUB_MAIN_33KV_CELL_02_M_FORWARD_ACTIVE_ENERGY_MWH.csv.gz' are the same file
2025-10-31 17:35:14,006 - ERROR - \u2717 Failed Trend_SUB_MAIN_33KV_CELL_02_M_FORWARD_ACTIVE_ENERGY_MWH.HST after 3 attempts
2025-10-31 17:35:41,850 - INFO -   \u2713 Renamed 'Time' to 'Timestamp' in CSV
2025-10-31 17:35:43,600 - INFO - \u2713 Processed Trend_SUB_MAIN_33KV_CELL_02_M_PHASE_CURRENT_B.HST
2025-10-31 17:35:58,662 - INFO -   \u2713 Renamed 'Time' to 'Timestamp' in CSV
2025-10-31 17:36:07,600 - WARNING - Attempt 3 failed for D:\Acronis Backup\ipc backup\server  2\2023-04-26\TRENDDATA11\Trend_SUB_MAIN_33KV_CELL_02_M_CURRENT_DEMAND_A_AMP.HST: 'Y:\\Trend_SUB_MAIN_33KV_CELL_02_M_CURRENT_DEMAND_A_AMP.csv.gz' and 'Y:\\\\Trend_SUB_MAIN_33KV_CELL_02_M_CURRENT_DEMAND_A_AMP.csv.gz' are the same file
2025-10-31 17:36:07,600 - ERROR - \u2717 Failed Trend_SUB_MAIN_33KV_CELL_02_M_CURRENT_DEMAND_A_AMP.HST after 3 attempts
2025-10-31 17:36:17,975 - INFO -   \u2713 Renamed 'Time' to 'Timestamp' in CSV
2025-10-31 17:36:24,287 - WARNING - Attempt 3 failed for D:\Acronis Backup\ipc backup\server  2\2023-04-26\TRENDDATA11\Trend_SUB_MAIN_33KV_CELL_02_M_CURRENT_DEMAND_C_AMP.HST: 'Y:\\Trend_SUB_MAIN_33KV_CELL_02_M_CURRENT_DEMAND_C_AMP.csv.gz' and 'Y:\\\\Trend_SUB_MAIN_33KV_CELL_02_M_CURRENT_DEMAND_C_AMP.csv.gz' are the same file
2025-10-31 17:36:24,287 - ERROR - \u2717 Failed Trend_SUB_MAIN_33KV_CELL_02_M_CURRENT_DEMAND_C_AMP.HST after 3 attempts
2025-10-31 17:36:39,272 - INFO - \u2713 Processed Trend_SUB_MAIN_33KV_CELL_02_M_PHASE_CURRENT_C.HST
2025-10-31 17:36:40,741 - WARNING - Attempt 3 failed for D:\Acronis Backup\ipc backup\server  2\2023-04-26\TRENDDATA11\Trend_SUB_MAIN_33KV_CELL_02_M_CURRENT_DEMAND_B_AMP.HST: 'Y:\\Trend_SUB_MAIN_33KV_CELL_02_M_CURRENT_DEMAND_B_AMP.csv.gz' and 'Y:\\\\Trend_SUB_MAIN_33KV_CELL_02_M_CURRENT_DEMAND_B_AMP.csv.gz' are the same file
2025-10-31 17:36:40,741 - ERROR - \u2717 Failed Trend_SUB_MAIN_33KV_CELL_02_M_CURRENT_DEMAND_B_AMP.HST after 3 attempts
2025-10-31 17:37:14,772 - INFO -   \u2713 Renamed 'Time' to 'Timestamp' in CSV
2025-10-31 17:37:31,772 - INFO -   \u2713 Renamed 'Time' to 'Timestamp' in CSV
2025-10-31 17:37:39,303 - WARNING - Attempt 3 failed for D:\Acronis Backup\ipc backup\server  2\2023-04-26\TRENDDATA11\Trend_SUB_MAIN_33KV_CELL_02_M_FREQUENCY.HST: 'Y:\\Trend_SUB_MAIN_33KV_CELL_02_M_FREQUENCY.csv.gz' and 'Y:\\\\Trend_SUB_MAIN_33KV_CELL_02_M_FREQUENCY.csv.gz' are the same file
2025-10-31 17:37:39,303 - ERROR - \u2717 Failed Trend_SUB_MAIN_33KV_CELL_02_M_FREQUENCY.HST after 3 attempts
2025-10-31 17:37:57,850 - WARNING - Attempt 3 failed for D:\Acronis Backup\ipc backup\server  2\2023-04-26\TRENDDATA11\Trend_SUB_MAIN_33KV_CELL_02_M_PHASE_CURRENT_A.HST: 'Y:\\Trend_SUB_MAIN_33KV_CELL_02_M_PHASE_CURRENT_A.csv.gz' and 'Y:\\\\Trend_SUB_MAIN_33KV_CELL_02_M_PHASE_CURRENT_A.csv.gz' are the same file
2025-10-31 17:37:57,850 - ERROR - \u2717 Failed Trend_SUB_MAIN_33KV_CELL_02_M_PHASE_CURRENT_A.HST after 3 attempts
2025-10-31 17:38:01,647 - INFO -   \u2713 Renamed 'Time' to 'Timestamp' in CSV
2025-10-31 17:38:21,475 - WARNING - Attempt 3 failed for D:\Acronis Backup\ipc backup\server  2\2023-04-26\TRENDDATA11\Trend_SUB_MAIN_33KV_CELL_02_M_PHASE_CURRENT_B.HST: 'Y:\\Trend_SUB_MAIN_33KV_CELL_02_M_PHASE_CURRENT_B.csv.gz' and 'Y:\\\\Trend_SUB_MAIN_33KV_CELL_02_M_PHASE_CURRENT_B.csv.gz' are the same file
2025-10-31 17:38:21,475 - ERROR - \u2717 Failed Trend_SUB_MAIN_33KV_CELL_02_M_PHASE_CURRENT_B.HST after 3 attempts
2025-10-31 17:38:41,210 - INFO - \u2713 Processed Trend_SUB_MAIN_33KV_CELL_02_M_RESIDUAL_CURRENT_I0.HST
2025-10-31 17:38:49,241 - INFO -   \u2713 Renamed 'Time' to 'Timestamp' in CSV
2025-10-31 17:39:11,429 - INFO - \u2713 Processed Trend_SUB_MAIN_33KV_CELL_02_M_RESIDUAL_VOLTAGE_V0.HST
2025-10-31 17:39:12,913 - WARNING - Attempt 3 failed for D:\Acronis Backup\ipc backup\server  2\2023-04-26\TRENDDATA11\Trend_SUB_MAIN_33KV_CELL_02_M_PHASE_CURRENT_C.HST: 'Y:\\Trend_SUB_MAIN_33KV_CELL_02_M_PHASE_CURRENT_C.csv.gz' and 'Y:\\\\Trend_SUB_MAIN_33KV_CELL_02_M_PHASE_CURRENT_C.csv.gz' are the same file
2025-10-31 17:39:12,913 - ERROR - \u2717 Failed Trend_SUB_MAIN_33KV_CELL_02_M_PHASE_CURRENT_C.HST after 3 attempts
2025-10-31 17:40:28,663 - INFO - \u2713 Processed Trend_SUB_MAIN_33KV_CELL_02_M_SEQUENCE_CURRENT_NEG_AMP.HST
2025-10-31 17:40:36,507 - INFO -   \u2713 Renamed 'Time' to 'Timestamp' in CSV
2025-10-31 17:40:58,179 - WARNING - Attempt 1 failed for D:\Acronis Backup\ipc backup\server  2\2023-04-26\TRENDDATA11\Trend_SUB_MAIN_33KV_CELL_02_M_RESIDUAL_CURRENT_I0.HST: 'Y:\\Trend_SUB_MAIN_33KV_CELL_02_M_RESIDUAL_CURRENT_I0.csv.gz' and 'Y:\\\\Trend_SUB_MAIN_33KV_CELL_02_M_RESIDUAL_CURRENT_I0.csv.gz' are the same file
2025-10-31 17:41:05,851 - INFO -   \u2713 Renamed 'Time' to 'Timestamp' in CSV
2025-10-31 17:41:10,789 - INFO - \u2713 Processed Trend_SUB_MAIN_33KV_CELL_02_M_SEQUENCE_CURRENT_ZERO_AMP.HST
2025-10-31 17:41:16,929 - INFO - \u2713 Processed Trend_SUB_MAIN_33KV_CELL_02_M_SEQUENCE_CURRENT_POS_AMP.HST
2025-10-31 17:41:32,101 - WARNING - Attempt 1 failed for D:\Acronis Backup\ipc backup\server  2\2023-04-26\TRENDDATA11\Trend_SUB_MAIN_33KV_CELL_02_M_RESIDUAL_VOLTAGE_V0.HST: 'Y:\\Trend_SUB_MAIN_33KV_CELL_02_M_RESIDUAL_VOLTAGE_V0.csv.gz' and 'Y:\\\\Trend_SUB_MAIN_33KV_CELL_02_M_RESIDUAL_VOLTAGE_V0.csv.gz' are the same file
2025-10-31 17:41:32,929 - INFO - \u2713 Processed Trend_SUB_MAIN_33KV_CELL_02_M_TOTAL_ACTIVE_POWER_P.HST
2025-10-31 17:42:22,508 - INFO - \u2713 Processed Trend_SUB_MAIN_33KV_CELL_02_M_TOTAL_APPARENT_POWER_S.HST
2025-10-31 17:42:37,164 - INFO -   \u2713 Renamed 'Time' to 'Timestamp' in CSV
2025-10-31 17:42:41,430 - INFO - \u2713 Processed Trend_SUB_MAIN_33KV_CELL_02_M_TOTAL_REACTIVE_POWER_Q.HST
2025-10-31 17:43:02,602 - WARNING - Attempt 1 failed for D:\Acronis Backup\ipc backup\server  2\2023-04-26\TRENDDATA11\Trend_SUB_MAIN_33KV_CELL_02_M_SEQUENCE_CURRENT_NEG_AMP.HST: 'Y:\\Trend_SUB_MAIN_33KV_CELL_02_M_SEQUENCE_CURRENT_NEG_AMP.csv.gz' and 'Y:\\\\Trend_SUB_MAIN_33KV_CELL_02_M_SEQUENCE_CURRENT_NEG_AMP.csv.gz' are the same file
2025-10-31 17:43:15,211 - INFO -   \u2713 Renamed 'Time' to 'Timestamp' in CSV
2025-10-31 17:43:29,445 - INFO - \u2713 Processed Trend_SUB_MAIN_33KV_CELL_03_M_AVERAGE_POWER_FACTOR.HST
2025-10-31 17:43:29,977 - INFO -   \u2713 Renamed 'Time' to 'Timestamp' in CSV
2025-10-31 17:43:35,430 - INFO -   \u2713 Renamed 'Time' to 'Timestamp' in CSV
2025-10-31 17:43:39,383 - WARNING - Attempt 1 failed for D:\Acronis Backup\ipc backup\server  2\2023-04-26\TRENDDATA11\Trend_SUB_MAIN_33KV_CELL_02_M_SEQUENCE_CURRENT_ZERO_AMP.HST: 'Y:\\Trend_SUB_MAIN_33KV_CELL_02_M_SEQUENCE_CURRENT_ZERO_AMP.csv.gz' and 'Y:\\\\Trend_SUB_MAIN_33KV_CELL_02_M_SEQUENCE_CURRENT_ZERO_AMP.csv.gz' are the same file
2025-10-31 17:43:55,836 - WARNING - Attempt 1 failed for D:\Acronis Backup\ipc backup\server  2\2023-04-26\TRENDDATA11\Trend_SUB_MAIN_33KV_CELL_02_M_SEQUENCE_CURRENT_POS_AMP.HST: 'Y:\\Trend_SUB_MAIN_33KV_CELL_02_M_SEQUENCE_CURRENT_POS_AMP.csv.gz' and 'Y:\\\\Trend_SUB_MAIN_33KV_CELL_02_M_SEQUENCE_CURRENT_POS_AMP.csv.gz' are the same file
2025-10-31 17:43:58,930 - WARNING - Attempt 1 failed for D:\Acronis Backup\ipc backup\server  2\2023-04-26\TRENDDATA11\Trend_SUB_MAIN_33KV_CELL_02_M_TOTAL_ACTIVE_POWER_P.HST: 'Y:\\Trend_SUB_MAIN_33KV_CELL_02_M_TOTAL_ACTIVE_POWER_P.csv.gz' and 'Y:\\\\Trend_SUB_MAIN_33KV_CELL_02_M_TOTAL_ACTIVE_POWER_P.csv.gz' are the same file
2025-10-31 17:44:34,383 - INFO - \u2713 Processed Trend_SUB_MAIN_33KV_CELL_03_M_CURRENT_DEMAND_A_AMP.HST
2025-10-31 17:44:38,664 - INFO -   \u2713 Renamed 'Time' to 'Timestamp' in CSV
2025-10-31 17:44:56,243 - INFO -   \u2713 Renamed 'Time' to 'Timestamp' in CSV
2025-10-31 17:45:03,821 - WARNING - Attempt 1 failed for D:\Acronis Backup\ipc backup\server  2\2023-04-26\TRENDDATA11\Trend_SUB_MAIN_33KV_CELL_02_M_TOTAL_APPARENT_POWER_S.HST: 'Y:\\Trend_SUB_MAIN_33KV_CELL_02_M_TOTAL_APPARENT_POWER_S.csv.gz' and 'Y:\\\\Trend_SUB_MAIN_33KV_CELL_02_M_TOTAL_APPARENT_POWER_S.csv.gz' are the same file
2025-10-31 17:45:18,665 - WARNING - Attempt 1 failed for D:\Acronis Backup\ipc backup\server  2\2023-04-26\TRENDDATA11\Trend_SUB_MAIN_33KV_CELL_02_M_TOTAL_REACTIVE_POWER_Q.HST: 'Y:\\Trend_SUB_MAIN_33KV_CELL_02_M_TOTAL_REACTIVE_POWER_Q.csv.gz' and 'Y:\\\\Trend_SUB_MAIN_33KV_CELL_02_M_TOTAL_REACTIVE_POWER_Q.csv.gz' are the same file
2025-10-31 17:45:39,524 - INFO -   \u2713 Renamed 'Time' to 'Timestamp' in CSV
2025-10-31 17:45:58,024 - WARNING - Attempt 1 failed for D:\Acronis Backup\ipc backup\server  2\2023-04-26\TRENDDATA11\Trend_SUB_MAIN_33KV_CELL_03_M_AVERAGE_POWER_FACTOR.HST: 'Y:\\Trend_SUB_MAIN_33KV_CELL_03_M_AVERAGE_POWER_FACTOR.csv.gz' and 'Y:\\\\Trend_SUB_MAIN_33KV_CELL_03_M_AVERAGE_POWER_FACTOR.csv.gz' are the same file
2025-10-31 17:46:11,196 - INFO - \u2713 Processed Trend_SUB_MAIN_33KV_CELL_02_M_RESIDUAL_CURRENT_I0.HST
2025-10-31 17:46:36,790 - INFO - \u2713 Processed Trend_SUB_MAIN_33KV_CELL_02_M_RESIDUAL_VOLTAGE_V0.HST
2025-10-31 17:46:48,352 - INFO -   \u2713 Renamed 'Time' to 'Timestamp' in CSV
2025-10-31 17:47:14,415 - WARNING - Attempt 1 failed for D:\Acronis Backup\ipc backup\server  2\2023-04-26\TRENDDATA11\Trend_SUB_MAIN_33KV_CELL_03_M_CURRENT_DEMAND_A_AMP.HST: 'Y:\\Trend_SUB_MAIN_33KV_CELL_03_M_CURRENT_DEMAND_A_AMP.csv.gz' and 'Y:\\\\Trend_SUB_MAIN_33KV_CELL_03_M_CURRENT_DEMAND_A_AMP.csv.gz' are the same file
2025-10-31 17:47:53,321 - INFO - \u2713 Processed Trend_SUB_MAIN_33KV_CELL_02_M_SEQUENCE_CURRENT_NEG_AMP.HST
2025-10-31 17:48:17,759 - INFO -   \u2713 Renamed 'Time' to 'Timestamp' in CSV
2025-10-31 17:48:40,837 - INFO -   \u2713 Renamed 'Time' to 'Timestamp' in CSV
2025-10-31 17:48:41,103 - WARNING - Attempt 2 failed for D:\Acronis Backup\ipc backup\server  2\2023-04-26\TRENDDATA11\Trend_SUB_MAIN_33KV_CELL_02_M_RESIDUAL_CURRENT_I0.HST: 'Y:\\Trend_SUB_MAIN_33KV_CELL_02_M_RESIDUAL_CURRENT_I0.csv.gz' and 'Y:\\\\Trend_SUB_MAIN_33KV_CELL_02_M_RESIDUAL_CURRENT_I0.csv.gz' are the same file
2025-10-31 17:48:44,525 - INFO - \u2713 Processed Trend_SUB_MAIN_33KV_CELL_02_M_TOTAL_ACTIVE_POWER_P.HST
2025-10-31 17:49:01,212 - INFO - \u2713 Processed Trend_SUB_MAIN_33KV_CELL_02_M_SEQUENCE_CURRENT_ZERO_AMP.HST
2025-10-31 17:49:05,322 - WARNING - Attempt 2 failed for D:\Acronis Backup\ipc backup\server  2\2023-04-26\TRENDDATA11\Trend_SUB_MAIN_33KV_CELL_02_M_RESIDUAL_VOLTAGE_V0.HST: 'Y:\\Trend_SUB_MAIN_33KV_CELL_02_M_RESIDUAL_VOLTAGE_V0.csv.gz' and 'Y:\\\\Trend_SUB_MAIN_33KV_CELL_02_M_RESIDUAL_VOLTAGE_V0.csv.gz' are the same file
2025-10-31 17:49:17,978 - INFO - \u2713 Processed Trend_SUB_MAIN_33KV_CELL_02_M_SEQUENCE_CURRENT_POS_AMP.HST
2025-10-31 17:49:48,009 - INFO - \u2713 Processed Trend_SUB_MAIN_33KV_CELL_02_M_TOTAL_APPARENT_POWER_S.HST
2025-10-31 17:50:05,416 - INFO -   \u2713 Renamed 'Time' to 'Timestamp' in CSV
2025-10-31 17:50:18,900 - INFO - \u2713 Processed Trend_SUB_MAIN_33KV_CELL_02_M_TOTAL_REACTIVE_POWER_Q.HST
2025-10-31 17:50:26,869 - WARNING - Attempt 2 failed for D:\Acronis Backup\ipc backup\server  2\2023-04-26\TRENDDATA11\Trend_SUB_MAIN_33KV_CELL_02_M_SEQUENCE_CURRENT_NEG_AMP.HST: 'Y:\\Trend_SUB_MAIN_33KV_CELL_02_M_SEQUENCE_CURRENT_NEG_AMP.csv.gz' and 'Y:\\\\Trend_SUB_MAIN_33KV_CELL_02_M_SEQUENCE_CURRENT_NEG_AMP.csv.gz' are the same file
2025-10-31 17:50:56,807 - INFO -   \u2713 Renamed 'Time' to 'Timestamp' in CSV
2025-10-31 17:51:11,836 - INFO -   \u2713 Renamed 'Time' to 'Timestamp' in CSV
2025-10-31 17:51:16,242 - WARNING - Attempt 2 failed for D:\Acronis Backup\ipc backup\server  2\2023-04-26\TRENDDATA11\Trend_SUB_MAIN_33KV_CELL_02_M_TOTAL_ACTIVE_POWER_P.HST: 'Y:\\Trend_SUB_MAIN_33KV_CELL_02_M_TOTAL_ACTIVE_POWER_P.csv.gz' and 'Y:\\\\Trend_SUB_MAIN_33KV_CELL_02_M_TOTAL_ACTIVE_POWER_P.csv.gz' are the same file
2025-10-31 17:51:30,415 - INFO -   \u2713 Renamed 'Time' to 'Timestamp' in CSV
2025-10-31 17:51:35,618 - INFO - \u2713 Processed Trend_SUB_MAIN_33KV_CELL_03_M_AVERAGE_POWER_FACTOR.HST
2025-10-31 17:51:59,743 - WARNING - Attempt 2 failed for D:\Acronis Backup\ipc backup\server  2\2023-04-26\TRENDDATA11\Trend_SUB_MAIN_33KV_CELL_02_M_SEQUENCE_CURRENT_ZERO_AMP.HST: 'Y:\\Trend_SUB_MAIN_33KV_CELL_02_M_SEQUENCE_CURRENT_ZERO_AMP.csv.gz' and 'Y:\\\\Trend_SUB_MAIN_33KV_CELL_02_M_SEQUENCE_CURRENT_ZERO_AMP.csv.gz' are the same file
2025-10-31 17:51:59,993 - WARNING - Attempt 2 failed for D:\Acronis Backup\ipc backup\server  2\2023-04-26\TRENDDATA11\Trend_SUB_MAIN_33KV_CELL_02_M_SEQUENCE_CURRENT_POS_AMP.HST: 'Y:\\Trend_SUB_MAIN_33KV_CELL_02_M_SEQUENCE_CURRENT_POS_AMP.csv.gz' and 'Y:\\\\Trend_SUB_MAIN_33KV_CELL_02_M_SEQUENCE_CURRENT_POS_AMP.csv.gz' are the same file
2025-10-31 17:52:00,462 - INFO -   \u2713 Renamed 'Time' to 'Timestamp' in CSV
2025-10-31 17:52:24,087 - WARNING - Attempt 2 failed for D:\Acronis Backup\ipc backup\server  2\2023-04-26\TRENDDATA11\Trend_SUB_MAIN_33KV_CELL_02_M_TOTAL_APPARENT_POWER_S.HST: 'Y:\\Trend_SUB_MAIN_33KV_CELL_02_M_TOTAL_APPARENT_POWER_S.csv.gz' and 'Y:\\\\Trend_SUB_MAIN_33KV_CELL_02_M_TOTAL_APPARENT_POWER_S.csv.gz' are the same file
2025-10-31 17:52:26,212 - INFO -   \u2713 Renamed 'Time' to 'Timestamp' in CSV
2025-10-31 17:52:42,931 - INFO - \u2713 Processed Trend_SUB_MAIN_33KV_CELL_03_M_CURRENT_DEMAND_A_AMP.HST
2025-10-31 17:52:48,900 - WARNING - Attempt 2 failed for D:\Acronis Backup\ipc backup\server  2\2023-04-26\TRENDDATA11\Trend_SUB_MAIN_33KV_CELL_02_M_TOTAL_REACTIVE_POWER_Q.HST: 'Y:\\Trend_SUB_MAIN_33KV_CELL_02_M_TOTAL_REACTIVE_POWER_Q.csv.gz' and 'Y:\\\\Trend_SUB_MAIN_33KV_CELL_02_M_TOTAL_REACTIVE_POWER_Q.csv.gz' are the same file
2025-10-31 17:53:38,322 - INFO -   \u2713 Renamed 'Time' to 'Timestamp' in CSV
2025-10-31 17:54:39,041 - INFO -   \u2713 Renamed 'Time' to 'Timestamp' in CSV
2025-10-31 17:55:26,603 - WARNING - Attempt 2 failed for D:\Acronis Backup\ipc backup\server  2\2023-04-26\TRENDDATA11\Trend_SUB_MAIN_33KV_CELL_03_M_AVERAGE_POWER_FACTOR.HST: 'Y:\\Trend_SUB_MAIN_33KV_CELL_03_M_AVERAGE_POWER_FACTOR.csv.gz' and 'Y:\\\\Trend_SUB_MAIN_33KV_CELL_03_M_AVERAGE_POWER_FACTOR.csv.gz' are the same file
2025-10-31 17:55:29,838 - WARNING - Attempt 2 failed for D:\Acronis Backup\ipc backup\server  2\2023-04-26\TRENDDATA11\Trend_SUB_MAIN_33KV_CELL_03_M_CURRENT_DEMAND_A_AMP.HST: 'Y:\\Trend_SUB_MAIN_33KV_CELL_03_M_CURRENT_DEMAND_A_AMP.csv.gz' and 'Y:\\\\Trend_SUB_MAIN_33KV_CELL_03_M_CURRENT_DEMAND_A_AMP.csv.gz' are the same file
2025-10-31 17:55:50,728 - INFO - \u2713 Processed Trend_SUB_MAIN_33KV_CELL_02_M_RESIDUAL_CURRENT_I0.HST
2025-10-31 17:55:54,666 - INFO - \u2713 Processed Trend_SUB_MAIN_33KV_CELL_02_M_RESIDUAL_VOLTAGE_V0.HST
2025-10-31 17:57:21,698 - INFO - \u2713 Processed Trend_SUB_MAIN_33KV_CELL_02_M_SEQUENCE_CURRENT_NEG_AMP.HST
2025-10-31 17:57:51,448 - INFO -   \u2713 Renamed 'Time' to 'Timestamp' in CSV
2025-10-31 17:57:51,901 - INFO -   \u2713 Renamed 'Time' to 'Timestamp' in CSV
2025-10-31 17:58:05,495 - INFO - \u2713 Processed Trend_SUB_MAIN_33KV_CELL_02_M_TOTAL_ACTIVE_POWER_P.HST
2025-10-31 17:58:14,073 - WARNING - Attempt 3 failed for D:\Acronis Backup\ipc backup\server  2\2023-04-26\TRENDDATA11\Trend_SUB_MAIN_33KV_CELL_02_M_RESIDUAL_CURRENT_I0.HST: 'Y:\\Trend_SUB_MAIN_33KV_CELL_02_M_RESIDUAL_CURRENT_I0.csv.gz' and 'Y:\\\\Trend_SUB_MAIN_33KV_CELL_02_M_RESIDUAL_CURRENT_I0.csv.gz' are the same file
2025-10-31 17:58:14,073 - ERROR - \u2717 Failed Trend_SUB_MAIN_33KV_CELL_02_M_RESIDUAL_CURRENT_I0.HST after 3 attempts
2025-10-31 17:58:17,432 - WARNING - Attempt 3 failed for D:\Acronis Backup\ipc backup\server  2\2023-04-26\TRENDDATA11\Trend_SUB_MAIN_33KV_CELL_02_M_RESIDUAL_VOLTAGE_V0.HST: 'Y:\\Trend_SUB_MAIN_33KV_CELL_02_M_RESIDUAL_VOLTAGE_V0.csv.gz' and 'Y:\\\\Trend_SUB_MAIN_33KV_CELL_02_M_RESIDUAL_VOLTAGE_V0.csv.gz' are the same file
2025-10-31 17:58:17,432 - ERROR - \u2717 Failed Trend_SUB_MAIN_33KV_CELL_02_M_RESIDUAL_VOLTAGE_V0.HST after 3 attempts
2025-10-31 17:58:59,651 - INFO - \u2713 Processed Trend_SUB_MAIN_33KV_CELL_02_M_SEQUENCE_CURRENT_ZERO_AMP.HST
2025-10-31 17:59:14,604 - INFO - \u2713 Processed Trend_SUB_MAIN_33KV_CELL_02_M_SEQUENCE_CURRENT_POS_AMP.HST
2025-10-31 17:59:28,682 - INFO - \u2713 Processed Trend_SUB_MAIN_33KV_CELL_02_M_TOTAL_APPARENT_POWER_S.HST
2025-10-31 17:59:32,964 - INFO -   \u2713 Renamed 'Time' to 'Timestamp' in CSV
2025-10-31 17:59:50,937 - INFO - \u2713 Processed Trend_SUB_MAIN_33KV_CELL_02_M_TOTAL_REACTIVE_POWER_Q.HST
2025-10-31 17:59:58,001 - WARNING - Attempt 3 failed for D:\Acronis Backup\ipc backup\server  2\2023-04-26\TRENDDATA11\Trend_SUB_MAIN_33KV_CELL_02_M_SEQUENCE_CURRENT_NEG_AMP.HST: 'Y:\\Trend_SUB_MAIN_33KV_CELL_02_M_SEQUENCE_CURRENT_NEG_AMP.csv.gz' and 'Y:\\\\Trend_SUB_MAIN_33KV_CELL_02_M_SEQUENCE_CURRENT_NEG_AMP.csv.gz' are the same file
2025-10-31 17:59:58,001 - ERROR - \u2717 Failed Trend_SUB_MAIN_33KV_CELL_02_M_SEQUENCE_CURRENT_NEG_AMP.HST after 3 attempts
2025-10-31 18:00:11,707 - INFO - \u2713 Processed Trend_SUB_MAIN_33KV_CELL_03_M_AVERAGE_POWER_FACTOR.HST
2025-10-31 18:00:13,457 - INFO -   \u2713 Renamed 'Time' to 'Timestamp' in CSV
2025-10-31 18:00:34,758 - WARNING - Attempt 3 failed for D:\Acronis Backup\ipc backup\server  2\2023-04-26\TRENDDATA11\Trend_SUB_MAIN_33KV_CELL_02_M_TOTAL_ACTIVE_POWER_P.HST: 'Y:\\Trend_SUB_MAIN_33KV_CELL_02_M_TOTAL_ACTIVE_POWER_P.csv.gz' and 'Y:\\\\Trend_SUB_MAIN_33KV_CELL_02_M_TOTAL_ACTIVE_POWER_P.csv.gz' are the same file
2025-10-31 18:00:34,758 - ERROR - \u2717 Failed Trend_SUB_MAIN_33KV_CELL_02_M_TOTAL_ACTIVE_POWER_P.HST after 3 attempts
2025-10-31 18:00:35,321 - INFO - \u2713 Processed Trend_SUB_MAIN_33KV_CELL_03_M_CURRENT_DEMAND_A_AMP.HST
2025-10-31 18:00:38,868 - INFO - \u2713 Processed Trend_SUB_MAIN_33KV_CELL_03_M_FORWARD_ACTIVE_ENERGY_KWH.HST
2025-10-31 18:00:52,371 - INFO -   \u2713 Renamed 'Time' to 'Timestamp' in CSV
2025-10-31 18:01:04,873 - WARNING - Attempt 1 failed for D:\Acronis Backup\ipc backup\server  2\2023-04-26\TRENDDATA11\Trend_SUB_MAIN_33KV_CELL_03_M_FORWARD_ACTIVE_ENERGY_KWH.HST: 'Y:\\Trend_SUB_MAIN_33KV_CELL_03_M_FORWARD_ACTIVE_ENERGY_KWH.csv.gz' and 'Y:\\\\Trend_SUB_MAIN_33KV_CELL_03_M_FORWARD_ACTIVE_ENERGY_KWH.csv.gz' are the same file
2025-10-31 18:01:09,358 - INFO -   \u2713 Renamed 'Time' to 'Timestamp' in CSV
2025-10-31 18:01:28,595 - WARNING - Attempt 3 failed for D:\Acronis Backup\ipc backup\server  2\2023-04-26\TRENDDATA11\Trend_SUB_MAIN_33KV_CELL_02_M_SEQUENCE_CURRENT_ZERO_AMP.HST: 'Y:\\Trend_SUB_MAIN_33KV_CELL_02_M_SEQUENCE_CURRENT_ZERO_AMP.csv.gz' and 'Y:\\\\Trend_SUB_MAIN_33KV_CELL_02_M_SEQUENCE_CURRENT_ZERO_AMP.csv.gz' are the same file
2025-10-31 18:01:28,595 - ERROR - \u2717 Failed Trend_SUB_MAIN_33KV_CELL_02_M_SEQUENCE_CURRENT_ZERO_AMP.HST after 3 attempts
2025-10-31 18:01:28,845 - INFO -   \u2713 Renamed 'Time' to 'Timestamp' in CSV
2025-10-31 18:01:38,019 - INFO -   \u2713 Renamed 'Time' to 'Timestamp' in CSV
2025-10-31 18:01:38,987 - INFO - \u2713 Processed Trend_SUB_MAIN_33KV_CELL_03_M_FORWARD_ACTIVE_ENERGY_KWH.HST
2025-10-31 18:01:50,864 - WARNING - Attempt 3 failed for D:\Acronis Backup\ipc backup\server  2\2023-04-26\TRENDDATA11\Trend_SUB_MAIN_33KV_CELL_02_M_SEQUENCE_CURRENT_POS_AMP.HST: 'Y:\\Trend_SUB_MAIN_33KV_CELL_02_M_SEQUENCE_CURRENT_POS_AMP.csv.gz' and 'Y:\\\\Trend_SUB_MAIN_33KV_CELL_02_M_SEQUENCE_CURRENT_POS_AMP.csv.gz' are the same file
2025-10-31 18:01:50,864 - ERROR - \u2717 Failed Trend_SUB_MAIN_33KV_CELL_02_M_SEQUENCE_CURRENT_POS_AMP.HST after 3 attempts
2025-10-31 18:01:54,115 - INFO -   \u2713 Renamed 'Time' to 'Timestamp' in CSV
2025-10-31 18:01:58,600 - INFO -   \u2713 Renamed 'Time' to 'Timestamp' in CSV
2025-10-31 18:02:02,303 - WARNING - Attempt 3 failed for D:\Acronis Backup\ipc backup\server  2\2023-04-26\TRENDDATA11\Trend_SUB_MAIN_33KV_CELL_02_M_TOTAL_APPARENT_POWER_S.HST: 'Y:\\Trend_SUB_MAIN_33KV_CELL_02_M_TOTAL_APPARENT_POWER_S.csv.gz' and 'Y:\\\\Trend_SUB_MAIN_33KV_CELL_02_M_TOTAL_APPARENT_POWER_S.csv.gz' are the same file
2025-10-31 18:02:02,303 - ERROR - \u2717 Failed Trend_SUB_MAIN_33KV_CELL_02_M_TOTAL_APPARENT_POWER_S.HST after 3 attempts
2025-10-31 18:02:06,335 - WARNING - Attempt 2 failed for D:\Acronis Backup\ipc backup\server  2\2023-04-26\TRENDDATA11\Trend_SUB_MAIN_33KV_CELL_03_M_FORWARD_ACTIVE_ENERGY_KWH.HST: 'Y:\\Trend_SUB_MAIN_33KV_CELL_03_M_FORWARD_ACTIVE_ENERGY_KWH.csv.gz' and 'Y:\\\\Trend_SUB_MAIN_33KV_CELL_03_M_FORWARD_ACTIVE_ENERGY_KWH.csv.gz' are the same file
2025-10-31 18:02:19,024 - INFO -   \u2713 Renamed 'Time' to 'Timestamp' in CSV
2025-10-31 18:02:19,758 - WARNING - Attempt 3 failed for D:\Acronis Backup\ipc backup\server  2\2023-04-26\TRENDDATA11\Trend_SUB_MAIN_33KV_CELL_02_M_TOTAL_REACTIVE_POWER_Q.HST: 'Y:\\Trend_SUB_MAIN_33KV_CELL_02_M_TOTAL_REACTIVE_POWER_Q.csv.gz' and 'Y:\\\\Trend_SUB_MAIN_33KV_CELL_02_M_TOTAL_REACTIVE_POWER_Q.csv.gz' are the same file
2025-10-31 18:02:19,758 - ERROR - \u2717 Failed Trend_SUB_MAIN_33KV_CELL_02_M_TOTAL_REACTIVE_POWER_Q.HST after 3 attempts
2025-10-31 18:02:37,386 - WARNING - Attempt 3 failed for D:\Acronis Backup\ipc backup\server  2\2023-04-26\TRENDDATA11\Trend_SUB_MAIN_33KV_CELL_03_M_AVERAGE_POWER_FACTOR.HST: 'Y:\\Trend_SUB_MAIN_33KV_CELL_03_M_AVERAGE_POWER_FACTOR.csv.gz' and 'Y:\\\\Trend_SUB_MAIN_33KV_CELL_03_M_AVERAGE_POWER_FACTOR.csv.gz' are the same file
2025-10-31 18:02:37,401 - ERROR - \u2717 Failed Trend_SUB_MAIN_33KV_CELL_03_M_AVERAGE_POWER_FACTOR.HST after 3 attempts
2025-10-31 18:02:41,417 - INFO - \u2713 Processed Trend_SUB_MAIN_33KV_CELL_03_M_FORWARD_ACTIVE_ENERGY_KWH.HST
2025-10-31 18:02:51,434 - INFO -   \u2713 Renamed 'Time' to 'Timestamp' in CSV
2025-10-31 18:02:54,200 - INFO -   \u2713 Renamed 'Time' to 'Timestamp' in CSV
2025-10-31 18:03:07,061 - WARNING - Attempt 3 failed for D:\Acronis Backup\ipc backup\server  2\2023-04-26\TRENDDATA11\Trend_SUB_MAIN_33KV_CELL_03_M_FORWARD_ACTIVE_ENERGY_KWH.HST: 'Y:\\Trend_SUB_MAIN_33KV_CELL_03_M_FORWARD_ACTIVE_ENERGY_KWH.csv.gz' and 'Y:\\\\Trend_SUB_MAIN_33KV_CELL_03_M_FORWARD_ACTIVE_ENERGY_KWH.csv.gz' are the same file
2025-10-31 18:03:07,061 - ERROR - \u2717 Failed Trend_SUB_MAIN_33KV_CELL_03_M_FORWARD_ACTIVE_ENERGY_KWH.HST after 3 attempts
2025-10-31 18:03:14,311 - WARNING - Attempt 3 failed for D:\Acronis Backup\ipc backup\server  2\2023-04-26\TRENDDATA11\Trend_SUB_MAIN_33KV_CELL_03_M_CURRENT_DEMAND_A_AMP.HST: 'Y:\\Trend_SUB_MAIN_33KV_CELL_03_M_CURRENT_DEMAND_A_AMP.csv.gz' and 'Y:\\\\Trend_SUB_MAIN_33KV_CELL_03_M_CURRENT_DEMAND_A_AMP.csv.gz' are the same file
2025-10-31 18:03:14,311 - ERROR - \u2717 Failed Trend_SUB_MAIN_33KV_CELL_03_M_CURRENT_DEMAND_A_AMP.HST after 3 attempts
2025-10-31 18:03:24,469 - INFO - \u2713 Processed Trend_SUB_MAIN_33KV_CELL_03_M_CURRENT_DEMAND_B_AMP.HST
2025-10-31 18:03:26,078 - INFO - \u2713 Processed Trend_SUB_MAIN_33KV_CELL_03_M_CURRENT_DEMAND_C_AMP.HST
2025-10-31 18:05:26,900 - INFO -   \u2713 Renamed 'Time' to 'Timestamp' in CSV
2025-10-31 18:05:29,525 - INFO -   \u2713 Renamed 'Time' to 'Timestamp' in CSV
2025-10-31 18:05:54,058 - WARNING - Attempt 1 failed for D:\Acronis Backup\ipc backup\server  2\2023-04-26\TRENDDATA11\Trend_SUB_MAIN_33KV_CELL_03_M_CURRENT_DEMAND_C_AMP.HST: 'Y:\\Trend_SUB_MAIN_33KV_CELL_03_M_CURRENT_DEMAND_C_AMP.csv.gz' and 'Y:\\\\Trend_SUB_MAIN_33KV_CELL_03_M_CURRENT_DEMAND_C_AMP.csv.gz' are the same file
2025-10-31 18:05:57,074 - WARNING - Attempt 1 failed for D:\Acronis Backup\ipc backup\server  2\2023-04-26\TRENDDATA11\Trend_SUB_MAIN_33KV_CELL_03_M_CURRENT_DEMAND_B_AMP.HST: 'Y:\\Trend_SUB_MAIN_33KV_CELL_03_M_CURRENT_DEMAND_B_AMP.csv.gz' and 'Y:\\\\Trend_SUB_MAIN_33KV_CELL_03_M_CURRENT_DEMAND_B_AMP.csv.gz' are the same file
2025-10-31 18:05:57,418 - INFO - \u2713 Processed Trend_SUB_MAIN_33KV_CELL_03_M_FORWARD_ACTIVE_ENERGY_MWH.HST
2025-10-31 18:06:20,872 - INFO - \u2713 Processed Trend_SUB_MAIN_33KV_CELL_03_M_FREQUENCY.HST
2025-10-31 18:06:53,811 - INFO - \u2713 Processed Trend_SUB_MAIN_33KV_CELL_03_M_PHASE_CURRENT_B.HST
2025-10-31 18:07:08,749 - INFO - \u2713 Processed Trend_SUB_MAIN_33KV_CELL_03_M_PHASE_CURRENT_A.HST
2025-10-31 18:07:14,515 - INFO - \u2713 Processed Trend_SUB_MAIN_33KV_CELL_03_M_PHASE_CURRENT_C.HST
2025-10-31 18:07:46,048 - INFO - \u2713 Processed Trend_SUB_MAIN_33KV_CELL_03_M_PHASE_VOLTAGE_A.HST
2025-10-31 18:08:21,283 - INFO - \u2713 Processed Trend_SUB_MAIN_33KV_CELL_03_M_PHASE_VOLTAGE_AB.HST
2025-10-31 18:08:23,455 - INFO - \u2713 Processed Trend_SUB_MAIN_33KV_CELL_03_M_PHASE_VOLTAGE_B.HST
2025-10-31 18:08:23,799 - INFO -   \u2713 Renamed 'Time' to 'Timestamp' in CSV
2025-10-31 18:08:30,831 - INFO -   \u2713 Renamed 'Time' to 'Timestamp' in CSV
2025-10-31 18:08:54,863 - WARNING - Attempt 1 failed for D:\Acronis Backup\ipc backup\server  2\2023-04-26\TRENDDATA11\Trend_SUB_MAIN_33KV_CELL_03_M_FREQUENCY.HST: 'Y:\\Trend_SUB_MAIN_33KV_CELL_03_M_FREQUENCY.csv.gz' and 'Y:\\\\Trend_SUB_MAIN_33KV_CELL_03_M_FREQUENCY.csv.gz' are the same file
2025-10-31 18:09:12,723 - INFO -   \u2713 Renamed 'Time' to 'Timestamp' in CSV
2025-10-31 18:09:18,645 - INFO -   \u2713 Renamed 'Time' to 'Timestamp' in CSV
2025-10-31 18:09:24,129 - INFO -   \u2713 Renamed 'Time' to 'Timestamp' in CSV
2025-10-31 18:09:51,567 - INFO -   \u2713 Renamed 'Time' to 'Timestamp' in CSV
2025-10-31 18:10:07,990 - INFO -   \u2713 Renamed 'Time' to 'Timestamp' in CSV
2025-10-31 18:10:12,693 - INFO -   \u2713 Renamed 'Time' to 'Timestamp' in CSV
2025-10-31 18:10:32,156 - WARNING - Attempt 1 failed for D:\Acronis Backup\ipc backup\server  2\2023-04-26\TRENDDATA11\Trend_SUB_MAIN_33KV_CELL_03_M_FORWARD_ACTIVE_ENERGY_MWH.HST: 'Y:\\Trend_SUB_MAIN_33KV_CELL_03_M_FORWARD_ACTIVE_ENERGY_MWH.csv.gz' and 'Y:\\\\Trend_SUB_MAIN_33KV_CELL_03_M_FORWARD_ACTIVE_ENERGY_MWH.csv.gz' are the same file
2025-10-31 18:12:02,048 - WARNING - Attempt 1 failed for D:\Acronis Backup\ipc backup\server  2\2023-04-26\TRENDDATA11\Trend_SUB_MAIN_33KV_CELL_03_M_PHASE_VOLTAGE_B.HST: 'Y:\\Trend_SUB_MAIN_33KV_CELL_03_M_PHASE_VOLTAGE_B.csv.gz' and 'Y:\\\\Trend_SUB_MAIN_33KV_CELL_03_M_PHASE_VOLTAGE_B.csv.gz' are the same file
2025-10-31 18:12:02,580 - WARNING - Attempt 1 failed for D:\Acronis Backup\ipc backup\server  2\2023-04-26\TRENDDATA11\Trend_SUB_MAIN_33KV_CELL_03_M_PHASE_VOLTAGE_A.HST: 'Y:\\Trend_SUB_MAIN_33KV_CELL_03_M_PHASE_VOLTAGE_A.csv.gz' and 'Y:\\\\Trend_SUB_MAIN_33KV_CELL_03_M_PHASE_VOLTAGE_A.csv.gz' are the same file
2025-10-31 18:12:02,830 - WARNING - Attempt 1 failed for D:\Acronis Backup\ipc backup\server  2\2023-04-26\TRENDDATA11\Trend_SUB_MAIN_33KV_CELL_03_M_PHASE_CURRENT_C.HST: 'Y:\\Trend_SUB_MAIN_33KV_CELL_03_M_PHASE_CURRENT_C.csv.gz' and 'Y:\\\\Trend_SUB_MAIN_33KV_CELL_03_M_PHASE_CURRENT_C.csv.gz' are the same file
2025-10-31 18:12:04,439 - WARNING - Attempt 1 failed for D:\Acronis Backup\ipc backup\server  2\2023-04-26\TRENDDATA11\Trend_SUB_MAIN_33KV_CELL_03_M_PHASE_VOLTAGE_AB.HST: 'Y:\\Trend_SUB_MAIN_33KV_CELL_03_M_PHASE_VOLTAGE_AB.csv.gz' and 'Y:\\\\Trend_SUB_MAIN_33KV_CELL_03_M_PHASE_VOLTAGE_AB.csv.gz' are the same file
2025-10-31 18:12:04,455 - WARNING - Attempt 1 failed for D:\Acronis Backup\ipc backup\server  2\2023-04-26\TRENDDATA11\Trend_SUB_MAIN_33KV_CELL_03_M_PHASE_CURRENT_A.HST: 'Y:\\Trend_SUB_MAIN_33KV_CELL_03_M_PHASE_CURRENT_A.csv.gz' and 'Y:\\\\Trend_SUB_MAIN_33KV_CELL_03_M_PHASE_CURRENT_A.csv.gz' are the same file
2025-10-31 18:12:05,689 - WARNING - Attempt 1 failed for D:\Acronis Backup\ipc backup\server  2\2023-04-26\TRENDDATA11\Trend_SUB_MAIN_33KV_CELL_03_M_PHASE_CURRENT_B.HST: 'Y:\\Trend_SUB_MAIN_33KV_CELL_03_M_PHASE_CURRENT_B.csv.gz' and 'Y:\\\\Trend_SUB_MAIN_33KV_CELL_03_M_PHASE_CURRENT_B.csv.gz' are the same file
2025-10-31 18:13:14,972 - INFO - \u2713 Processed Trend_SUB_MAIN_33KV_CELL_03_M_CURRENT_DEMAND_C_AMP.HST
2025-10-31 18:14:04,332 - INFO - \u2713 Processed Trend_SUB_MAIN_33KV_CELL_03_M_CURRENT_DEMAND_B_AMP.HST
2025-10-31 18:15:21,723 - INFO -   \u2713 Renamed 'Time' to 'Timestamp' in CSV
2025-10-31 18:15:48,380 - WARNING - Attempt 2 failed for D:\Acronis Backup\ipc backup\server  2\2023-04-26\TRENDDATA11\Trend_SUB_MAIN_33KV_CELL_03_M_CURRENT_DEMAND_C_AMP.HST: 'Y:\\Trend_SUB_MAIN_33KV_CELL_03_M_CURRENT_DEMAND_C_AMP.csv.gz' and 'Y:\\\\Trend_SUB_MAIN_33KV_CELL_03_M_CURRENT_DEMAND_C_AMP.csv.gz' are the same file
2025-10-31 18:16:16,255 - INFO -   \u2713 Renamed 'Time' to 'Timestamp' in CSV
2025-10-31 18:16:38,208 - INFO - \u2713 Processed Trend_SUB_MAIN_33KV_CELL_03_M_FORWARD_ACTIVE_ENERGY_MWH.HST
2025-10-31 18:16:45,256 - INFO - \u2713 Processed Trend_SUB_MAIN_33KV_CELL_03_M_PHASE_VOLTAGE_A.HST
2025-10-31 18:16:45,678 - WARNING - Attempt 2 failed for D:\Acronis Backup\ipc backup\server  2\2023-04-26\TRENDDATA11\Trend_SUB_MAIN_33KV_CELL_03_M_CURRENT_DEMAND_B_AMP.HST: 'Y:\\Trend_SUB_MAIN_33KV_CELL_03_M_CURRENT_DEMAND_B_AMP.csv.gz' and 'Y:\\\\Trend_SUB_MAIN_33KV_CELL_03_M_CURRENT_DEMAND_B_AMP.csv.gz' are the same file
2025-10-31 18:16:52,600 - INFO - \u2713 Processed Trend_SUB_MAIN_33KV_CELL_03_M_FREQUENCY.HST
2025-10-31 18:16:55,523 - INFO - \u2713 Processed Trend_SUB_MAIN_33KV_CELL_03_M_PHASE_CURRENT_C.HST
2025-10-31 18:17:05,742 - INFO - \u2713 Processed Trend_SUB_MAIN_33KV_CELL_03_M_PHASE_CURRENT_A.HST
2025-10-31 18:17:06,539 - INFO - \u2713 Processed Trend_SUB_MAIN_33KV_CELL_03_M_PHASE_CURRENT_B.HST
2025-10-31 18:17:16,102 - INFO - \u2713 Processed Trend_SUB_MAIN_33KV_CELL_03_M_PHASE_VOLTAGE_B.HST
2025-10-31 18:17:25,463 - INFO - \u2713 Processed Trend_SUB_MAIN_33KV_CELL_03_M_PHASE_VOLTAGE_AB.HST
2025-10-31 18:19:09,267 - INFO -   \u2713 Renamed 'Time' to 'Timestamp' in CSV
2025-10-31 18:19:13,236 - INFO -   \u2713 Renamed 'Time' to 'Timestamp' in CSV
2025-10-31 18:19:15,923 - INFO -   \u2713 Renamed 'Time' to 'Timestamp' in CSV
2025-10-31 18:19:16,439 - INFO -   \u2713 Renamed 'Time' to 'Timestamp' in CSV
2025-10-31 18:19:30,236 - INFO -   \u2713 Renamed 'Time' to 'Timestamp' in CSV
2025-10-31 18:19:31,643 - INFO -   \u2713 Renamed 'Time' to 'Timestamp' in CSV
2025-10-31 18:19:33,346 - WARNING - Attempt 2 failed for D:\Acronis Backup\ipc backup\server  2\2023-04-26\TRENDDATA11\Trend_SUB_MAIN_33KV_CELL_03_M_PHASE_VOLTAGE_A.HST: 'Y:\\Trend_SUB_MAIN_33KV_CELL_03_M_PHASE_VOLTAGE_A.csv.gz' and 'Y:\\\\Trend_SUB_MAIN_33KV_CELL_03_M_PHASE_VOLTAGE_A.csv.gz' are the same file
2025-10-31 18:19:38,862 - WARNING - Attempt 2 failed for D:\Acronis Backup\ipc backup\server  2\2023-04-26\TRENDDATA11\Trend_SUB_MAIN_33KV_CELL_03_M_FREQUENCY.HST: 'Y:\\Trend_SUB_MAIN_33KV_CELL_03_M_FREQUENCY.csv.gz' and 'Y:\\\\Trend_SUB_MAIN_33KV_CELL_03_M_FREQUENCY.csv.gz' are the same file
2025-10-31 18:19:41,128 - WARNING - Attempt 2 failed for D:\Acronis Backup\ipc backup\server  2\2023-04-26\TRENDDATA11\Trend_SUB_MAIN_33KV_CELL_03_M_PHASE_CURRENT_C.HST: 'Y:\\Trend_SUB_MAIN_33KV_CELL_03_M_PHASE_CURRENT_C.csv.gz' and 'Y:\\\\Trend_SUB_MAIN_33KV_CELL_03_M_PHASE_CURRENT_C.csv.gz' are the same file
2025-10-31 18:19:44,362 - INFO -   \u2713 Renamed 'Time' to 'Timestamp' in CSV
2025-10-31 18:19:49,128 - INFO -   \u2713 Renamed 'Time' to 'Timestamp' in CSV
2025-10-31 18:19:55,441 - WARNING - Attempt 2 failed for D:\Acronis Backup\ipc backup\server  2\2023-04-26\TRENDDATA11\Trend_SUB_MAIN_33KV_CELL_03_M_PHASE_VOLTAGE_B.HST: 'Y:\\Trend_SUB_MAIN_33KV_CELL_03_M_PHASE_VOLTAGE_B.csv.gz' and 'Y:\\\\Trend_SUB_MAIN_33KV_CELL_03_M_PHASE_VOLTAGE_B.csv.gz' are the same file
2025-10-31 18:19:56,535 - WARNING - Attempt 2 failed for D:\Acronis Backup\ipc backup\server  2\2023-04-26\TRENDDATA11\Trend_SUB_MAIN_33KV_CELL_03_M_PHASE_CURRENT_A.HST: 'Y:\\Trend_SUB_MAIN_33KV_CELL_03_M_PHASE_CURRENT_A.csv.gz' and 'Y:\\\\Trend_SUB_MAIN_33KV_CELL_03_M_PHASE_CURRENT_A.csv.gz' are the same file
2025-10-31 18:20:10,457 - WARNING - Attempt 2 failed for D:\Acronis Backup\ipc backup\server  2\2023-04-26\TRENDDATA11\Trend_SUB_MAIN_33KV_CELL_03_M_PHASE_CURRENT_B.HST: 'Y:\\Trend_SUB_MAIN_33KV_CELL_03_M_PHASE_CURRENT_B.csv.gz' and 'Y:\\\\Trend_SUB_MAIN_33KV_CELL_03_M_PHASE_CURRENT_B.csv.gz' are the same file
2025-10-31 18:20:14,926 - WARNING - Attempt 2 failed for D:\Acronis Backup\ipc backup\server  2\2023-04-26\TRENDDATA11\Trend_SUB_MAIN_33KV_CELL_03_M_PHASE_VOLTAGE_AB.HST: 'Y:\\Trend_SUB_MAIN_33KV_CELL_03_M_PHASE_VOLTAGE_AB.csv.gz' and 'Y:\\\\Trend_SUB_MAIN_33KV_CELL_03_M_PHASE_VOLTAGE_AB.csv.gz' are the same file
2025-10-31 18:21:04,006 - INFO - \u2713 Processed Trend_SUB_MAIN_33KV_CELL_03_M_CURRENT_DEMAND_C_AMP.HST
2025-10-31 18:21:36,679 - WARNING - Attempt 2 failed for D:\Acronis Backup\ipc backup\server  2\2023-04-26\TRENDDATA11\Trend_SUB_MAIN_33KV_CELL_03_M_FORWARD_ACTIVE_ENERGY_MWH.HST: 'Y:\\Trend_SUB_MAIN_33KV_CELL_03_M_FORWARD_ACTIVE_ENERGY_MWH.csv.gz' and 'Y:\\\\Trend_SUB_MAIN_33KV_CELL_03_M_FORWARD_ACTIVE_ENERGY_MWH.csv.gz' are the same file
2025-10-31 18:22:00,039 - INFO - \u2713 Processed Trend_SUB_MAIN_33KV_CELL_03_M_CURRENT_DEMAND_B_AMP.HST
2025-10-31 18:23:07,198 - INFO -   \u2713 Renamed 'Time' to 'Timestamp' in CSV
2025-10-31 18:23:32,917 - WARNING - Attempt 3 failed for D:\Acronis Backup\ipc backup\server  2\2023-04-26\TRENDDATA11\Trend_SUB_MAIN_33KV_CELL_03_M_CURRENT_DEMAND_C_AMP.HST: 'Y:\\Trend_SUB_MAIN_33KV_CELL_03_M_CURRENT_DEMAND_C_AMP.csv.gz' and 'Y:\\\\Trend_SUB_MAIN_33KV_CELL_03_M_CURRENT_DEMAND_C_AMP.csv.gz' are the same file
2025-10-31 18:23:32,917 - ERROR - \u2717 Failed Trend_SUB_MAIN_33KV_CELL_03_M_CURRENT_DEMAND_C_AMP.HST after 3 attempts
2025-10-31 18:24:05,043 - INFO -   \u2713 Renamed 'Time' to 'Timestamp' in CSV
2025-10-31 18:24:21,949 - INFO - \u2713 Processed Trend_SUB_MAIN_33KV_CELL_03_M_PHASE_VOLTAGE_A.HST
2025-10-31 18:24:28,887 - WARNING - Attempt 3 failed for D:\Acronis Backup\ipc backup\server  2\2023-04-26\TRENDDATA11\Trend_SUB_MAIN_33KV_CELL_03_M_CURRENT_DEMAND_B_AMP.HST: 'Y:\\Trend_SUB_MAIN_33KV_CELL_03_M_CURRENT_DEMAND_B_AMP.csv.gz' and 'Y:\\\\Trend_SUB_MAIN_33KV_CELL_03_M_CURRENT_DEMAND_B_AMP.csv.gz' are the same file
2025-10-31 18:24:28,887 - ERROR - \u2717 Failed Trend_SUB_MAIN_33KV_CELL_03_M_CURRENT_DEMAND_B_AMP.HST after 3 attempts
2025-10-31 18:24:36,059 - INFO - \u2713 Processed Trend_SUB_MAIN_33KV_CELL_03_M_PHASE_VOLTAGE_B.HST
2025-10-31 18:24:46,309 - INFO - \u2713 Processed Trend_SUB_MAIN_33KV_CELL_03_M_PHASE_CURRENT_C.HST
2025-10-31 18:24:48,778 - INFO - \u2713 Processed Trend_SUB_MAIN_33KV_CELL_03_M_FREQUENCY.HST
2025-10-31 18:24:51,153 - INFO - \u2713 Processed Trend_SUB_MAIN_33KV_CELL_03_M_PHASE_CURRENT_B.HST
2025-10-31 18:24:56,638 - INFO - \u2713 Processed Trend_SUB_MAIN_33KV_CELL_03_M_PHASE_VOLTAGE_AB.HST
2025-10-31 18:25:11,544 - INFO - \u2713 Processed Trend_SUB_MAIN_33KV_CELL_03_M_PHASE_CURRENT_A.HST
2025-10-31 18:26:43,186 - INFO -   \u2713 Renamed 'Time' to 'Timestamp' in CSV
2025-10-31 18:26:48,795 - INFO -   \u2713 Renamed 'Time' to 'Timestamp' in CSV
2025-10-31 18:26:55,608 - INFO - \u2713 Processed Trend_SUB_MAIN_33KV_CELL_03_M_FORWARD_ACTIVE_ENERGY_MWH.HST
2025-10-31 18:26:56,249 - INFO -   \u2713 Renamed 'Time' to 'Timestamp' in CSV
2025-10-31 18:26:57,296 - INFO -   \u2713 Renamed 'Time' to 'Timestamp' in CSV
2025-10-31 18:27:05,796 - INFO -   \u2713 Renamed 'Time' to 'Timestamp' in CSV
2025-10-31 18:27:10,233 - WARNING - Attempt 3 failed for D:\Acronis Backup\ipc backup\server  2\2023-04-26\TRENDDATA11\Trend_SUB_MAIN_33KV_CELL_03_M_PHASE_VOLTAGE_A.HST: 'Y:\\Trend_SUB_MAIN_33KV_CELL_03_M_PHASE_VOLTAGE_A.csv.gz' and 'Y:\\\\Trend_SUB_MAIN_33KV_CELL_03_M_PHASE_VOLTAGE_A.csv.gz' are the same file
2025-10-31 18:27:10,233 - ERROR - \u2717 Failed Trend_SUB_MAIN_33KV_CELL_03_M_PHASE_VOLTAGE_A.HST after 3 attempts
2025-10-31 18:27:16,546 - WARNING - Attempt 3 failed for D:\Acronis Backup\ipc backup\server  2\2023-04-26\TRENDDATA11\Trend_SUB_MAIN_33KV_CELL_03_M_PHASE_VOLTAGE_B.HST: 'Y:\\Trend_SUB_MAIN_33KV_CELL_03_M_PHASE_VOLTAGE_B.csv.gz' and 'Y:\\\\Trend_SUB_MAIN_33KV_CELL_03_M_PHASE_VOLTAGE_B.csv.gz' are the same file
2025-10-31 18:27:16,546 - ERROR - \u2717 Failed Trend_SUB_MAIN_33KV_CELL_03_M_PHASE_VOLTAGE_B.HST after 3 attempts
2025-10-31 18:27:24,640 - INFO -   \u2713 Renamed 'Time' to 'Timestamp' in CSV
2025-10-31 18:27:26,999 - WARNING - Attempt 3 failed for D:\Acronis Backup\ipc backup\server  2\2023-04-26\TRENDDATA11\Trend_SUB_MAIN_33KV_CELL_03_M_PHASE_CURRENT_C.HST: 'Y:\\Trend_SUB_MAIN_33KV_CELL_03_M_PHASE_CURRENT_C.csv.gz' and 'Y:\\\\Trend_SUB_MAIN_33KV_CELL_03_M_PHASE_CURRENT_C.csv.gz' are the same file
2025-10-31 18:27:26,999 - ERROR - \u2717 Failed Trend_SUB_MAIN_33KV_CELL_03_M_PHASE_CURRENT_C.HST after 3 attempts
2025-10-31 18:27:27,124 - WARNING - Attempt 3 failed for D:\Acronis Backup\ipc backup\server  2\2023-04-26\TRENDDATA11\Trend_SUB_MAIN_33KV_CELL_03_M_FREQUENCY.HST: 'Y:\\Trend_SUB_MAIN_33KV_CELL_03_M_FREQUENCY.csv.gz' and 'Y:\\\\Trend_SUB_MAIN_33KV_CELL_03_M_FREQUENCY.csv.gz' are the same file
2025-10-31 18:27:27,124 - ERROR - \u2717 Failed Trend_SUB_MAIN_33KV_CELL_03_M_FREQUENCY.HST after 3 attempts
2025-10-31 18:27:34,093 - WARNING - Attempt 3 failed for D:\Acronis Backup\ipc backup\server  2\2023-04-26\TRENDDATA11\Trend_SUB_MAIN_33KV_CELL_03_M_PHASE_VOLTAGE_AB.HST: 'Y:\\Trend_SUB_MAIN_33KV_CELL_03_M_PHASE_VOLTAGE_AB.csv.gz' and 'Y:\\\\Trend_SUB_MAIN_33KV_CELL_03_M_PHASE_VOLTAGE_AB.csv.gz' are the same file
2025-10-31 18:27:34,093 - ERROR - \u2717 Failed Trend_SUB_MAIN_33KV_CELL_03_M_PHASE_VOLTAGE_AB.HST after 3 attempts
2025-10-31 18:27:35,015 - INFO -   \u2713 Renamed 'Time' to 'Timestamp' in CSV
2025-10-31 18:27:51,562 - WARNING - Attempt 3 failed for D:\Acronis Backup\ipc backup\server  2\2023-04-26\TRENDDATA11\Trend_SUB_MAIN_33KV_CELL_03_M_PHASE_CURRENT_B.HST: 'Y:\\Trend_SUB_MAIN_33KV_CELL_03_M_PHASE_CURRENT_B.csv.gz' and 'Y:\\\\Trend_SUB_MAIN_33KV_CELL_03_M_PHASE_CURRENT_B.csv.gz' are the same file
2025-10-31 18:27:56,734 - WARNING - Attempt 3 failed for D:\Acronis Backup\ipc backup\server  2\2023-04-26\TRENDDATA11\Trend_SUB_MAIN_33KV_CELL_03_M_PHASE_CURRENT_A.HST: 'Y:\\Trend_SUB_MAIN_33KV_CELL_03_M_PHASE_CURRENT_A.csv.gz' and 'Y:\\\\Trend_SUB_MAIN_33KV_CELL_03_M_PHASE_CURRENT_A.csv.gz' are the same file
2025-10-31 18:29:07,750 - INFO -   \u2713 Renamed 'Time' to 'Timestamp' in CSV
2025-10-31 18:29:51,673 - ERROR - \u2717 Failed Trend_SUB_MAIN_33KV_CELL_03_M_PHASE_CURRENT_B.HST after 3 attempts
2025-10-31 18:29:51,673 - ERROR - \u2717 Failed Trend_SUB_MAIN_33KV_CELL_03_M_PHASE_CURRENT_A.HST after 3 attempts
2025-10-31 18:30:30,720 - INFO - \u2713 Processed Trend_SUB_MAIN_33KV_CELL_03_M_PHASE_VOLTAGE_BC.HST
2025-10-31 18:31:17,923 - INFO - \u2713 Processed Trend_SUB_MAIN_33KV_CELL_03_M_PHASE_VOLTAGE_C.HST
2025-10-31 18:31:56,392 - WARNING - Attempt 3 failed for D:\Acronis Backup\ipc backup\server  2\2023-04-26\TRENDDATA11\Trend_SUB_MAIN_33KV_CELL_03_M_FORWARD_ACTIVE_ENERGY_MWH.HST: 'Y:\\Trend_SUB_MAIN_33KV_CELL_03_M_FORWARD_ACTIVE_ENERGY_MWH.csv.gz' and 'Y:\\\\Trend_SUB_MAIN_33KV_CELL_03_M_FORWARD_ACTIVE_ENERGY_MWH.csv.gz' are the same file
2025-10-31 18:31:56,392 - ERROR - \u2717 Failed Trend_SUB_MAIN_33KV_CELL_03_M_FORWARD_ACTIVE_ENERGY_MWH.HST after 3 attempts
2025-10-31 18:32:26,564 - INFO -   \u2713 Renamed 'Time' to 'Timestamp' in CSV
2025-10-31 18:32:50,986 - WARNING - Attempt 1 failed for D:\Acronis Backup\ipc backup\server  2\2023-04-26\TRENDDATA11\Trend_SUB_MAIN_33KV_CELL_03_M_PHASE_VOLTAGE_BC.HST: 'Y:\\Trend_SUB_MAIN_33KV_CELL_03_M_PHASE_VOLTAGE_BC.csv.gz' and 'Y:\\\\Trend_SUB_MAIN_33KV_CELL_03_M_PHASE_VOLTAGE_BC.csv.gz' are the same file
2025-10-31 18:33:05,408 - INFO - \u2713 Processed Trend_SUB_MAIN_33KV_CELL_03_M_RESIDUAL_VOLTAGE_V0.HST
2025-10-31 18:33:16,940 - INFO - \u2713 Processed Trend_SUB_MAIN_33KV_CELL_03_M_SEQUENCE_CURRENT_NEG_AMP.HST
2025-10-31 18:33:20,674 - INFO -   \u2713 Renamed 'Time' to 'Timestamp' in CSV
2025-10-31 18:33:28,565 - INFO - \u2713 Processed Trend_SUB_MAIN_33KV_CELL_03_M_RESIDUAL_CURRENT_I0.HST
2025-10-31 18:33:29,049 - INFO - \u2713 Processed Trend_SUB_MAIN_33KV_CELL_03_M_SEQUENCE_CURRENT_POS_AMP.HST
2025-10-31 18:33:35,518 - INFO - \u2713 Processed Trend_SUB_MAIN_33KV_CELL_03_M_PHASE_VOLTAGE_CA.HST
2025-10-31 18:33:49,504 - WARNING - Attempt 1 failed for D:\Acronis Backup\ipc backup\server  2\2023-04-26\TRENDDATA11\Trend_SUB_MAIN_33KV_CELL_03_M_PHASE_VOLTAGE_C.HST: 'Y:\\Trend_SUB_MAIN_33KV_CELL_03_M_PHASE_VOLTAGE_C.csv.gz' and 'Y:\\\\Trend_SUB_MAIN_33KV_CELL_03_M_PHASE_VOLTAGE_C.csv.gz' are the same file
2025-10-31 18:34:33,430 - INFO - \u2713 Processed Trend_SUB_MAIN_33KV_CELL_03_M_SEQUENCE_CURRENT_ZERO_AMP.HST
2025-10-31 18:35:01,542 - INFO - \u2713 Processed Trend_SUB_MAIN_33KV_CELL_03_M_SEQUENCE_VOLTAGE_NEG_AMP.HST
2025-10-31 18:35:22,716 - INFO -   \u2713 Renamed 'Time' to 'Timestamp' in CSV
2025-10-31 18:35:25,278 - INFO -   \u2713 Renamed 'Time' to 'Timestamp' in CSV
2025-10-31 18:35:29,138 - INFO -   \u2713 Renamed 'Time' to 'Timestamp' in CSV
2025-10-31 18:35:47,749 - WARNING - Attempt 1 failed for D:\Acronis Backup\ipc backup\server  2\2023-04-26\TRENDDATA11\Trend_SUB_MAIN_33KV_CELL_03_M_RESIDUAL_VOLTAGE_V0.HST: 'Y:\\Trend_SUB_MAIN_33KV_CELL_03_M_RESIDUAL_VOLTAGE_V0.csv.gz' and 'Y:\\\\Trend_SUB_MAIN_33KV_CELL_03_M_RESIDUAL_VOLTAGE_V0.csv.gz' are the same file
2025-10-31 18:35:49,233 - INFO -   \u2713 Renamed 'Time' to 'Timestamp' in CSV
2025-10-31 18:35:50,687 - WARNING - Attempt 1 failed for D:\Acronis Backup\ipc backup\server  2\2023-04-26\TRENDDATA11\Trend_SUB_MAIN_33KV_CELL_03_M_SEQUENCE_CURRENT_NEG_AMP.HST: 'Y:\\Trend_SUB_MAIN_33KV_CELL_03_M_SEQUENCE_CURRENT_NEG_AMP.csv.gz' and 'Y:\\\\Trend_SUB_MAIN_33KV_CELL_03_M_SEQUENCE_CURRENT_NEG_AMP.csv.gz' are the same file
2025-10-31 18:35:51,499 - WARNING - Attempt 1 failed for D:\Acronis Backup\ipc backup\server  2\2023-04-26\TRENDDATA11\Trend_SUB_MAIN_33KV_CELL_03_M_RESIDUAL_CURRENT_I0.HST: 'Y:\\Trend_SUB_MAIN_33KV_CELL_03_M_RESIDUAL_CURRENT_I0.csv.gz' and 'Y:\\\\Trend_SUB_MAIN_33KV_CELL_03_M_RESIDUAL_CURRENT_I0.csv.gz' are the same file
2025-10-31 18:35:57,578 - INFO -   \u2713 Renamed 'Time' to 'Timestamp' in CSV
2025-10-31 18:36:14,266 - WARNING - Attempt 1 failed for D:\Acronis Backup\ipc backup\server  2\2023-04-26\TRENDDATA11\Trend_SUB_MAIN_33KV_CELL_03_M_SEQUENCE_CURRENT_POS_AMP.HST: 'Y:\\Trend_SUB_MAIN_33KV_CELL_03_M_SEQUENCE_CURRENT_POS_AMP.csv.gz' and 'Y:\\\\Trend_SUB_MAIN_33KV_CELL_03_M_SEQUENCE_CURRENT_POS_AMP.csv.gz' are the same file
2025-10-31 18:36:20,439 - WARNING - Attempt 1 failed for D:\Acronis Backup\ipc backup\server  2\2023-04-26\TRENDDATA11\Trend_SUB_MAIN_33KV_CELL_03_M_PHASE_VOLTAGE_CA.HST: 'Y:\\Trend_SUB_MAIN_33KV_CELL_03_M_PHASE_VOLTAGE_CA.csv.gz' and 'Y:\\\\Trend_SUB_MAIN_33KV_CELL_03_M_PHASE_VOLTAGE_CA.csv.gz' are the same file
2025-10-31 18:36:41,752 - INFO -   \u2713 Renamed 'Time' to 'Timestamp' in CSV
2025-10-31 18:37:03,457 - WARNING - Attempt 1 failed for D:\Acronis Backup\ipc backup\server  2\2023-04-26\TRENDDATA11\Trend_SUB_MAIN_33KV_CELL_03_M_SEQUENCE_CURRENT_ZERO_AMP.HST: 'Y:\\Trend_SUB_MAIN_33KV_CELL_03_M_SEQUENCE_CURRENT_ZERO_AMP.csv.gz' and 'Y:\\\\Trend_SUB_MAIN_33KV_CELL_03_M_SEQUENCE_CURRENT_ZERO_AMP.csv.gz' are the same file
2025-10-31 18:37:05,988 - INFO - \u2713 Processed Trend_SUB_MAIN_33KV_CELL_03_M_SEQUENCE_VOLTAGE_POS_AMP.HST
2025-10-31 18:37:14,442 - INFO -   \u2713 Renamed 'Time' to 'Timestamp' in CSV
2025-10-31 18:37:39,318 - WARNING - Attempt 1 failed for D:\Acronis Backup\ipc backup\server  2\2023-04-26\TRENDDATA11\Trend_SUB_MAIN_33KV_CELL_03_M_SEQUENCE_VOLTAGE_NEG_AMP.HST: 'Y:\\Trend_SUB_MAIN_33KV_CELL_03_M_SEQUENCE_VOLTAGE_NEG_AMP.csv.gz' and 'Y:\\\\Trend_SUB_MAIN_33KV_CELL_03_M_SEQUENCE_VOLTAGE_NEG_AMP.csv.gz' are the same file
2025-10-31 18:38:03,772 - INFO - \u2713 Processed Trend_SUB_MAIN_33KV_CELL_03_M_PHASE_VOLTAGE_BC.HST
2025-10-31 18:38:51,649 - INFO - \u2713 Processed Trend_SUB_MAIN_33KV_CELL_03_M_PHASE_VOLTAGE_C.HST
2025-10-31 18:39:13,822 - INFO -   \u2713 Renamed 'Time' to 'Timestamp' in CSV
2025-10-31 18:39:33,604 - WARNING - Attempt 1 failed for D:\Acronis Backup\ipc backup\server  2\2023-04-26\TRENDDATA11\Trend_SUB_MAIN_33KV_CELL_03_M_SEQUENCE_VOLTAGE_POS_AMP.HST: 'Y:\\Trend_SUB_MAIN_33KV_CELL_03_M_SEQUENCE_VOLTAGE_POS_AMP.csv.gz' and 'Y:\\\\Trend_SUB_MAIN_33KV_CELL_03_M_SEQUENCE_VOLTAGE_POS_AMP.csv.gz' are the same file
2025-10-31 18:40:13,387 - INFO -   \u2713 Renamed 'Time' to 'Timestamp' in CSV
2025-10-31 18:40:18,965 - INFO - \u2713 Processed Trend_SUB_MAIN_33KV_CELL_03_M_SEQUENCE_CURRENT_NEG_AMP.HST
2025-10-31 18:40:32,965 - INFO - \u2713 Processed Trend_SUB_MAIN_33KV_CELL_03_M_RESIDUAL_CURRENT_I0.HST
2025-10-31 18:40:33,793 - INFO - \u2713 Processed Trend_SUB_MAIN_33KV_CELL_03_M_RESIDUAL_VOLTAGE_V0.HST
2025-10-31 18:40:37,137 - WARNING - Attempt 2 failed for D:\Acronis Backup\ipc backup\server  2\2023-04-26\TRENDDATA11\Trend_SUB_MAIN_33KV_CELL_03_M_PHASE_VOLTAGE_BC.HST: 'Y:\\Trend_SUB_MAIN_33KV_CELL_03_M_PHASE_VOLTAGE_BC.csv.gz' and 'Y:\\\\Trend_SUB_MAIN_33KV_CELL_03_M_PHASE_VOLTAGE_BC.csv.gz' are the same file
2025-10-31 18:41:06,685 - INFO -   \u2713 Renamed 'Time' to 'Timestamp' in CSV
2025-10-31 18:41:11,779 - INFO - \u2713 Processed Trend_SUB_MAIN_33KV_CELL_03_M_PHASE_VOLTAGE_CA.HST
2025-10-31 18:41:18,513 - INFO - \u2713 Processed Trend_SUB_MAIN_33KV_CELL_03_M_SEQUENCE_CURRENT_POS_AMP.HST
2025-10-31 18:41:30,545 - WARNING - Attempt 2 failed for D:\Acronis Backup\ipc backup\server  2\2023-04-26\TRENDDATA11\Trend_SUB_MAIN_33KV_CELL_03_M_PHASE_VOLTAGE_C.HST: 'Y:\\Trend_SUB_MAIN_33KV_CELL_03_M_PHASE_VOLTAGE_C.csv.gz' and 'Y:\\\\Trend_SUB_MAIN_33KV_CELL_03_M_PHASE_VOLTAGE_C.csv.gz' are the same file
2025-10-31 18:41:48,170 - INFO - \u2713 Processed Trend_SUB_MAIN_33KV_CELL_03_M_SEQUENCE_CURRENT_ZERO_AMP.HST
2025-10-31 18:42:25,030 - INFO - \u2713 Processed Trend_SUB_MAIN_33KV_CELL_03_M_SEQUENCE_VOLTAGE_NEG_AMP.HST
2025-10-31 18:42:30,140 - INFO -   \u2713 Renamed 'Time' to 'Timestamp' in CSV
2025-10-31 18:42:45,343 - INFO -   \u2713 Renamed 'Time' to 'Timestamp' in CSV
2025-10-31 18:42:48,203 - INFO -   \u2713 Renamed 'Time' to 'Timestamp' in CSV
2025-10-31 18:42:53,890 - WARNING - Attempt 2 failed for D:\Acronis Backup\ipc backup\server  2\2023-04-26\TRENDDATA11\Trend_SUB_MAIN_33KV_CELL_03_M_SEQUENCE_CURRENT_NEG_AMP.HST: 'Y:\\Trend_SUB_MAIN_33KV_CELL_03_M_SEQUENCE_CURRENT_NEG_AMP.csv.gz' and 'Y:\\\\Trend_SUB_MAIN_33KV_CELL_03_M_SEQUENCE_CURRENT_NEG_AMP.csv.gz' are the same file
2025-10-31 18:43:08,875 - WARNING - Attempt 2 failed for D:\Acronis Backup\ipc backup\server  2\2023-04-26\TRENDDATA11\Trend_SUB_MAIN_33KV_CELL_03_M_RESIDUAL_VOLTAGE_V0.HST: 'Y:\\Trend_SUB_MAIN_33KV_CELL_03_M_RESIDUAL_VOLTAGE_V0.csv.gz' and 'Y:\\\\Trend_SUB_MAIN_33KV_CELL_03_M_RESIDUAL_VOLTAGE_V0.csv.gz' are the same file
2025-10-31 18:43:10,188 - WARNING - Attempt 2 failed for D:\Acronis Backup\ipc backup\server  2\2023-04-26\TRENDDATA11\Trend_SUB_MAIN_33KV_CELL_03_M_RESIDUAL_CURRENT_I0.HST: 'Y:\\Trend_SUB_MAIN_33KV_CELL_03_M_RESIDUAL_CURRENT_I0.csv.gz' and 'Y:\\\\Trend_SUB_MAIN_33KV_CELL_03_M_RESIDUAL_CURRENT_I0.csv.gz' are the same file
2025-10-31 18:43:26,016 - INFO -   \u2713 Renamed 'Time' to 'Timestamp' in CSV
2025-10-31 18:43:33,016 - INFO -   \u2713 Renamed 'Time' to 'Timestamp' in CSV
2025-10-31 18:43:48,938 - WARNING - Attempt 2 failed for D:\Acronis Backup\ipc backup\server  2\2023-04-26\TRENDDATA11\Trend_SUB_MAIN_33KV_CELL_03_M_PHASE_VOLTAGE_CA.HST: 'Y:\\Trend_SUB_MAIN_33KV_CELL_03_M_PHASE_VOLTAGE_CA.csv.gz' and 'Y:\\\\Trend_SUB_MAIN_33KV_CELL_03_M_PHASE_VOLTAGE_CA.csv.gz' are the same file
2025-10-31 18:43:55,141 - WARNING - Attempt 2 failed for D:\Acronis Backup\ipc backup\server  2\2023-04-26\TRENDDATA11\Trend_SUB_MAIN_33KV_CELL_03_M_SEQUENCE_CURRENT_POS_AMP.HST: 'Y:\\Trend_SUB_MAIN_33KV_CELL_03_M_SEQUENCE_CURRENT_POS_AMP.csv.gz' and 'Y:\\\\Trend_SUB_MAIN_33KV_CELL_03_M_SEQUENCE_CURRENT_POS_AMP.csv.gz' are the same file
2025-10-31 18:43:57,313 - INFO -   \u2713 Renamed 'Time' to 'Timestamp' in CSV
2025-10-31 18:44:16,517 - WARNING - Attempt 2 failed for D:\Acronis Backup\ipc backup\server  2\2023-04-26\TRENDDATA11\Trend_SUB_MAIN_33KV_CELL_03_M_SEQUENCE_CURRENT_ZERO_AMP.HST: 'Y:\\Trend_SUB_MAIN_33KV_CELL_03_M_SEQUENCE_CURRENT_ZERO_AMP.csv.gz' and 'Y:\\\\Trend_SUB_MAIN_33KV_CELL_03_M_SEQUENCE_CURRENT_ZERO_AMP.csv.gz' are the same file
2025-10-31 18:44:37,580 - INFO - \u2713 Processed Trend_SUB_MAIN_33KV_CELL_03_M_SEQUENCE_VOLTAGE_POS_AMP.HST
2025-10-31 18:44:37,705 - INFO -   \u2713 Renamed 'Time' to 'Timestamp' in CSV
2025-10-31 18:45:03,455 - WARNING - Attempt 2 failed for D:\Acronis Backup\ipc backup\server  2\2023-04-26\TRENDDATA11\Trend_SUB_MAIN_33KV_CELL_03_M_SEQUENCE_VOLTAGE_NEG_AMP.HST: 'Y:\\Trend_SUB_MAIN_33KV_CELL_03_M_SEQUENCE_VOLTAGE_NEG_AMP.csv.gz' and 'Y:\\\\Trend_SUB_MAIN_33KV_CELL_03_M_SEQUENCE_VOLTAGE_NEG_AMP.csv.gz' are the same file
2025-10-31 18:45:03,767 - WARNING - Attempt 2 failed for D:\Acronis Backup\ipc backup\server  2\2023-04-26\TRENDDATA11\Trend_SUB_MAIN_33KV_CELL_03_M_SEQUENCE_VOLTAGE_POS_AMP.HST: Unable to allocate 120. MiB for an array with shape (15724717,) and data type int64
2025-10-31 18:45:40,846 - INFO - \u2713 Processed Trend_SUB_MAIN_33KV_CELL_03_M_PHASE_VOLTAGE_BC.HST
2025-10-31 18:46:11,099 - INFO - \u2713 Processed Trend_SUB_MAIN_33KV_CELL_03_M_PHASE_VOLTAGE_C.HST
2025-10-31 18:47:44,149 - INFO -   \u2713 Renamed 'Time' to 'Timestamp' in CSV
2025-10-31 18:48:07,978 - INFO -   \u2713 Renamed 'Time' to 'Timestamp' in CSV
2025-10-31 18:48:35,025 - WARNING - Attempt 3 failed for D:\Acronis Backup\ipc backup\server  2\2023-04-26\TRENDDATA11\Trend_SUB_MAIN_33KV_CELL_03_M_PHASE_VOLTAGE_BC.HST: 'Y:\\Trend_SUB_MAIN_33KV_CELL_03_M_PHASE_VOLTAGE_BC.csv.gz' and 'Y:\\\\Trend_SUB_MAIN_33KV_CELL_03_M_PHASE_VOLTAGE_BC.csv.gz' are the same file
2025-10-31 18:48:35,025 - ERROR - \u2717 Failed Trend_SUB_MAIN_33KV_CELL_03_M_PHASE_VOLTAGE_BC.HST after 3 attempts
2025-10-31 18:48:36,587 - WARNING - Attempt 3 failed for D:\Acronis Backup\ipc backup\server  2\2023-04-26\TRENDDATA11\Trend_SUB_MAIN_33KV_CELL_03_M_PHASE_VOLTAGE_C.HST: 'Y:\\Trend_SUB_MAIN_33KV_CELL_03_M_PHASE_VOLTAGE_C.csv.gz' and 'Y:\\\\Trend_SUB_MAIN_33KV_CELL_03_M_PHASE_VOLTAGE_C.csv.gz' are the same file
2025-10-31 18:48:36,587 - ERROR - \u2717 Failed Trend_SUB_MAIN_33KV_CELL_03_M_PHASE_VOLTAGE_C.HST after 3 attempts
2025-10-31 18:48:59,088 - INFO - \u2713 Processed Trend_SUB_MAIN_33KV_CELL_03_M_RESIDUAL_VOLTAGE_V0.HST
2025-10-31 18:49:00,916 - INFO - \u2713 Processed Trend_SUB_MAIN_33KV_CELL_03_M_SEQUENCE_CURRENT_NEG_AMP.HST
2025-10-31 18:49:02,072 - INFO - \u2713 Processed Trend_SUB_MAIN_33KV_CELL_03_M_RESIDUAL_CURRENT_I0.HST
2025-10-31 18:49:43,354 - INFO - \u2713 Processed Trend_SUB_MAIN_33KV_CELL_03_M_SEQUENCE_CURRENT_ZERO_AMP.HST
2025-10-31 18:49:46,463 - INFO - \u2713 Processed Trend_SUB_MAIN_33KV_CELL_03_M_PHASE_VOLTAGE_CA.HST
2025-10-31 18:50:05,822 - INFO - \u2713 Processed Trend_SUB_MAIN_33KV_CELL_03_M_SEQUENCE_CURRENT_POS_AMP.HST
2025-10-31 18:50:33,916 - INFO - \u2713 Processed Trend_SUB_MAIN_33KV_CELL_03_M_SEQUENCE_VOLTAGE_NEG_AMP.HST
2025-10-31 18:50:44,526 - INFO - \u2713 Processed Trend_SUB_MAIN_33KV_CELL_03_M_SEQUENCE_VOLTAGE_POS_AMP.HST
2025-10-31 18:51:07,247 - INFO -   \u2713 Renamed 'Time' to 'Timestamp' in CSV
2025-10-31 18:51:08,919 - INFO -   \u2713 Renamed 'Time' to 'Timestamp' in CSV
2025-10-31 18:51:10,200 - INFO -   \u2713 Renamed 'Time' to 'Timestamp' in CSV
2025-10-31 18:51:31,343 - WARNING - Attempt 3 failed for D:\Acronis Backup\ipc backup\server  2\2023-04-26\TRENDDATA11\Trend_SUB_MAIN_33KV_CELL_03_M_RESIDUAL_VOLTAGE_V0.HST: 'Y:\\Trend_SUB_MAIN_33KV_CELL_03_M_RESIDUAL_VOLTAGE_V0.csv.gz' and 'Y:\\\\Trend_SUB_MAIN_33KV_CELL_03_M_RESIDUAL_VOLTAGE_V0.csv.gz' are the same file
2025-10-31 18:51:33,890 - WARNING - Attempt 3 failed for D:\Acronis Backup\ipc backup\server  2\2023-04-26\TRENDDATA11\Trend_SUB_MAIN_33KV_CELL_03_M_SEQUENCE_CURRENT_NEG_AMP.HST: 'Y:\\Trend_SUB_MAIN_33KV_CELL_03_M_SEQUENCE_CURRENT_NEG_AMP.csv.gz' and 'Y:\\\\Trend_SUB_MAIN_33KV_CELL_03_M_SEQUENCE_CURRENT_NEG_AMP.csv.gz' are the same file
2025-10-31 18:51:35,281 - WARNING - Attempt 3 failed for D:\Acronis Backup\ipc backup\server  2\2023-04-26\TRENDDATA11\Trend_SUB_MAIN_33KV_CELL_03_M_RESIDUAL_CURRENT_I0.HST: 'Y:\\Trend_SUB_MAIN_33KV_CELL_03_M_RESIDUAL_CURRENT_I0.csv.gz' and 'Y:\\\\Trend_SUB_MAIN_33KV_CELL_03_M_RESIDUAL_CURRENT_I0.csv.gz' are the same file
2025-10-31 18:51:41,734 - ERROR - \u2717 Failed Trend_SUB_MAIN_33KV_CELL_03_M_RESIDUAL_VOLTAGE_V0.HST after 3 attempts
2025-10-31 18:51:41,734 - ERROR - \u2717 Failed Trend_SUB_MAIN_33KV_CELL_03_M_SEQUENCE_CURRENT_NEG_AMP.HST after 3 attempts
2025-10-31 18:51:41,734 - ERROR - \u2717 Failed Trend_SUB_MAIN_33KV_CELL_03_M_RESIDUAL_CURRENT_I0.HST after 3 attempts
2025-10-31 18:51:50,751 - INFO -   \u2713 Renamed 'Time' to 'Timestamp' in CSV
2025-10-31 18:52:00,783 - INFO -   \u2713 Renamed 'Time' to 'Timestamp' in CSV
2025-10-31 18:52:19,721 - INFO -   \u2713 Renamed 'Time' to 'Timestamp' in CSV
2025-10-31 18:52:43,301 - INFO -   \u2713 Renamed 'Time' to 'Timestamp' in CSV
2025-10-31 18:52:53,099 - INFO -   \u2713 Renamed 'Time' to 'Timestamp' in CSV
2025-10-31 18:57:48,517 - WARNING - Attempt 3 failed for D:\Acronis Backup\ipc backup\server  2\2023-04-26\TRENDDATA11\Trend_SUB_MAIN_33KV_CELL_03_M_SEQUENCE_CURRENT_ZERO_AMP.HST: 'Y:\\Trend_SUB_MAIN_33KV_CELL_03_M_SEQUENCE_CURRENT_ZERO_AMP.csv.gz' and 'Y:\\\\Trend_SUB_MAIN_33KV_CELL_03_M_SEQUENCE_CURRENT_ZERO_AMP.csv.gz' are the same file
2025-10-31 18:57:48,517 - ERROR - \u2717 Failed Trend_SUB_MAIN_33KV_CELL_03_M_SEQUENCE_CURRENT_ZERO_AMP.HST after 3 attempts
2025-10-31 18:57:49,907 - WARNING - Attempt 3 failed for D:\Acronis Backup\ipc backup\server  2\2023-04-26\TRENDDATA11\Trend_SUB_MAIN_33KV_CELL_03_M_SEQUENCE_VOLTAGE_POS_AMP.HST: 'Y:\\Trend_SUB_MAIN_33KV_CELL_03_M_SEQUENCE_VOLTAGE_POS_AMP.csv.gz' and 'Y:\\\\Trend_SUB_MAIN_33KV_CELL_03_M_SEQUENCE_VOLTAGE_POS_AMP.csv.gz' are the same file
2025-10-31 18:57:49,907 - ERROR - \u2717 Failed Trend_SUB_MAIN_33KV_CELL_03_M_SEQUENCE_VOLTAGE_POS_AMP.HST after 3 attempts
2025-10-31 18:57:50,142 - WARNING - Attempt 3 failed for D:\Acronis Backup\ipc backup\server  2\2023-04-26\TRENDDATA11\Trend_SUB_MAIN_33KV_CELL_03_M_SEQUENCE_CURRENT_POS_AMP.HST: 'Y:\\Trend_SUB_MAIN_33KV_CELL_03_M_SEQUENCE_CURRENT_POS_AMP.csv.gz' and 'Y:\\\\Trend_SUB_MAIN_33KV_CELL_03_M_SEQUENCE_CURRENT_POS_AMP.csv.gz' are the same file
2025-10-31 18:57:50,142 - ERROR - \u2717 Failed Trend_SUB_MAIN_33KV_CELL_03_M_SEQUENCE_CURRENT_POS_AMP.HST after 3 attempts
2025-10-31 18:57:50,907 - WARNING - Attempt 3 failed for D:\Acronis Backup\ipc backup\server  2\2023-04-26\TRENDDATA11\Trend_SUB_MAIN_33KV_CELL_03_M_SEQUENCE_VOLTAGE_NEG_AMP.HST: 'Y:\\Trend_SUB_MAIN_33KV_CELL_03_M_SEQUENCE_VOLTAGE_NEG_AMP.csv.gz' and 'Y:\\\\Trend_SUB_MAIN_33KV_CELL_03_M_SEQUENCE_VOLTAGE_NEG_AMP.csv.gz' are the same file
2025-10-31 18:57:50,907 - ERROR - \u2717 Failed Trend_SUB_MAIN_33KV_CELL_03_M_SEQUENCE_VOLTAGE_NEG_AMP.HST after 3 attempts
2025-10-31 18:57:51,907 - WARNING - Attempt 3 failed for D:\Acronis Backup\ipc backup\server  2\2023-04-26\TRENDDATA11\Trend_SUB_MAIN_33KV_CELL_03_M_PHASE_VOLTAGE_CA.HST: 'Y:\\Trend_SUB_MAIN_33KV_CELL_03_M_PHASE_VOLTAGE_CA.csv.gz' and 'Y:\\\\Trend_SUB_MAIN_33KV_CELL_03_M_PHASE_VOLTAGE_CA.csv.gz' are the same file
2025-10-31 18:57:51,907 - ERROR - \u2717 Failed Trend_SUB_MAIN_33KV_CELL_03_M_PHASE_VOLTAGE_CA.HST after 3 attempts
2025-10-31 18:58:50,705 - INFO - \u2713 Processed Trend_SUB_MAIN_33KV_CELL_03_M_SEQUENCE_VOLTAGE_ZERO_AMP.HST
2025-10-31 18:59:06,612 - INFO - \u2713 Processed Trend_SUB_MAIN_33KV_CELL_03_M_TOTAL_ACTIVE_POWER_P.HST
2025-10-31 19:00:37,395 - INFO -   \u2713 Renamed 'Time' to 'Timestamp' in CSV
2025-10-31 19:00:55,973 - WARNING - Attempt 1 failed for D:\Acronis Backup\ipc backup\server  2\2023-04-26\TRENDDATA11\Trend_SUB_MAIN_33KV_CELL_03_M_SEQUENCE_VOLTAGE_ZERO_AMP.HST: 'Y:\\Trend_SUB_MAIN_33KV_CELL_03_M_SEQUENCE_VOLTAGE_ZERO_AMP.csv.gz' and 'Y:\\\\Trend_SUB_MAIN_33KV_CELL_03_M_SEQUENCE_VOLTAGE_ZERO_AMP.csv.gz' are the same file
2025-10-31 19:01:08,145 - INFO -   \u2713 Renamed 'Time' to 'Timestamp' in CSV
2025-10-31 19:01:08,567 - INFO - \u2713 Processed Trend_SUB_MAIN_33KV_CELL_03_M_TOTAL_APPARENT_POWER_S.HST
2025-10-31 19:01:09,051 - INFO - \u2713 Processed Trend_SUB_MAIN_33KV_CELL_03_M_VOLTAGE_DEMAND_AB_AMP.HST
2025-10-31 19:01:21,880 - INFO - \u2713 Processed Trend_SUB_MAIN_33KV_CELL_03_M_TOTAL_REACTIVE_POWER_Q.HST
2025-10-31 19:01:51,474 - WARNING - Attempt 1 failed for D:\Acronis Backup\ipc backup\server  2\2023-04-26\TRENDDATA11\Trend_SUB_MAIN_33KV_CELL_03_M_TOTAL_ACTIVE_POWER_P.HST: 'Y:\\Trend_SUB_MAIN_33KV_CELL_03_M_TOTAL_ACTIVE_POWER_P.csv.gz' and 'Y:\\\\Trend_SUB_MAIN_33KV_CELL_03_M_TOTAL_ACTIVE_POWER_P.csv.gz' are the same file
2025-10-31 19:02:27,443 - INFO - \u2713 Processed Trend_SUB_MAIN_33KV_CELL_03_M_VOLTAGE_DEMAND_BC_AMP.HST
2025-10-31 19:02:30,881 - INFO - \u2713 Processed Trend_SUB_MAIN_33KV_CELL_03_M_VOLTAGE_DEMAND_A_AMP.HST
2025-10-31 19:02:31,256 - INFO - \u2713 Processed Trend_SUB_MAIN_33KV_CELL_03_M_VOLTAGE_DEMAND_B_AMP.HST
2025-10-31 19:03:22,272 - INFO -   \u2713 Renamed 'Time' to 'Timestamp' in CSV
2025-10-31 19:03:29,038 - INFO -   \u2713 Renamed 'Time' to 'Timestamp' in CSV
2025-10-31 19:03:42,163 - INFO -   \u2713 Renamed 'Time' to 'Timestamp' in CSV
2025-10-31 19:03:47,975 - WARNING - Attempt 1 failed for D:\Acronis Backup\ipc backup\server  2\2023-04-26\TRENDDATA11\Trend_SUB_MAIN_33KV_CELL_03_M_VOLTAGE_DEMAND_AB_AMP.HST: 'Y:\\Trend_SUB_MAIN_33KV_CELL_03_M_VOLTAGE_DEMAND_AB_AMP.csv.gz' and 'Y:\\\\Trend_SUB_MAIN_33KV_CELL_03_M_VOLTAGE_DEMAND_AB_AMP.csv.gz' are the same file
2025-10-31 19:04:10,882 - WARNING - Attempt 1 failed for D:\Acronis Backup\ipc backup\server  2\2023-04-26\TRENDDATA11\Trend_SUB_MAIN_33KV_CELL_03_M_TOTAL_APPARENT_POWER_S.HST: 'Y:\\Trend_SUB_MAIN_33KV_CELL_03_M_TOTAL_APPARENT_POWER_S.csv.gz' and 'Y:\\\\Trend_SUB_MAIN_33KV_CELL_03_M_TOTAL_APPARENT_POWER_S.csv.gz' are the same file
2025-10-31 19:04:30,210 - WARNING - Attempt 1 failed for D:\Acronis Backup\ipc backup\server  2\2023-04-26\TRENDDATA11\Trend_SUB_MAIN_33KV_CELL_03_M_TOTAL_REACTIVE_POWER_Q.HST: 'Y:\\Trend_SUB_MAIN_33KV_CELL_03_M_TOTAL_REACTIVE_POWER_Q.csv.gz' and 'Y:\\\\Trend_SUB_MAIN_33KV_CELL_03_M_TOTAL_REACTIVE_POWER_Q.csv.gz' are the same file
2025-10-31 19:04:33,507 - INFO -   \u2713 Renamed 'Time' to 'Timestamp' in CSV
2025-10-31 19:04:38,085 - INFO -   \u2713 Renamed 'Time' to 'Timestamp' in CSV
2025-10-31 19:04:38,226 - INFO -   \u2713 Renamed 'Time' to 'Timestamp' in CSV
2025-10-31 19:04:57,929 - WARNING - Attempt 1 failed for D:\Acronis Backup\ipc backup\server  2\2023-04-26\TRENDDATA11\Trend_SUB_MAIN_33KV_CELL_03_M_VOLTAGE_DEMAND_BC_AMP.HST: 'Y:\\Trend_SUB_MAIN_33KV_CELL_03_M_VOLTAGE_DEMAND_BC_AMP.csv.gz' and 'Y:\\\\Trend_SUB_MAIN_33KV_CELL_03_M_VOLTAGE_DEMAND_BC_AMP.csv.gz' are the same file
2025-10-31 19:05:03,179 - WARNING - Attempt 1 failed for D:\Acronis Backup\ipc backup\server  2\2023-04-26\TRENDDATA11\Trend_SUB_MAIN_33KV_CELL_03_M_VOLTAGE_DEMAND_A_AMP.HST: 'Y:\\Trend_SUB_MAIN_33KV_CELL_03_M_VOLTAGE_DEMAND_A_AMP.csv.gz' and 'Y:\\\\Trend_SUB_MAIN_33KV_CELL_03_M_VOLTAGE_DEMAND_A_AMP.csv.gz' are the same file
2025-10-31 19:05:03,867 - WARNING - Attempt 1 failed for D:\Acronis Backup\ipc backup\server  2\2023-04-26\TRENDDATA11\Trend_SUB_MAIN_33KV_CELL_03_M_VOLTAGE_DEMAND_B_AMP.HST: 'Y:\\Trend_SUB_MAIN_33KV_CELL_03_M_VOLTAGE_DEMAND_B_AMP.csv.gz' and 'Y:\\\\Trend_SUB_MAIN_33KV_CELL_03_M_VOLTAGE_DEMAND_B_AMP.csv.gz' are the same file
2025-10-31 19:06:16,930 - INFO - \u2713 Processed Trend_SUB_MAIN_33KV_CELL_03_M_SEQUENCE_VOLTAGE_ZERO_AMP.HST
2025-10-31 19:07:48,102 - INFO - \u2713 Processed Trend_SUB_MAIN_33KV_CELL_03_M_TOTAL_ACTIVE_POWER_P.HST
2025-10-31 19:08:00,025 - INFO -   \u2713 Renamed 'Time' to 'Timestamp' in CSV
2025-10-31 19:08:22,559 - WARNING - Attempt 2 failed for D:\Acronis Backup\ipc backup\server  2\2023-04-26\TRENDDATA11\Trend_SUB_MAIN_33KV_CELL_03_M_SEQUENCE_VOLTAGE_ZERO_AMP.HST: 'Y:\\Trend_SUB_MAIN_33KV_CELL_03_M_SEQUENCE_VOLTAGE_ZERO_AMP.csv.gz' and 'Y:\\\\Trend_SUB_MAIN_33KV_CELL_03_M_SEQUENCE_VOLTAGE_ZERO_AMP.csv.gz' are the same file
2025-10-31 19:09:31,189 - INFO - \u2713 Processed Trend_SUB_MAIN_33KV_CELL_03_M_VOLTAGE_DEMAND_AB_AMP.HST
2025-10-31 19:09:47,112 - INFO - \u2713 Processed Trend_SUB_MAIN_33KV_CELL_03_M_TOTAL_REACTIVE_POWER_Q.HST
2025-10-31 19:09:51,940 - INFO -   \u2713 Renamed 'Time' to 'Timestamp' in CSV
2025-10-31 19:10:02,456 - INFO - \u2713 Processed Trend_SUB_MAIN_33KV_CELL_03_M_TOTAL_APPARENT_POWER_S.HST
2025-10-31 19:10:32,317 - WARNING - Attempt 2 failed for D:\Acronis Backup\ipc backup\server  2\2023-04-26\TRENDDATA11\Trend_SUB_MAIN_33KV_CELL_03_M_TOTAL_ACTIVE_POWER_P.HST: 'Y:\\Trend_SUB_MAIN_33KV_CELL_03_M_TOTAL_ACTIVE_POWER_P.csv.gz' and 'Y:\\\\Trend_SUB_MAIN_33KV_CELL_03_M_TOTAL_ACTIVE_POWER_P.csv.gz' are the same file
2025-10-31 19:10:33,693 - INFO - \u2713 Processed Trend_SUB_MAIN_33KV_CELL_03_M_VOLTAGE_DEMAND_BC_AMP.HST
2025-10-31 19:10:38,599 - INFO - \u2713 Processed Trend_SUB_MAIN_33KV_CELL_03_M_VOLTAGE_DEMAND_B_AMP.HST
2025-10-31 19:10:54,725 - INFO - \u2713 Processed Trend_SUB_MAIN_33KV_CELL_03_M_VOLTAGE_DEMAND_A_AMP.HST
2025-10-31 19:11:48,477 - INFO -   \u2713 Renamed 'Time' to 'Timestamp' in CSV
2025-10-31 19:12:06,556 - INFO -   \u2713 Renamed 'Time' to 'Timestamp' in CSV
2025-10-31 19:12:13,931 - WARNING - Attempt 2 failed for D:\Acronis Backup\ipc backup\server  2\2023-04-26\TRENDDATA11\Trend_SUB_MAIN_33KV_CELL_03_M_VOLTAGE_DEMAND_AB_AMP.HST: 'Y:\\Trend_SUB_MAIN_33KV_CELL_03_M_VOLTAGE_DEMAND_AB_AMP.csv.gz' and 'Y:\\\\Trend_SUB_MAIN_33KV_CELL_03_M_VOLTAGE_DEMAND_AB_AMP.csv.gz' are the same file
2025-10-31 19:12:20,994 - INFO -   \u2713 Renamed 'Time' to 'Timestamp' in CSV
2025-10-31 19:12:35,057 - INFO - \u2713 Processed Trend_SUB_MAIN_33KV_CELL_03_M_SEQUENCE_VOLTAGE_ZERO_AMP.HST
2025-10-31 19:12:38,448 - INFO -   \u2713 Renamed 'Time' to 'Timestamp' in CSV
2025-10-31 19:12:48,558 - WARNING - Attempt 2 failed for D:\Acronis Backup\ipc backup\server  2\2023-04-26\TRENDDATA11\Trend_SUB_MAIN_33KV_CELL_03_M_TOTAL_REACTIVE_POWER_Q.HST: 'Y:\\Trend_SUB_MAIN_33KV_CELL_03_M_TOTAL_REACTIVE_POWER_Q.csv.gz' and 'Y:\\\\Trend_SUB_MAIN_33KV_CELL_03_M_TOTAL_REACTIVE_POWER_Q.csv.gz' are the same file
2025-10-31 19:12:49,105 - INFO -   \u2713 Renamed 'Time' to 'Timestamp' in CSV
2025-10-31 19:13:01,839 - WARNING - Attempt 2 failed for D:\Acronis Backup\ipc backup\server  2\2023-04-26\TRENDDATA11\Trend_SUB_MAIN_33KV_CELL_03_M_TOTAL_APPARENT_POWER_S.HST: 'Y:\\Trend_SUB_MAIN_33KV_CELL_03_M_TOTAL_APPARENT_POWER_S.csv.gz' and 'Y:\\\\Trend_SUB_MAIN_33KV_CELL_03_M_TOTAL_APPARENT_POWER_S.csv.gz' are the same file
2025-10-31 19:13:04,308 - WARNING - Attempt 2 failed for D:\Acronis Backup\ipc backup\server  2\2023-04-26\TRENDDATA11\Trend_SUB_MAIN_33KV_CELL_03_M_VOLTAGE_DEMAND_BC_AMP.HST: 'Y:\\Trend_SUB_MAIN_33KV_CELL_03_M_VOLTAGE_DEMAND_BC_AMP.csv.gz' and 'Y:\\\\Trend_SUB_MAIN_33KV_CELL_03_M_VOLTAGE_DEMAND_BC_AMP.csv.gz' are the same file
2025-10-31 19:13:11,231 - WARNING - Attempt 2 failed for D:\Acronis Backup\ipc backup\server  2\2023-04-26\TRENDDATA11\Trend_SUB_MAIN_33KV_CELL_03_M_VOLTAGE_DEMAND_B_AMP.HST: 'Y:\\Trend_SUB_MAIN_33KV_CELL_03_M_VOLTAGE_DEMAND_B_AMP.csv.gz' and 'Y:\\\\Trend_SUB_MAIN_33KV_CELL_03_M_VOLTAGE_DEMAND_B_AMP.csv.gz' are the same file
2025-10-31 19:13:13,512 - INFO -   \u2713 Renamed 'Time' to 'Timestamp' in CSV
2025-10-31 19:13:33,450 - WARNING - Attempt 2 failed for D:\Acronis Backup\ipc backup\server  2\2023-04-26\TRENDDATA11\Trend_SUB_MAIN_33KV_CELL_03_M_VOLTAGE_DEMAND_A_AMP.HST: 'Y:\\Trend_SUB_MAIN_33KV_CELL_03_M_VOLTAGE_DEMAND_A_AMP.csv.gz' and 'Y:\\\\Trend_SUB_MAIN_33KV_CELL_03_M_VOLTAGE_DEMAND_A_AMP.csv.gz' are the same file
2025-10-31 19:14:24,545 - INFO -   \u2713 Renamed 'Time' to 'Timestamp' in CSV
2025-10-31 19:14:46,436 - WARNING - Attempt 3 failed for D:\Acronis Backup\ipc backup\server  2\2023-04-26\TRENDDATA11\Trend_SUB_MAIN_33KV_CELL_03_M_SEQUENCE_VOLTAGE_ZERO_AMP.HST: 'Y:\\Trend_SUB_MAIN_33KV_CELL_03_M_SEQUENCE_VOLTAGE_ZERO_AMP.csv.gz' and 'Y:\\\\Trend_SUB_MAIN_33KV_CELL_03_M_SEQUENCE_VOLTAGE_ZERO_AMP.csv.gz' are the same file
2025-10-31 19:14:46,436 - ERROR - \u2717 Failed Trend_SUB_MAIN_33KV_CELL_03_M_SEQUENCE_VOLTAGE_ZERO_AMP.HST after 3 attempts
2025-10-31 19:15:13,718 - INFO - \u2713 Processed Trend_SUB_MAIN_33KV_CELL_03_M_TOTAL_ACTIVE_POWER_P.HST
2025-10-31 19:17:22,439 - INFO -   \u2713 Renamed 'Time' to 'Timestamp' in CSV
2025-10-31 19:17:26,236 - INFO - \u2713 Processed Trend_SUB_MAIN_33KV_CELL_03_M_TOTAL_REACTIVE_POWER_Q.HST
2025-10-31 19:17:29,502 - INFO - \u2713 Processed Trend_SUB_MAIN_33KV_CELL_03_M_VOLTAGE_DEMAND_AB_AMP.HST
2025-10-31 19:17:40,814 - INFO - \u2713 Processed Trend_SUB_MAIN_33KV_CELL_03_M_TOTAL_APPARENT_POWER_S.HST
2025-10-31 19:17:43,424 - INFO - \u2713 Processed Trend_SUB_MAIN_33KV_CELL_03_M_VOLTAGE_DEMAND_B_AMP.HST
2025-10-31 19:18:00,783 - INFO - \u2713 Processed Trend_SUB_MAIN_33KV_CELL_03_M_VOLTAGE_DEMAND_BC_AMP.HST
2025-10-31 19:18:03,955 - WARNING - Attempt 3 failed for D:\Acronis Backup\ipc backup\server  2\2023-04-26\TRENDDATA11\Trend_SUB_MAIN_33KV_CELL_03_M_TOTAL_ACTIVE_POWER_P.HST: 'Y:\\Trend_SUB_MAIN_33KV_CELL_03_M_TOTAL_ACTIVE_POWER_P.csv.gz' and 'Y:\\\\Trend_SUB_MAIN_33KV_CELL_03_M_TOTAL_ACTIVE_POWER_P.csv.gz' are the same file
2025-10-31 19:18:03,955 - ERROR - \u2717 Failed Trend_SUB_MAIN_33KV_CELL_03_M_TOTAL_ACTIVE_POWER_P.HST after 3 attempts
2025-10-31 19:18:53,831 - INFO - \u2713 Processed Trend_SUB_MAIN_33KV_CELL_03_M_VOLTAGE_DEMAND_A_AMP.HST
2025-10-31 19:19:42,082 - INFO -   \u2713 Renamed 'Time' to 'Timestamp' in CSV
2025-10-31 19:19:46,754 - INFO -   \u2713 Renamed 'Time' to 'Timestamp' in CSV
2025-10-31 19:19:48,957 - INFO -   \u2713 Renamed 'Time' to 'Timestamp' in CSV
2025-10-31 19:19:57,160 - INFO -   \u2713 Renamed 'Time' to 'Timestamp' in CSV
2025-10-31 19:20:05,410 - WARNING - Attempt 3 failed for D:\Acronis Backup\ipc backup\server  2\2023-04-26\TRENDDATA11\Trend_SUB_MAIN_33KV_CELL_03_M_VOLTAGE_DEMAND_AB_AMP.HST: 'Y:\\Trend_SUB_MAIN_33KV_CELL_03_M_VOLTAGE_DEMAND_AB_AMP.csv.gz' and 'Y:\\\\Trend_SUB_MAIN_33KV_CELL_03_M_VOLTAGE_DEMAND_AB_AMP.csv.gz' are the same file
2025-10-31 19:20:05,410 - ERROR - \u2717 Failed Trend_SUB_MAIN_33KV_CELL_03_M_VOLTAGE_DEMAND_AB_AMP.HST after 3 attempts
2025-10-31 19:20:12,066 - WARNING - Attempt 3 failed for D:\Acronis Backup\ipc backup\server  2\2023-04-26\TRENDDATA11\Trend_SUB_MAIN_33KV_CELL_03_M_VOLTAGE_DEMAND_B_AMP.HST: 'Y:\\Trend_SUB_MAIN_33KV_CELL_03_M_VOLTAGE_DEMAND_B_AMP.csv.gz' and 'Y:\\\\Trend_SUB_MAIN_33KV_CELL_03_M_VOLTAGE_DEMAND_B_AMP.csv.gz' are the same file
2025-10-31 19:20:12,066 - ERROR - \u2717 Failed Trend_SUB_MAIN_33KV_CELL_03_M_VOLTAGE_DEMAND_B_AMP.HST after 3 attempts
2025-10-31 19:20:17,801 - INFO -   \u2713 Renamed 'Time' to 'Timestamp' in CSV
2025-10-31 19:20:30,145 - WARNING - Attempt 3 failed for D:\Acronis Backup\ipc backup\server  2\2023-04-26\TRENDDATA11\Trend_SUB_MAIN_33KV_CELL_03_M_TOTAL_REACTIVE_POWER_Q.HST: 'Y:\\Trend_SUB_MAIN_33KV_CELL_03_M_TOTAL_REACTIVE_POWER_Q.csv.gz' and 'Y:\\\\Trend_SUB_MAIN_33KV_CELL_03_M_TOTAL_REACTIVE_POWER_Q.csv.gz' are the same file
2025-10-31 19:20:30,145 - ERROR - \u2717 Failed Trend_SUB_MAIN_33KV_CELL_03_M_TOTAL_REACTIVE_POWER_Q.HST after 3 attempts
2025-10-31 19:20:35,301 - WARNING - Attempt 3 failed for D:\Acronis Backup\ipc backup\server  2\2023-04-26\TRENDDATA11\Trend_SUB_MAIN_33KV_CELL_03_M_TOTAL_APPARENT_POWER_S.HST: 'Y:\\Trend_SUB_MAIN_33KV_CELL_03_M_TOTAL_APPARENT_POWER_S.csv.gz' and 'Y:\\\\Trend_SUB_MAIN_33KV_CELL_03_M_TOTAL_APPARENT_POWER_S.csv.gz' are the same file
2025-10-31 19:20:35,301 - ERROR - \u2717 Failed Trend_SUB_MAIN_33KV_CELL_03_M_TOTAL_APPARENT_POWER_S.HST after 3 attempts
2025-10-31 19:20:39,973 - WARNING - Attempt 3 failed for D:\Acronis Backup\ipc backup\server  2\2023-04-26\TRENDDATA11\Trend_SUB_MAIN_33KV_CELL_03_M_VOLTAGE_DEMAND_BC_AMP.HST: 'Y:\\Trend_SUB_MAIN_33KV_CELL_03_M_VOLTAGE_DEMAND_BC_AMP.csv.gz' and 'Y:\\\\Trend_SUB_MAIN_33KV_CELL_03_M_VOLTAGE_DEMAND_BC_AMP.csv.gz' are the same file
2025-10-31 19:20:39,973 - ERROR - \u2717 Failed Trend_SUB_MAIN_33KV_CELL_03_M_VOLTAGE_DEMAND_BC_AMP.HST after 3 attempts
2025-10-31 19:21:12,348 - INFO -   \u2713 Renamed 'Time' to 'Timestamp' in CSV
2025-10-31 19:21:31,942 - WARNING - Attempt 3 failed for D:\Acronis Backup\ipc backup\server  2\2023-04-26\TRENDDATA11\Trend_SUB_MAIN_33KV_CELL_03_M_VOLTAGE_DEMAND_A_AMP.HST: 'Y:\\Trend_SUB_MAIN_33KV_CELL_03_M_VOLTAGE_DEMAND_A_AMP.csv.gz' and 'Y:\\\\Trend_SUB_MAIN_33KV_CELL_03_M_VOLTAGE_DEMAND_A_AMP.csv.gz' are the same file
2025-10-31 19:21:31,942 - ERROR - \u2717 Failed Trend_SUB_MAIN_33KV_CELL_03_M_VOLTAGE_DEMAND_A_AMP.HST after 3 attempts
2025-10-31 19:21:32,927 - INFO - 
Parallel processing batch 2 (60 files)...
2025-10-31 19:25:42,112 - INFO - \u2713 Processed Trend_SUB_MAIN_33KV_CELL_04_M_CURRENT_DEMAND_B_AMP.HST
2025-10-31 19:25:42,455 - INFO - \u2713 Processed Trend_SUB_MAIN_33KV_CELL_04_M_PHASE_CURRENT_A.HST
2025-10-31 19:25:42,690 - INFO - \u2713 Processed Trend_SUB_MAIN_33KV_CELL_04_M_PHASE_CURRENT_B.HST
2025-10-31 19:25:45,674 - INFO - \u2713 Processed Trend_SUB_MAIN_33KV_CELL_04_M_AVERAGE_POWER_FACTOR.HST
2025-10-31 19:25:54,268 - INFO - \u2713 Processed Trend_SUB_MAIN_33KV_CELL_04_M_CURRENT_DEMAND_C_AMP.HST
2025-10-31 19:26:01,971 - INFO - \u2713 Processed Trend_SUB_MAIN_33KV_CELL_04_M_CURRENT_DEMAND_A_AMP.HST
2025-10-31 19:26:02,065 - INFO - \u2713 Processed Trend_SUB_MAIN_33KV_CELL_03_M_VOLTAGE_DEMAND_CA_AMP.HST
2025-10-31 19:26:02,081 - INFO - \u2713 Processed Trend_SUB_MAIN_33KV_CELL_04_M_FREQUENCY.HST
2025-10-31 19:26:16,003 - INFO - \u2713 Processed Trend_SUB_MAIN_33KV_CELL_03_M_VOLTAGE_DEMAND_C_AMP.HST
2025-10-31 19:26:28,565 - INFO - \u2713 Processed Trend_SUB_MAIN_33KV_CELL_04_M_PHASE_CURRENT_C.HST
2025-10-31 19:28:01,456 - INFO -   \u2713 Renamed 'Time' to 'Timestamp' in CSV
2025-10-31 19:28:01,644 - INFO -   \u2713 Renamed 'Time' to 'Timestamp' in CSV
2025-10-31 19:28:02,050 - INFO -   \u2713 Renamed 'Time' to 'Timestamp' in CSV
2025-10-31 19:28:13,441 - INFO -   \u2713 Renamed 'Time' to 'Timestamp' in CSV
2025-10-31 19:28:22,269 - INFO -   \u2713 Renamed 'Time' to 'Timestamp' in CSV
2025-10-31 19:28:24,878 - WARNING - Attempt 1 failed for D:\Acronis Backup\ipc backup\server  2\2023-04-26\TRENDDATA11\Trend_SUB_MAIN_33KV_CELL_04_M_PHASE_CURRENT_A.HST: 'Y:\\Trend_SUB_MAIN_33KV_CELL_04_M_PHASE_CURRENT_A.csv.gz' and 'Y:\\\\Trend_SUB_MAIN_33KV_CELL_04_M_PHASE_CURRENT_A.csv.gz' are the same file
2025-10-31 19:28:25,144 - WARNING - Attempt 1 failed for D:\Acronis Backup\ipc backup\server  2\2023-04-26\TRENDDATA11\Trend_SUB_MAIN_33KV_CELL_04_M_CURRENT_DEMAND_B_AMP.HST: 'Y:\\Trend_SUB_MAIN_33KV_CELL_04_M_CURRENT_DEMAND_B_AMP.csv.gz' and 'Y:\\\\Trend_SUB_MAIN_33KV_CELL_04_M_CURRENT_DEMAND_B_AMP.csv.gz' are the same file
2025-10-31 19:28:25,207 - WARNING - Attempt 1 failed for D:\Acronis Backup\ipc backup\server  2\2023-04-26\TRENDDATA11\Trend_SUB_MAIN_33KV_CELL_04_M_PHASE_CURRENT_B.HST: 'Y:\\Trend_SUB_MAIN_33KV_CELL_04_M_PHASE_CURRENT_B.csv.gz' and 'Y:\\\\Trend_SUB_MAIN_33KV_CELL_04_M_PHASE_CURRENT_B.csv.gz' are the same file
2025-10-31 19:28:35,847 - INFO -   \u2713 Renamed 'Time' to 'Timestamp' in CSV
2025-10-31 19:28:38,535 - WARNING - Attempt 1 failed for D:\Acronis Backup\ipc backup\server  2\2023-04-26\TRENDDATA11\Trend_SUB_MAIN_33KV_CELL_04_M_CURRENT_DEMAND_C_AMP.HST: 'Y:\\Trend_SUB_MAIN_33KV_CELL_04_M_CURRENT_DEMAND_C_AMP.csv.gz' and 'Y:\\\\Trend_SUB_MAIN_33KV_CELL_04_M_CURRENT_DEMAND_C_AMP.csv.gz' are the same file
2025-10-31 19:28:43,660 - INFO -   \u2713 Renamed 'Time' to 'Timestamp' in CSV
2025-10-31 19:28:48,863 - INFO -   \u2713 Renamed 'Time' to 'Timestamp' in CSV
2025-10-31 19:28:50,926 - WARNING - Attempt 1 failed for D:\Acronis Backup\ipc backup\server  2\2023-04-26\TRENDDATA11\Trend_SUB_MAIN_33KV_CELL_04_M_AVERAGE_POWER_FACTOR.HST: 'Y:\\Trend_SUB_MAIN_33KV_CELL_04_M_AVERAGE_POWER_FACTOR.csv.gz' and 'Y:\\\\Trend_SUB_MAIN_33KV_CELL_04_M_AVERAGE_POWER_FACTOR.csv.gz' are the same file
2025-10-31 19:28:52,660 - INFO -   \u2713 Renamed 'Time' to 'Timestamp' in CSV
2025-10-31 19:29:02,707 - WARNING - Attempt 1 failed for D:\Acronis Backup\ipc backup\server  2\2023-04-26\TRENDDATA11\Trend_SUB_MAIN_33KV_CELL_04_M_CURRENT_DEMAND_A_AMP.HST: 'Y:\\Trend_SUB_MAIN_33KV_CELL_04_M_CURRENT_DEMAND_A_AMP.csv.gz' and 'Y:\\\\Trend_SUB_MAIN_33KV_CELL_04_M_CURRENT_DEMAND_A_AMP.csv.gz' are the same file
2025-10-31 19:29:13,238 - WARNING - Attempt 1 failed for D:\Acronis Backup\ipc backup\server  2\2023-04-26\TRENDDATA11\Trend_SUB_MAIN_33KV_CELL_04_M_FREQUENCY.HST: 'Y:\\Trend_SUB_MAIN_33KV_CELL_04_M_FREQUENCY.csv.gz' and 'Y:\\\\Trend_SUB_MAIN_33KV_CELL_04_M_FREQUENCY.csv.gz' are the same file
2025-10-31 19:29:14,379 - WARNING - Attempt 1 failed for D:\Acronis Backup\ipc backup\server  2\2023-04-26\TRENDDATA11\Trend_SUB_MAIN_33KV_CELL_04_M_PHASE_CURRENT_C.HST: 'Y:\\Trend_SUB_MAIN_33KV_CELL_04_M_PHASE_CURRENT_C.csv.gz' and 'Y:\\\\Trend_SUB_MAIN_33KV_CELL_04_M_PHASE_CURRENT_C.csv.gz' are the same file
2025-10-31 19:29:14,441 - INFO -   \u2713 Renamed 'Time' to 'Timestamp' in CSV
2025-10-31 19:29:18,988 - WARNING - Attempt 1 failed for D:\Acronis Backup\ipc backup\server  2\2023-04-26\TRENDDATA11\Trend_SUB_MAIN_33KV_CELL_03_M_VOLTAGE_DEMAND_CA_AMP.HST: 'Y:\\Trend_SUB_MAIN_33KV_CELL_03_M_VOLTAGE_DEMAND_CA_AMP.csv.gz' and 'Y:\\\\Trend_SUB_MAIN_33KV_CELL_03_M_VOLTAGE_DEMAND_CA_AMP.csv.gz' are the same file
2025-10-31 19:29:43,191 - WARNING - Attempt 1 failed for D:\Acronis Backup\ipc backup\server  2\2023-04-26\TRENDDATA11\Trend_SUB_MAIN_33KV_CELL_03_M_VOLTAGE_DEMAND_C_AMP.HST: 'Y:\\Trend_SUB_MAIN_33KV_CELL_03_M_VOLTAGE_DEMAND_C_AMP.csv.gz' and 'Y:\\\\Trend_SUB_MAIN_33KV_CELL_03_M_VOLTAGE_DEMAND_C_AMP.csv.gz' are the same file
2025-10-31 19:32:38,490 - INFO - \u2713 Processed Trend_SUB_MAIN_33KV_CELL_04_M_PHASE_CURRENT_B.HST
2025-10-31 19:32:49,302 - INFO - \u2713 Processed Trend_SUB_MAIN_33KV_CELL_04_M_PHASE_CURRENT_A.HST
2025-10-31 19:33:00,333 - INFO - \u2713 Processed Trend_SUB_MAIN_33KV_CELL_04_M_AVERAGE_POWER_FACTOR.HST
2025-10-31 19:33:11,646 - INFO - \u2713 Processed Trend_SUB_MAIN_33KV_CELL_04_M_CURRENT_DEMAND_B_AMP.HST
2025-10-31 19:33:20,052 - INFO - \u2713 Processed Trend_SUB_MAIN_33KV_CELL_04_M_CURRENT_DEMAND_A_AMP.HST
2025-10-31 19:33:21,224 - INFO - \u2713 Processed Trend_SUB_MAIN_33KV_CELL_04_M_CURRENT_DEMAND_C_AMP.HST
2025-10-31 19:34:37,834 - INFO - \u2713 Processed Trend_SUB_MAIN_33KV_CELL_04_M_PHASE_CURRENT_C.HST
2025-10-31 19:34:37,834 - INFO - \u2713 Processed Trend_SUB_MAIN_33KV_CELL_04_M_FREQUENCY.HST
2025-10-31 19:34:37,850 - INFO - \u2713 Processed Trend_SUB_MAIN_33KV_CELL_03_M_VOLTAGE_DEMAND_CA_AMP.HST
2025-10-31 19:34:59,381 - INFO -   \u2713 Renamed 'Time' to 'Timestamp' in CSV
2025-10-31 19:35:09,116 - INFO -   \u2713 Renamed 'Time' to 'Timestamp' in CSV
2025-10-31 19:35:21,194 - INFO -   \u2713 Renamed 'Time' to 'Timestamp' in CSV
2025-10-31 19:35:21,256 - WARNING - Attempt 2 failed for D:\Acronis Backup\ipc backup\server  2\2023-04-26\TRENDDATA11\Trend_SUB_MAIN_33KV_CELL_04_M_PHASE_CURRENT_B.HST: 'Y:\\Trend_SUB_MAIN_33KV_CELL_04_M_PHASE_CURRENT_B.csv.gz' and 'Y:\\\\Trend_SUB_MAIN_33KV_CELL_04_M_PHASE_CURRENT_B.csv.gz' are the same file
2025-10-31 19:35:23,537 - INFO -   \u2713 Renamed 'Time' to 'Timestamp' in CSV
2025-10-31 19:35:29,834 - WARNING - Attempt 2 failed for D:\Acronis Backup\ipc backup\server  2\2023-04-26\TRENDDATA11\Trend_SUB_MAIN_33KV_CELL_04_M_PHASE_CURRENT_A.HST: 'Y:\\Trend_SUB_MAIN_33KV_CELL_04_M_PHASE_CURRENT_A.csv.gz' and 'Y:\\\\Trend_SUB_MAIN_33KV_CELL_04_M_PHASE_CURRENT_A.csv.gz' are the same file
2025-10-31 19:35:35,866 - INFO -   \u2713 Renamed 'Time' to 'Timestamp' in CSV
2025-10-31 19:35:39,959 - INFO -   \u2713 Renamed 'Time' to 'Timestamp' in CSV
2025-10-31 19:35:43,897 - WARNING - Attempt 2 failed for D:\Acronis Backup\ipc backup\server  2\2023-04-26\TRENDDATA11\Trend_SUB_MAIN_33KV_CELL_04_M_CURRENT_DEMAND_B_AMP.HST: 'Y:\\Trend_SUB_MAIN_33KV_CELL_04_M_CURRENT_DEMAND_B_AMP.csv.gz' and 'Y:\\\\Trend_SUB_MAIN_33KV_CELL_04_M_CURRENT_DEMAND_B_AMP.csv.gz' are the same file
2025-10-31 19:35:44,584 - WARNING - Attempt 2 failed for D:\Acronis Backup\ipc backup\server  2\2023-04-26\TRENDDATA11\Trend_SUB_MAIN_33KV_CELL_04_M_AVERAGE_POWER_FACTOR.HST: 'Y:\\Trend_SUB_MAIN_33KV_CELL_04_M_AVERAGE_POWER_FACTOR.csv.gz' and 'Y:\\\\Trend_SUB_MAIN_33KV_CELL_04_M_AVERAGE_POWER_FACTOR.csv.gz' are the same file
2025-10-31 19:36:41,288 - INFO -   \u2713 Renamed 'Time' to 'Timestamp' in CSV
2025-10-31 19:36:48,757 - INFO -   \u2713 Renamed 'Time' to 'Timestamp' in CSV
2025-10-31 19:36:54,976 - INFO -   \u2713 Renamed 'Time' to 'Timestamp' in CSV
2025-10-31 19:36:58,616 - INFO - \u2713 Processed Trend_SUB_MAIN_33KV_CELL_03_M_VOLTAGE_DEMAND_C_AMP.HST
2025-10-31 19:37:25,429 - WARNING - Attempt 2 failed for D:\Acronis Backup\ipc backup\server  2\2023-04-26\TRENDDATA11\Trend_SUB_MAIN_33KV_CELL_04_M_PHASE_CURRENT_C.HST: 'Y:\\Trend_SUB_MAIN_33KV_CELL_04_M_PHASE_CURRENT_C.csv.gz' and 'Y:\\\\Trend_SUB_MAIN_33KV_CELL_04_M_PHASE_CURRENT_C.csv.gz' are the same file
2025-10-31 19:37:25,554 - WARNING - Attempt 2 failed for D:\Acronis Backup\ipc backup\server  2\2023-04-26\TRENDDATA11\Trend_SUB_MAIN_33KV_CELL_04_M_CURRENT_DEMAND_C_AMP.HST: 'Y:\\Trend_SUB_MAIN_33KV_CELL_04_M_CURRENT_DEMAND_C_AMP.csv.gz' and 'Y:\\\\Trend_SUB_MAIN_33KV_CELL_04_M_CURRENT_DEMAND_C_AMP.csv.gz' are the same file
2025-10-31 19:37:27,835 - WARNING - Attempt 2 failed for D:\Acronis Backup\ipc backup\server  2\2023-04-26\TRENDDATA11\Trend_SUB_MAIN_33KV_CELL_04_M_CURRENT_DEMAND_A_AMP.HST: 'Y:\\Trend_SUB_MAIN_33KV_CELL_04_M_CURRENT_DEMAND_A_AMP.csv.gz' and 'Y:\\\\Trend_SUB_MAIN_33KV_CELL_04_M_CURRENT_DEMAND_A_AMP.csv.gz' are the same file
2025-10-31 19:37:30,304 - WARNING - Attempt 2 failed for D:\Acronis Backup\ipc backup\server  2\2023-04-26\TRENDDATA11\Trend_SUB_MAIN_33KV_CELL_03_M_VOLTAGE_DEMAND_CA_AMP.HST: 'Y:\\Trend_SUB_MAIN_33KV_CELL_03_M_VOLTAGE_DEMAND_CA_AMP.csv.gz' and 'Y:\\\\Trend_SUB_MAIN_33KV_CELL_03_M_VOLTAGE_DEMAND_CA_AMP.csv.gz' are the same file
2025-10-31 19:37:30,554 - WARNING - Attempt 2 failed for D:\Acronis Backup\ipc backup\server  2\2023-04-26\TRENDDATA11\Trend_SUB_MAIN_33KV_CELL_04_M_FREQUENCY.HST: 'Y:\\Trend_SUB_MAIN_33KV_CELL_04_M_FREQUENCY.csv.gz' and 'Y:\\\\Trend_SUB_MAIN_33KV_CELL_04_M_FREQUENCY.csv.gz' are the same file
2025-10-31 19:39:01,992 - INFO -   \u2713 Renamed 'Time' to 'Timestamp' in CSV
2025-10-31 19:39:28,586 - WARNING - Attempt 2 failed for D:\Acronis Backup\ipc backup\server  2\2023-04-26\TRENDDATA11\Trend_SUB_MAIN_33KV_CELL_03_M_VOLTAGE_DEMAND_C_AMP.HST: 'Y:\\Trend_SUB_MAIN_33KV_CELL_03_M_VOLTAGE_DEMAND_C_AMP.csv.gz' and 'Y:\\\\Trend_SUB_MAIN_33KV_CELL_03_M_VOLTAGE_DEMAND_C_AMP.csv.gz' are the same file
2025-10-31 19:41:01,665 - INFO - \u2713 Processed Trend_SUB_MAIN_33KV_CELL_04_M_PHASE_CURRENT_B.HST
2025-10-31 19:41:37,056 - INFO - \u2713 Processed Trend_SUB_MAIN_33KV_CELL_04_M_CURRENT_DEMAND_B_AMP.HST
2025-10-31 19:41:43,290 - INFO - \u2713 Processed Trend_SUB_MAIN_33KV_CELL_04_M_PHASE_CURRENT_A.HST
2025-10-31 19:41:47,493 - INFO - \u2713 Processed Trend_SUB_MAIN_33KV_CELL_04_M_AVERAGE_POWER_FACTOR.HST
2025-10-31 19:42:24,072 - INFO - \u2713 Processed Trend_SUB_MAIN_33KV_CELL_04_M_CURRENT_DEMAND_C_AMP.HST
2025-10-31 19:42:42,447 - INFO - \u2713 Processed Trend_SUB_MAIN_33KV_CELL_04_M_PHASE_CURRENT_C.HST
2025-10-31 19:42:45,322 - INFO - \u2713 Processed Trend_SUB_MAIN_33KV_CELL_04_M_FREQUENCY.HST
2025-10-31 19:42:52,087 - INFO - \u2713 Processed Trend_SUB_MAIN_33KV_CELL_03_M_VOLTAGE_DEMAND_CA_AMP.HST
2025-10-31 19:42:57,150 - INFO - \u2713 Processed Trend_SUB_MAIN_33KV_CELL_04_M_CURRENT_DEMAND_A_AMP.HST
2025-10-31 19:43:16,244 - INFO -   \u2713 Renamed 'Time' to 'Timestamp' in CSV
2025-10-31 19:43:39,541 - WARNING - Attempt 3 failed for D:\Acronis Backup\ipc backup\server  2\2023-04-26\TRENDDATA11\Trend_SUB_MAIN_33KV_CELL_04_M_PHASE_CURRENT_B.HST: 'Y:\\Trend_SUB_MAIN_33KV_CELL_04_M_PHASE_CURRENT_B.csv.gz' and 'Y:\\\\Trend_SUB_MAIN_33KV_CELL_04_M_PHASE_CURRENT_B.csv.gz' are the same file
2025-10-31 19:43:39,541 - ERROR - \u2717 Failed Trend_SUB_MAIN_33KV_CELL_04_M_PHASE_CURRENT_B.HST after 3 attempts
2025-10-31 19:43:53,994 - INFO -   \u2713 Renamed 'Time' to 'Timestamp' in CSV
2025-10-31 19:43:55,291 - INFO -   \u2713 Renamed 'Time' to 'Timestamp' in CSV
2025-10-31 19:44:07,197 - INFO -   \u2713 Renamed 'Time' to 'Timestamp' in CSV
2025-10-31 19:44:13,885 - WARNING - Attempt 3 failed for D:\Acronis Backup\ipc backup\server  2\2023-04-26\TRENDDATA11\Trend_SUB_MAIN_33KV_CELL_04_M_CURRENT_DEMAND_B_AMP.HST: 'Y:\\Trend_SUB_MAIN_33KV_CELL_04_M_CURRENT_DEMAND_B_AMP.csv.gz' and 'Y:\\\\Trend_SUB_MAIN_33KV_CELL_04_M_CURRENT_DEMAND_B_AMP.csv.gz' are the same file
2025-10-31 19:44:13,900 - ERROR - \u2717 Failed Trend_SUB_MAIN_33KV_CELL_04_M_CURRENT_DEMAND_B_AMP.HST after 3 attempts
2025-10-31 19:44:15,994 - WARNING - Attempt 3 failed for D:\Acronis Backup\ipc backup\server  2\2023-04-26\TRENDDATA11\Trend_SUB_MAIN_33KV_CELL_04_M_PHASE_CURRENT_A.HST: 'Y:\\Trend_SUB_MAIN_33KV_CELL_04_M_PHASE_CURRENT_A.csv.gz' and 'Y:\\\\Trend_SUB_MAIN_33KV_CELL_04_M_PHASE_CURRENT_A.csv.gz' are the same file
2025-10-31 19:44:15,994 - ERROR - \u2717 Failed Trend_SUB_MAIN_33KV_CELL_04_M_PHASE_CURRENT_A.HST after 3 attempts
2025-10-31 19:44:31,291 - INFO - \u2713 Processed Trend_SUB_MAIN_33KV_CELL_03_M_VOLTAGE_DEMAND_C_AMP.HST
2025-10-31 19:44:33,588 - WARNING - Attempt 3 failed for D:\Acronis Backup\ipc backup\server  2\2023-04-26\TRENDDATA11\Trend_SUB_MAIN_33KV_CELL_04_M_AVERAGE_POWER_FACTOR.HST: 'Y:\\Trend_SUB_MAIN_33KV_CELL_04_M_AVERAGE_POWER_FACTOR.csv.gz' and 'Y:\\\\Trend_SUB_MAIN_33KV_CELL_04_M_AVERAGE_POWER_FACTOR.csv.gz' are the same file
2025-10-31 19:44:33,588 - ERROR - \u2717 Failed Trend_SUB_MAIN_33KV_CELL_04_M_AVERAGE_POWER_FACTOR.HST after 3 attempts
2025-10-31 19:44:41,635 - INFO -   \u2713 Renamed 'Time' to 'Timestamp' in CSV
2025-10-31 19:44:56,510 - INFO -   \u2713 Renamed 'Time' to 'Timestamp' in CSV
2025-10-31 19:45:02,932 - WARNING - Attempt 3 failed for D:\Acronis Backup\ipc backup\server  2\2023-04-26\TRENDDATA11\Trend_SUB_MAIN_33KV_CELL_04_M_CURRENT_DEMAND_C_AMP.HST: 'Y:\\Trend_SUB_MAIN_33KV_CELL_04_M_CURRENT_DEMAND_C_AMP.csv.gz' and 'Y:\\\\Trend_SUB_MAIN_33KV_CELL_04_M_CURRENT_DEMAND_C_AMP.csv.gz' are the same file
2025-10-31 19:45:02,948 - ERROR - \u2717 Failed Trend_SUB_MAIN_33KV_CELL_04_M_CURRENT_DEMAND_C_AMP.HST after 3 attempts
2025-10-31 19:45:14,854 - INFO -   \u2713 Renamed 'Time' to 'Timestamp' in CSV
2025-10-31 19:45:15,166 - WARNING - Attempt 3 failed for D:\Acronis Backup\ipc backup\server  2\2023-04-26\TRENDDATA11\Trend_SUB_MAIN_33KV_CELL_04_M_PHASE_CURRENT_C.HST: 'Y:\\Trend_SUB_MAIN_33KV_CELL_04_M_PHASE_CURRENT_C.csv.gz' and 'Y:\\\\Trend_SUB_MAIN_33KV_CELL_04_M_PHASE_CURRENT_C.csv.gz' are the same file
2025-10-31 19:45:15,166 - ERROR - \u2717 Failed Trend_SUB_MAIN_33KV_CELL_04_M_PHASE_CURRENT_C.HST after 3 attempts
2025-10-31 19:45:15,979 - INFO -   \u2713 Renamed 'Time' to 'Timestamp' in CSV
2025-10-31 19:45:17,479 - INFO -   \u2713 Renamed 'Time' to 'Timestamp' in CSV
2025-10-31 19:45:41,635 - WARNING - Attempt 3 failed for D:\Acronis Backup\ipc backup\server  2\2023-04-26\TRENDDATA11\Trend_SUB_MAIN_33KV_CELL_04_M_CURRENT_DEMAND_A_AMP.HST: 'Y:\\Trend_SUB_MAIN_33KV_CELL_04_M_CURRENT_DEMAND_A_AMP.csv.gz' and 'Y:\\\\Trend_SUB_MAIN_33KV_CELL_04_M_CURRENT_DEMAND_A_AMP.csv.gz' are the same file
2025-10-31 19:45:41,635 - ERROR - \u2717 Failed Trend_SUB_MAIN_33KV_CELL_04_M_CURRENT_DEMAND_A_AMP.HST after 3 attempts
2025-10-31 19:45:46,854 - WARNING - Attempt 3 failed for D:\Acronis Backup\ipc backup\server  2\2023-04-26\TRENDDATA11\Trend_SUB_MAIN_33KV_CELL_04_M_FREQUENCY.HST: 'Y:\\Trend_SUB_MAIN_33KV_CELL_04_M_FREQUENCY.csv.gz' and 'Y:\\\\Trend_SUB_MAIN_33KV_CELL_04_M_FREQUENCY.csv.gz' are the same file
2025-10-31 19:45:46,854 - ERROR - \u2717 Failed Trend_SUB_MAIN_33KV_CELL_04_M_FREQUENCY.HST after 3 attempts
2025-10-31 19:45:48,464 - WARNING - Attempt 3 failed for D:\Acronis Backup\ipc backup\server  2\2023-04-26\TRENDDATA11\Trend_SUB_MAIN_33KV_CELL_03_M_VOLTAGE_DEMAND_CA_AMP.HST: 'Y:\\Trend_SUB_MAIN_33KV_CELL_03_M_VOLTAGE_DEMAND_CA_AMP.csv.gz' and 'Y:\\\\Trend_SUB_MAIN_33KV_CELL_03_M_VOLTAGE_DEMAND_CA_AMP.csv.gz' are the same file
2025-10-31 19:45:48,464 - ERROR - \u2717 Failed Trend_SUB_MAIN_33KV_CELL_03_M_VOLTAGE_DEMAND_CA_AMP.HST after 3 attempts
2025-10-31 19:46:48,698 - INFO -   \u2713 Renamed 'Time' to 'Timestamp' in CSV
2025-10-31 19:47:17,464 - WARNING - Attempt 3 failed for D:\Acronis Backup\ipc backup\server  2\2023-04-26\TRENDDATA11\Trend_SUB_MAIN_33KV_CELL_03_M_VOLTAGE_DEMAND_C_AMP.HST: 'Y:\\Trend_SUB_MAIN_33KV_CELL_03_M_VOLTAGE_DEMAND_C_AMP.csv.gz' and 'Y:\\\\Trend_SUB_MAIN_33KV_CELL_03_M_VOLTAGE_DEMAND_C_AMP.csv.gz' are the same file
2025-10-31 19:47:17,464 - ERROR - \u2717 Failed Trend_SUB_MAIN_33KV_CELL_03_M_VOLTAGE_DEMAND_C_AMP.HST after 3 attempts
2025-10-31 19:48:34,027 - INFO - \u2713 Processed Trend_SUB_MAIN_33KV_CELL_04_M_PHASE_VOLTAGE_A.HST
2025-10-31 19:49:01,199 - INFO - \u2713 Processed Trend_SUB_MAIN_33KV_CELL_04_M_PHASE_VOLTAGE_AB.HST
2025-10-31 19:49:05,230 - INFO - \u2713 Processed Trend_SUB_MAIN_33KV_CELL_04_M_PHASE_VOLTAGE_B.HST
2025-10-31 19:49:25,902 - INFO - \u2713 Processed Trend_SUB_MAIN_33KV_CELL_04_M_PHASE_VOLTAGE_BC.HST
2025-10-31 19:50:04,325 - INFO - \u2713 Processed Trend_SUB_MAIN_33KV_CELL_04_M_RESIDUAL_VOLTAGE_V0.HST
2025-10-31 19:50:06,246 - INFO - \u2713 Processed Trend_SUB_MAIN_33KV_CELL_04_M_PHASE_VOLTAGE_CA.HST
2025-10-31 19:50:07,684 - INFO - \u2713 Processed Trend_SUB_MAIN_33KV_CELL_04_M_PHASE_VOLTAGE_C.HST
2025-10-31 19:50:09,496 - INFO - \u2713 Processed Trend_SUB_MAIN_33KV_CELL_04_M_RESIDUAL_CURRENT_I0.HST
2025-10-31 19:50:12,668 - INFO - \u2713 Processed Trend_SUB_MAIN_33KV_CELL_04_M_SEQUENCE_CURRENT_NEG_AMP.HST
2025-10-31 19:50:59,325 - INFO -   \u2713 Renamed 'Time' to 'Timestamp' in CSV
2025-10-31 19:51:22,466 - INFO -   \u2713 Renamed 'Time' to 'Timestamp' in CSV
2025-10-31 19:51:22,966 - WARNING - Attempt 1 failed for D:\Acronis Backup\ipc backup\server  2\2023-04-26\TRENDDATA11\Trend_SUB_MAIN_33KV_CELL_04_M_PHASE_VOLTAGE_A.HST: 'Y:\\Trend_SUB_MAIN_33KV_CELL_04_M_PHASE_VOLTAGE_A.csv.gz' and 'Y:\\\\Trend_SUB_MAIN_33KV_CELL_04_M_PHASE_VOLTAGE_A.csv.gz' are the same file
2025-10-31 19:51:27,778 - INFO -   \u2713 Renamed 'Time' to 'Timestamp' in CSV
2025-10-31 19:51:44,434 - WARNING - Attempt 1 failed for D:\Acronis Backup\ipc backup\server  2\2023-04-26\TRENDDATA11\Trend_SUB_MAIN_33KV_CELL_04_M_PHASE_VOLTAGE_AB.HST: 'Y:\\Trend_SUB_MAIN_33KV_CELL_04_M_PHASE_VOLTAGE_AB.csv.gz' and 'Y:\\\\Trend_SUB_MAIN_33KV_CELL_04_M_PHASE_VOLTAGE_AB.csv.gz' are the same file
2025-10-31 19:51:49,700 - WARNING - Attempt 1 failed for D:\Acronis Backup\ipc backup\server  2\2023-04-26\TRENDDATA11\Trend_SUB_MAIN_33KV_CELL_04_M_PHASE_VOLTAGE_B.HST: 'Y:\\Trend_SUB_MAIN_33KV_CELL_04_M_PHASE_VOLTAGE_B.csv.gz' and 'Y:\\\\Trend_SUB_MAIN_33KV_CELL_04_M_PHASE_VOLTAGE_B.csv.gz' are the same file
2025-10-31 19:51:56,216 - INFO -   \u2713 Renamed 'Time' to 'Timestamp' in CSV
2025-10-31 19:52:13,044 - INFO -   \u2713 Renamed 'Time' to 'Timestamp' in CSV
2025-10-31 19:52:14,091 - INFO - \u2713 Processed Trend_SUB_MAIN_33KV_CELL_04_M_SEQUENCE_CURRENT_POS_AMP.HST
2025-10-31 19:52:19,653 - INFO -   \u2713 Renamed 'Time' to 'Timestamp' in CSV
2025-10-31 19:52:21,607 - INFO -   \u2713 Renamed 'Time' to 'Timestamp' in CSV
2025-10-31 19:52:25,372 - INFO -   \u2713 Renamed 'Time' to 'Timestamp' in CSV
2025-10-31 19:52:28,200 - WARNING - Attempt 1 failed for D:\Acronis Backup\ipc backup\server  2\2023-04-26\TRENDDATA11\Trend_SUB_MAIN_33KV_CELL_04_M_PHASE_VOLTAGE_BC.HST: 'Y:\\Trend_SUB_MAIN_33KV_CELL_04_M_PHASE_VOLTAGE_BC.csv.gz' and 'Y:\\\\Trend_SUB_MAIN_33KV_CELL_04_M_PHASE_VOLTAGE_BC.csv.gz' are the same file
2025-10-31 19:52:29,450 - INFO -   \u2713 Renamed 'Time' to 'Timestamp' in CSV
2025-10-31 19:52:42,950 - WARNING - Attempt 1 failed for D:\Acronis Backup\ipc backup\server  2\2023-04-26\TRENDDATA11\Trend_SUB_MAIN_33KV_CELL_04_M_RESIDUAL_CURRENT_I0.HST: 'Y:\\Trend_SUB_MAIN_33KV_CELL_04_M_RESIDUAL_CURRENT_I0.csv.gz' and 'Y:\\\\Trend_SUB_MAIN_33KV_CELL_04_M_RESIDUAL_CURRENT_I0.csv.gz' are the same file
2025-10-31 19:52:49,747 - WARNING - Attempt 1 failed for D:\Acronis Backup\ipc backup\server  2\2023-04-26\TRENDDATA11\Trend_SUB_MAIN_33KV_CELL_04_M_SEQUENCE_CURRENT_NEG_AMP.HST: 'Y:\\Trend_SUB_MAIN_33KV_CELL_04_M_SEQUENCE_CURRENT_NEG_AMP.csv.gz' and 'Y:\\\\Trend_SUB_MAIN_33KV_CELL_04_M_SEQUENCE_CURRENT_NEG_AMP.csv.gz' are the same file
2025-10-31 19:52:50,169 - WARNING - Attempt 1 failed for D:\Acronis Backup\ipc backup\server  2\2023-04-26\TRENDDATA11\Trend_SUB_MAIN_33KV_CELL_04_M_RESIDUAL_VOLTAGE_V0.HST: 'Y:\\Trend_SUB_MAIN_33KV_CELL_04_M_RESIDUAL_VOLTAGE_V0.csv.gz' and 'Y:\\\\Trend_SUB_MAIN_33KV_CELL_04_M_RESIDUAL_VOLTAGE_V0.csv.gz' are the same file
2025-10-31 19:52:54,310 - WARNING - Attempt 1 failed for D:\Acronis Backup\ipc backup\server  2\2023-04-26\TRENDDATA11\Trend_SUB_MAIN_33KV_CELL_04_M_PHASE_VOLTAGE_CA.HST: 'Y:\\Trend_SUB_MAIN_33KV_CELL_04_M_PHASE_VOLTAGE_CA.csv.gz' and 'Y:\\\\Trend_SUB_MAIN_33KV_CELL_04_M_PHASE_VOLTAGE_CA.csv.gz' are the same file
2025-10-31 19:52:56,263 - WARNING - Attempt 1 failed for D:\Acronis Backup\ipc backup\server  2\2023-04-26\TRENDDATA11\Trend_SUB_MAIN_33KV_CELL_04_M_PHASE_VOLTAGE_C.HST: 'Y:\\Trend_SUB_MAIN_33KV_CELL_04_M_PHASE_VOLTAGE_C.csv.gz' and 'Y:\\\\Trend_SUB_MAIN_33KV_CELL_04_M_PHASE_VOLTAGE_C.csv.gz' are the same file
2025-10-31 19:54:18,014 - INFO -   \u2713 Renamed 'Time' to 'Timestamp' in CSV
2025-10-31 19:54:42,420 - WARNING - Attempt 1 failed for D:\Acronis Backup\ipc backup\server  2\2023-04-26\TRENDDATA11\Trend_SUB_MAIN_33KV_CELL_04_M_SEQUENCE_CURRENT_POS_AMP.HST: 'Y:\\Trend_SUB_MAIN_33KV_CELL_04_M_SEQUENCE_CURRENT_POS_AMP.csv.gz' and 'Y:\\\\Trend_SUB_MAIN_33KV_CELL_04_M_SEQUENCE_CURRENT_POS_AMP.csv.gz' are the same file
2025-10-31 19:56:13,124 - INFO - \u2713 Processed Trend_SUB_MAIN_33KV_CELL_04_M_PHASE_VOLTAGE_A.HST
2025-10-31 19:56:26,577 - INFO - \u2713 Processed Trend_SUB_MAIN_33KV_CELL_04_M_PHASE_VOLTAGE_AB.HST
2025-10-31 19:56:31,186 - INFO - \u2713 Processed Trend_SUB_MAIN_33KV_CELL_04_M_PHASE_VOLTAGE_B.HST
2025-10-31 19:56:54,311 - INFO - \u2713 Processed Trend_SUB_MAIN_33KV_CELL_04_M_RESIDUAL_CURRENT_I0.HST
2025-10-31 19:57:01,562 - INFO - \u2713 Processed Trend_SUB_MAIN_33KV_CELL_04_M_SEQUENCE_CURRENT_NEG_AMP.HST
2025-10-31 19:57:12,921 - INFO - \u2713 Processed Trend_SUB_MAIN_33KV_CELL_04_M_RESIDUAL_VOLTAGE_V0.HST
2025-10-31 19:57:26,265 - INFO - \u2713 Processed Trend_SUB_MAIN_33KV_CELL_04_M_PHASE_VOLTAGE_C.HST
2025-10-31 19:57:29,015 - INFO - \u2713 Processed Trend_SUB_MAIN_33KV_CELL_04_M_PHASE_VOLTAGE_CA.HST
2025-10-31 19:57:34,046 - INFO - \u2713 Processed Trend_SUB_MAIN_33KV_CELL_04_M_PHASE_VOLTAGE_BC.HST
2025-10-31 19:58:38,203 - INFO -   \u2713 Renamed 'Time' to 'Timestamp' in CSV
2025-10-31 19:58:50,984 - INFO -   \u2713 Renamed 'Time' to 'Timestamp' in CSV
2025-10-31 19:58:55,468 - INFO -   \u2713 Renamed 'Time' to 'Timestamp' in CSV
2025-10-31 19:59:03,734 - WARNING - Attempt 2 failed for D:\Acronis Backup\ipc backup\server  2\2023-04-26\TRENDDATA11\Trend_SUB_MAIN_33KV_CELL_04_M_PHASE_VOLTAGE_A.HST: 'Y:\\Trend_SUB_MAIN_33KV_CELL_04_M_PHASE_VOLTAGE_A.csv.gz' and 'Y:\\\\Trend_SUB_MAIN_33KV_CELL_04_M_PHASE_VOLTAGE_A.csv.gz' are the same file
2025-10-31 19:59:09,844 - INFO -   \u2713 Renamed 'Time' to 'Timestamp' in CSV
2025-10-31 19:59:14,469 - WARNING - Attempt 2 failed for D:\Acronis Backup\ipc backup\server  2\2023-04-26\TRENDDATA11\Trend_SUB_MAIN_33KV_CELL_04_M_PHASE_VOLTAGE_AB.HST: 'Y:\\Trend_SUB_MAIN_33KV_CELL_04_M_PHASE_VOLTAGE_AB.csv.gz' and 'Y:\\\\Trend_SUB_MAIN_33KV_CELL_04_M_PHASE_VOLTAGE_AB.csv.gz' are the same file
2025-10-31 19:59:17,516 - WARNING - Attempt 2 failed for D:\Acronis Backup\ipc backup\server  2\2023-04-26\TRENDDATA11\Trend_SUB_MAIN_33KV_CELL_04_M_PHASE_VOLTAGE_B.HST: 'Y:\\Trend_SUB_MAIN_33KV_CELL_04_M_PHASE_VOLTAGE_B.csv.gz' and 'Y:\\\\Trend_SUB_MAIN_33KV_CELL_04_M_PHASE_VOLTAGE_B.csv.gz' are the same file
2025-10-31 19:59:19,360 - INFO -   \u2713 Renamed 'Time' to 'Timestamp' in CSV
2025-10-31 19:59:35,192 - WARNING - Attempt 2 failed for D:\Acronis Backup\ipc backup\server  2\2023-04-26\TRENDDATA11\Trend_SUB_MAIN_33KV_CELL_04_M_RESIDUAL_CURRENT_I0.HST: 'Y:\\Trend_SUB_MAIN_33KV_CELL_04_M_RESIDUAL_CURRENT_I0.csv.gz' and 'Y:\\\\Trend_SUB_MAIN_33KV_CELL_04_M_RESIDUAL_CURRENT_I0.csv.gz' are the same file
2025-10-31 19:59:36,536 - INFO -   \u2713 Renamed 'Time' to 'Timestamp' in CSV
2025-10-31 19:59:43,522 - WARNING - Attempt 2 failed for D:\Acronis Backup\ipc backup\server  2\2023-04-26\TRENDDATA11\Trend_SUB_MAIN_33KV_CELL_04_M_SEQUENCE_CURRENT_NEG_AMP.HST: 'Y:\\Trend_SUB_MAIN_33KV_CELL_04_M_SEQUENCE_CURRENT_NEG_AMP.csv.gz' and 'Y:\\\\Trend_SUB_MAIN_33KV_CELL_04_M_SEQUENCE_CURRENT_NEG_AMP.csv.gz' are the same file
2025-10-31 19:59:51,509 - INFO -   \u2713 Renamed 'Time' to 'Timestamp' in CSV
2025-10-31 19:59:53,712 - INFO -   \u2713 Renamed 'Time' to 'Timestamp' in CSV
2025-10-31 20:00:01,448 - INFO - \u2713 Processed Trend_SUB_MAIN_33KV_CELL_04_M_SEQUENCE_CURRENT_POS_AMP.HST
2025-10-31 20:00:02,324 - WARNING - Attempt 2 failed for D:\Acronis Backup\ipc backup\server  2\2023-04-26\TRENDDATA11\Trend_SUB_MAIN_33KV_CELL_04_M_RESIDUAL_VOLTAGE_V0.HST: 'Y:\\Trend_SUB_MAIN_33KV_CELL_04_M_RESIDUAL_VOLTAGE_V0.csv.gz' and 'Y:\\\\Trend_SUB_MAIN_33KV_CELL_04_M_RESIDUAL_VOLTAGE_V0.csv.gz' are the same file
2025-10-31 20:00:06,371 - INFO -   \u2713 Renamed 'Time' to 'Timestamp' in CSV
2025-10-31 20:00:16,295 - WARNING - Attempt 2 failed for D:\Acronis Backup\ipc backup\server  2\2023-04-26\TRENDDATA11\Trend_SUB_MAIN_33KV_CELL_04_M_PHASE_VOLTAGE_C.HST: 'Y:\\Trend_SUB_MAIN_33KV_CELL_04_M_PHASE_VOLTAGE_C.csv.gz' and 'Y:\\\\Trend_SUB_MAIN_33KV_CELL_04_M_PHASE_VOLTAGE_C.csv.gz' are the same file
2025-10-31 20:00:19,890 - WARNING - Attempt 2 failed for D:\Acronis Backup\ipc backup\server  2\2023-04-26\TRENDDATA11\Trend_SUB_MAIN_33KV_CELL_04_M_PHASE_VOLTAGE_CA.HST: 'Y:\\Trend_SUB_MAIN_33KV_CELL_04_M_PHASE_VOLTAGE_CA.csv.gz' and 'Y:\\\\Trend_SUB_MAIN_33KV_CELL_04_M_PHASE_VOLTAGE_CA.csv.gz' are the same file
2025-10-31 20:00:33,580 - WARNING - Attempt 2 failed for D:\Acronis Backup\ipc backup\server  2\2023-04-26\TRENDDATA11\Trend_SUB_MAIN_33KV_CELL_04_M_PHASE_VOLTAGE_BC.HST: 'Y:\\Trend_SUB_MAIN_33KV_CELL_04_M_PHASE_VOLTAGE_BC.csv.gz' and 'Y:\\\\Trend_SUB_MAIN_33KV_CELL_04_M_PHASE_VOLTAGE_BC.csv.gz' are the same file
2025-10-31 20:01:57,688 - INFO -   \u2713 Renamed 'Time' to 'Timestamp' in CSV
2025-10-31 20:02:21,597 - WARNING - Attempt 2 failed for D:\Acronis Backup\ipc backup\server  2\2023-04-26\TRENDDATA11\Trend_SUB_MAIN_33KV_CELL_04_M_SEQUENCE_CURRENT_POS_AMP.HST: 'Y:\\Trend_SUB_MAIN_33KV_CELL_04_M_SEQUENCE_CURRENT_POS_AMP.csv.gz' and 'Y:\\\\Trend_SUB_MAIN_33KV_CELL_04_M_SEQUENCE_CURRENT_POS_AMP.csv.gz' are the same file
2025-10-31 20:03:55,342 - INFO - \u2713 Processed Trend_SUB_MAIN_33KV_CELL_04_M_PHASE_VOLTAGE_A.HST
2025-10-31 20:03:56,295 - INFO - \u2713 Processed Trend_SUB_MAIN_33KV_CELL_04_M_PHASE_VOLTAGE_AB.HST
2025-10-31 20:03:57,499 - INFO - \u2713 Processed Trend_SUB_MAIN_33KV_CELL_04_M_PHASE_VOLTAGE_B.HST
2025-10-31 20:04:02,827 - INFO - \u2713 Processed Trend_SUB_MAIN_33KV_CELL_04_M_RESIDUAL_CURRENT_I0.HST
2025-10-31 20:04:18,141 - INFO - \u2713 Processed Trend_SUB_MAIN_33KV_CELL_04_M_SEQUENCE_CURRENT_NEG_AMP.HST
2025-10-31 20:04:32,095 - INFO - \u2713 Processed Trend_SUB_MAIN_33KV_CELL_04_M_RESIDUAL_VOLTAGE_V0.HST
2025-10-31 20:04:58,566 - INFO - \u2713 Processed Trend_SUB_MAIN_33KV_CELL_04_M_PHASE_VOLTAGE_C.HST
2025-10-31 20:05:04,364 - INFO - \u2713 Processed Trend_SUB_MAIN_33KV_CELL_04_M_PHASE_VOLTAGE_CA.HST
2025-10-31 20:05:24,427 - INFO - \u2713 Processed Trend_SUB_MAIN_33KV_CELL_04_M_PHASE_VOLTAGE_BC.HST
2025-10-31 20:06:09,821 - INFO -   \u2713 Renamed 'Time' to 'Timestamp' in CSV
2025-10-31 20:06:12,368 - INFO -   \u2713 Renamed 'Time' to 'Timestamp' in CSV
2025-10-31 20:06:15,415 - INFO -   \u2713 Renamed 'Time' to 'Timestamp' in CSV
2025-10-31 20:06:15,571 - INFO -   \u2713 Renamed 'Time' to 'Timestamp' in CSV
2025-10-31 20:06:33,416 - WARNING - Attempt 3 failed for D:\Acronis Backup\ipc backup\server  2\2023-04-26\TRENDDATA11\Trend_SUB_MAIN_33KV_CELL_04_M_RESIDUAL_CURRENT_I0.HST: 'Y:\\Trend_SUB_MAIN_33KV_CELL_04_M_RESIDUAL_CURRENT_I0.csv.gz' and 'Y:\\\\Trend_SUB_MAIN_33KV_CELL_04_M_RESIDUAL_CURRENT_I0.csv.gz' are the same file
2025-10-31 20:06:33,432 - ERROR - \u2717 Failed Trend_SUB_MAIN_33KV_CELL_04_M_RESIDUAL_CURRENT_I0.HST after 3 attempts
2025-10-31 20:06:33,900 - INFO -   \u2713 Renamed 'Time' to 'Timestamp' in CSV
2025-10-31 20:06:39,354 - WARNING - Attempt 3 failed for D:\Acronis Backup\ipc backup\server  2\2023-04-26\TRENDDATA11\Trend_SUB_MAIN_33KV_CELL_04_M_PHASE_VOLTAGE_AB.HST: 'Y:\\Trend_SUB_MAIN_33KV_CELL_04_M_PHASE_VOLTAGE_AB.csv.gz' and 'Y:\\\\Trend_SUB_MAIN_33KV_CELL_04_M_PHASE_VOLTAGE_AB.csv.gz' are the same file
2025-10-31 20:06:39,354 - ERROR - \u2717 Failed Trend_SUB_MAIN_33KV_CELL_04_M_PHASE_VOLTAGE_AB.HST after 3 attempts
2025-10-31 20:06:41,573 - WARNING - Attempt 3 failed for D:\Acronis Backup\ipc backup\server  2\2023-04-26\TRENDDATA11\Trend_SUB_MAIN_33KV_CELL_04_M_PHASE_VOLTAGE_A.HST: 'Y:\\Trend_SUB_MAIN_33KV_CELL_04_M_PHASE_VOLTAGE_A.csv.gz' and 'Y:\\\\Trend_SUB_MAIN_33KV_CELL_04_M_PHASE_VOLTAGE_A.csv.gz' are the same file
2025-10-31 20:06:41,573 - ERROR - \u2717 Failed Trend_SUB_MAIN_33KV_CELL_04_M_PHASE_VOLTAGE_A.HST after 3 attempts
2025-10-31 20:06:42,448 - WARNING - Attempt 3 failed for D:\Acronis Backup\ipc backup\server  2\2023-04-26\TRENDDATA11\Trend_SUB_MAIN_33KV_CELL_04_M_PHASE_VOLTAGE_B.HST: 'Y:\\Trend_SUB_MAIN_33KV_CELL_04_M_PHASE_VOLTAGE_B.csv.gz' and 'Y:\\\\Trend_SUB_MAIN_33KV_CELL_04_M_PHASE_VOLTAGE_B.csv.gz' are the same file
2025-10-31 20:06:42,448 - ERROR - \u2717 Failed Trend_SUB_MAIN_33KV_CELL_04_M_PHASE_VOLTAGE_B.HST after 3 attempts
2025-10-31 20:06:54,308 - INFO -   \u2713 Renamed 'Time' to 'Timestamp' in CSV
2025-10-31 20:06:55,058 - WARNING - Attempt 3 failed for D:\Acronis Backup\ipc backup\server  2\2023-04-26\TRENDDATA11\Trend_SUB_MAIN_33KV_CELL_04_M_SEQUENCE_CURRENT_NEG_AMP.HST: 'Y:\\Trend_SUB_MAIN_33KV_CELL_04_M_SEQUENCE_CURRENT_NEG_AMP.csv.gz' and 'Y:\\\\Trend_SUB_MAIN_33KV_CELL_04_M_SEQUENCE_CURRENT_NEG_AMP.csv.gz' are the same file
2025-10-31 20:06:55,058 - ERROR - \u2717 Failed Trend_SUB_MAIN_33KV_CELL_04_M_SEQUENCE_CURRENT_NEG_AMP.HST after 3 attempts
2025-10-31 20:07:15,653 - INFO - \u2713 Processed Trend_SUB_MAIN_33KV_CELL_04_M_SEQUENCE_CURRENT_POS_AMP.HST
2025-10-31 20:07:17,028 - WARNING - Attempt 3 failed for D:\Acronis Backup\ipc backup\server  2\2023-04-26\TRENDDATA11\Trend_SUB_MAIN_33KV_CELL_04_M_RESIDUAL_VOLTAGE_V0.HST: 'Y:\\Trend_SUB_MAIN_33KV_CELL_04_M_RESIDUAL_VOLTAGE_V0.csv.gz' and 'Y:\\\\Trend_SUB_MAIN_33KV_CELL_04_M_RESIDUAL_VOLTAGE_V0.csv.gz' are the same file
2025-10-31 20:07:17,043 - ERROR - \u2717 Failed Trend_SUB_MAIN_33KV_CELL_04_M_RESIDUAL_VOLTAGE_V0.HST after 3 attempts
2025-10-31 20:07:25,512 - INFO -   \u2713 Renamed 'Time' to 'Timestamp' in CSV
2025-10-31 20:07:31,325 - INFO -   \u2713 Renamed 'Time' to 'Timestamp' in CSV
2025-10-31 20:07:48,921 - WARNING - Attempt 3 failed for D:\Acronis Backup\ipc backup\server  2\2023-04-26\TRENDDATA11\Trend_SUB_MAIN_33KV_CELL_04_M_PHASE_VOLTAGE_C.HST: 'Y:\\Trend_SUB_MAIN_33KV_CELL_04_M_PHASE_VOLTAGE_C.csv.gz' and 'Y:\\\\Trend_SUB_MAIN_33KV_CELL_04_M_PHASE_VOLTAGE_C.csv.gz' are the same file
2025-10-31 20:07:48,921 - ERROR - \u2717 Failed Trend_SUB_MAIN_33KV_CELL_04_M_PHASE_VOLTAGE_C.HST after 3 attempts
2025-10-31 20:07:54,093 - WARNING - Attempt 3 failed for D:\Acronis Backup\ipc backup\server  2\2023-04-26\TRENDDATA11\Trend_SUB_MAIN_33KV_CELL_04_M_PHASE_VOLTAGE_CA.HST: 'Y:\\Trend_SUB_MAIN_33KV_CELL_04_M_PHASE_VOLTAGE_CA.csv.gz' and 'Y:\\\\Trend_SUB_MAIN_33KV_CELL_04_M_PHASE_VOLTAGE_CA.csv.gz' are the same file
2025-10-31 20:07:54,093 - ERROR - \u2717 Failed Trend_SUB_MAIN_33KV_CELL_04_M_PHASE_VOLTAGE_CA.HST after 3 attempts
2025-10-31 20:08:04,219 - INFO -   \u2713 Renamed 'Time' to 'Timestamp' in CSV
2025-10-31 20:08:29,659 - WARNING - Attempt 3 failed for D:\Acronis Backup\ipc backup\server  2\2023-04-26\TRENDDATA11\Trend_SUB_MAIN_33KV_CELL_04_M_PHASE_VOLTAGE_BC.HST: 'Y:\\Trend_SUB_MAIN_33KV_CELL_04_M_PHASE_VOLTAGE_BC.csv.gz' and 'Y:\\\\Trend_SUB_MAIN_33KV_CELL_04_M_PHASE_VOLTAGE_BC.csv.gz' are the same file
2025-10-31 20:08:29,659 - ERROR - \u2717 Failed Trend_SUB_MAIN_33KV_CELL_04_M_PHASE_VOLTAGE_BC.HST after 3 attempts
2025-10-31 20:09:15,522 - INFO -   \u2713 Renamed 'Time' to 'Timestamp' in CSV
2025-10-31 20:09:39,852 - WARNING - Attempt 3 failed for D:\Acronis Backup\ipc backup\server  2\2023-04-26\TRENDDATA11\Trend_SUB_MAIN_33KV_CELL_04_M_SEQUENCE_CURRENT_POS_AMP.HST: 'Y:\\Trend_SUB_MAIN_33KV_CELL_04_M_SEQUENCE_CURRENT_POS_AMP.csv.gz' and 'Y:\\\\Trend_SUB_MAIN_33KV_CELL_04_M_SEQUENCE_CURRENT_POS_AMP.csv.gz' are the same file
2025-10-31 20:09:39,852 - ERROR - \u2717 Failed Trend_SUB_MAIN_33KV_CELL_04_M_SEQUENCE_CURRENT_POS_AMP.HST after 3 attempts
2025-10-31 20:10:58,372 - INFO - \u2713 Processed Trend_SUB_MAIN_33KV_CELL_04_M_SEQUENCE_CURRENT_ZERO_AMP.HST
2025-10-31 20:11:15,779 - INFO - \u2713 Processed Trend_SUB_MAIN_33KV_CELL_04_M_SEQUENCE_VOLTAGE_ZERO_AMP.HST
2025-10-31 20:11:21,561 - INFO - \u2713 Processed Trend_SUB_MAIN_33KV_CELL_04_M_TOTAL_ACTIVE_POWER_P.HST
2025-10-31 20:11:22,327 - INFO - \u2713 Processed Trend_SUB_MAIN_33KV_CELL_04_M_SEQUENCE_VOLTAGE_NEG_AMP.HST
2025-10-31 20:11:32,515 - INFO - \u2713 Processed Trend_SUB_MAIN_33KV_CELL_04_M_SEQUENCE_VOLTAGE_POS_AMP.HST
2025-10-31 20:12:03,594 - INFO - \u2713 Processed Trend_SUB_MAIN_33KV_CELL_04_M_TOTAL_APPARENT_POWER_S.HST
2025-10-31 20:12:22,876 - INFO - \u2713 Processed Trend_SUB_MAIN_33KV_CELL_04_M_TOTAL_REACTIVE_POWER_Q.HST
2025-10-31 20:12:46,815 - INFO - \u2713 Processed Trend_SUB_MAIN_33KV_CELL_04_M_VOLTAGE_DEMAND_AB_AMP.HST
2025-10-31 20:13:08,550 - INFO -   \u2713 Renamed 'Time' to 'Timestamp' in CSV
2025-10-31 20:13:18,410 - INFO -   \u2713 Renamed 'Time' to 'Timestamp' in CSV
2025-10-31 20:13:19,378 - INFO -   \u2713 Renamed 'Time' to 'Timestamp' in CSV
2025-10-31 20:13:28,269 - INFO -   \u2713 Renamed 'Time' to 'Timestamp' in CSV
2025-10-31 20:13:28,754 - WARNING - Attempt 1 failed for D:\Acronis Backup\ipc backup\server  2\2023-04-26\TRENDDATA11\Trend_SUB_MAIN_33KV_CELL_04_M_SEQUENCE_CURRENT_ZERO_AMP.HST: 'Y:\\Trend_SUB_MAIN_33KV_CELL_04_M_SEQUENCE_CURRENT_ZERO_AMP.csv.gz' and 'Y:\\\\Trend_SUB_MAIN_33KV_CELL_04_M_SEQUENCE_CURRENT_ZERO_AMP.csv.gz' are the same file
2025-10-31 20:13:37,566 - INFO - \u2713 Processed Trend_SUB_MAIN_33KV_CELL_04_M_VOLTAGE_DEMAND_A_AMP.HST
2025-10-31 20:13:41,160 - WARNING - Attempt 1 failed for D:\Acronis Backup\ipc backup\server  2\2023-04-26\TRENDDATA11\Trend_SUB_MAIN_33KV_CELL_04_M_SEQUENCE_VOLTAGE_ZERO_AMP.HST: 'Y:\\Trend_SUB_MAIN_33KV_CELL_04_M_SEQUENCE_VOLTAGE_ZERO_AMP.csv.gz' and 'Y:\\\\Trend_SUB_MAIN_33KV_CELL_04_M_SEQUENCE_VOLTAGE_ZERO_AMP.csv.gz' are the same file
2025-10-31 20:13:41,848 - WARNING - Attempt 1 failed for D:\Acronis Backup\ipc backup\server  2\2023-04-26\TRENDDATA11\Trend_SUB_MAIN_33KV_CELL_04_M_TOTAL_ACTIVE_POWER_P.HST: 'Y:\\Trend_SUB_MAIN_33KV_CELL_04_M_TOTAL_ACTIVE_POWER_P.csv.gz' and 'Y:\\\\Trend_SUB_MAIN_33KV_CELL_04_M_TOTAL_ACTIVE_POWER_P.csv.gz' are the same file
2025-10-31 20:13:50,942 - INFO -   \u2713 Renamed 'Time' to 'Timestamp' in CSV
2025-10-31 20:13:51,536 - WARNING - Attempt 1 failed for D:\Acronis Backup\ipc backup\server  2\2023-04-26\TRENDDATA11\Trend_SUB_MAIN_33KV_CELL_04_M_SEQUENCE_VOLTAGE_NEG_AMP.HST: 'Y:\\Trend_SUB_MAIN_33KV_CELL_04_M_SEQUENCE_VOLTAGE_NEG_AMP.csv.gz' and 'Y:\\\\Trend_SUB_MAIN_33KV_CELL_04_M_SEQUENCE_VOLTAGE_NEG_AMP.csv.gz' are the same file
2025-10-31 20:14:14,474 - WARNING - Attempt 1 failed for D:\Acronis Backup\ipc backup\server  2\2023-04-26\TRENDDATA11\Trend_SUB_MAIN_33KV_CELL_04_M_SEQUENCE_VOLTAGE_POS_AMP.HST: 'Y:\\Trend_SUB_MAIN_33KV_CELL_04_M_SEQUENCE_VOLTAGE_POS_AMP.csv.gz' and 'Y:\\\\Trend_SUB_MAIN_33KV_CELL_04_M_SEQUENCE_VOLTAGE_POS_AMP.csv.gz' are the same file
2025-10-31 20:14:23,271 - INFO -   \u2713 Renamed 'Time' to 'Timestamp' in CSV
2025-10-31 20:14:35,537 - INFO -   \u2713 Renamed 'Time' to 'Timestamp' in CSV
2025-10-31 20:14:47,662 - WARNING - Attempt 1 failed for D:\Acronis Backup\ipc backup\server  2\2023-04-26\TRENDDATA11\Trend_SUB_MAIN_33KV_CELL_04_M_TOTAL_APPARENT_POWER_S.HST: 'Y:\\Trend_SUB_MAIN_33KV_CELL_04_M_TOTAL_APPARENT_POWER_S.csv.gz' and 'Y:\\\\Trend_SUB_MAIN_33KV_CELL_04_M_TOTAL_APPARENT_POWER_S.csv.gz' are the same file
2025-10-31 20:14:54,725 - WARNING - Attempt 1 failed for D:\Acronis Backup\ipc backup\server  2\2023-04-26\TRENDDATA11\Trend_SUB_MAIN_33KV_CELL_04_M_TOTAL_REACTIVE_POWER_Q.HST: 'Y:\\Trend_SUB_MAIN_33KV_CELL_04_M_TOTAL_REACTIVE_POWER_Q.csv.gz' and 'Y:\\\\Trend_SUB_MAIN_33KV_CELL_04_M_TOTAL_REACTIVE_POWER_Q.csv.gz' are the same file
2025-10-31 20:14:57,162 - INFO - \u2713 Processed Trend_SUB_MAIN_33KV_CELL_04_M_VOLTAGE_DEMAND_BC_AMP.HST
2025-10-31 20:15:18,007 - INFO -   \u2713 Renamed 'Time' to 'Timestamp' in CSV
2025-10-31 20:15:39,023 - WARNING - Attempt 1 failed for D:\Acronis Backup\ipc backup\server  2\2023-04-26\TRENDDATA11\Trend_SUB_MAIN_33KV_CELL_04_M_VOLTAGE_DEMAND_AB_AMP.HST: 'Y:\\Trend_SUB_MAIN_33KV_CELL_04_M_VOLTAGE_DEMAND_AB_AMP.csv.gz' and 'Y:\\\\Trend_SUB_MAIN_33KV_CELL_04_M_VOLTAGE_DEMAND_AB_AMP.csv.gz' are the same file
2025-10-31 20:16:00,117 - INFO -   \u2713 Renamed 'Time' to 'Timestamp' in CSV
2025-10-31 20:16:26,696 - WARNING - Attempt 1 failed for D:\Acronis Backup\ipc backup\server  2\2023-04-26\TRENDDATA11\Trend_SUB_MAIN_33KV_CELL_04_M_VOLTAGE_DEMAND_A_AMP.HST: 'Y:\\Trend_SUB_MAIN_33KV_CELL_04_M_VOLTAGE_DEMAND_A_AMP.csv.gz' and 'Y:\\\\Trend_SUB_MAIN_33KV_CELL_04_M_VOLTAGE_DEMAND_A_AMP.csv.gz' are the same file
2025-10-31 20:17:04,118 - INFO -   \u2713 Renamed 'Time' to 'Timestamp' in CSV
2025-10-31 20:17:31,228 - WARNING - Attempt 1 failed for D:\Acronis Backup\ipc backup\server  2\2023-04-26\TRENDDATA11\Trend_SUB_MAIN_33KV_CELL_04_M_VOLTAGE_DEMAND_BC_AMP.HST: 'Y:\\Trend_SUB_MAIN_33KV_CELL_04_M_VOLTAGE_DEMAND_BC_AMP.csv.gz' and 'Y:\\\\Trend_SUB_MAIN_33KV_CELL_04_M_VOLTAGE_DEMAND_BC_AMP.csv.gz' are the same file
2025-10-31 20:18:02,510 - INFO - \u2713 Processed Trend_SUB_MAIN_33KV_CELL_04_M_SEQUENCE_CURRENT_ZERO_AMP.HST
2025-10-31 20:18:13,635 - INFO - \u2713 Processed Trend_SUB_MAIN_33KV_CELL_04_M_SEQUENCE_VOLTAGE_NEG_AMP.HST
2025-10-31 20:18:26,604 - INFO - \u2713 Processed Trend_SUB_MAIN_33KV_CELL_04_M_TOTAL_ACTIVE_POWER_P.HST
2025-10-31 20:18:50,636 - INFO - \u2713 Processed Trend_SUB_MAIN_33KV_CELL_04_M_SEQUENCE_VOLTAGE_ZERO_AMP.HST
2025-10-31 20:19:07,964 - INFO - \u2713 Processed Trend_SUB_MAIN_33KV_CELL_04_M_SEQUENCE_VOLTAGE_POS_AMP.HST
2025-10-31 20:19:29,543 - INFO - \u2713 Processed Trend_SUB_MAIN_33KV_CELL_04_M_TOTAL_REACTIVE_POWER_Q.HST
2025-10-31 20:19:30,496 - INFO - \u2713 Processed Trend_SUB_MAIN_33KV_CELL_04_M_TOTAL_APPARENT_POWER_S.HST
2025-10-31 20:20:11,090 - INFO -   \u2713 Renamed 'Time' to 'Timestamp' in CSV
2025-10-31 20:20:18,403 - INFO -   \u2713 Renamed 'Time' to 'Timestamp' in CSV
2025-10-31 20:20:32,559 - WARNING - Attempt 2 failed for D:\Acronis Backup\ipc backup\server  2\2023-04-26\TRENDDATA11\Trend_SUB_MAIN_33KV_CELL_04_M_SEQUENCE_CURRENT_ZERO_AMP.HST: 'Y:\\Trend_SUB_MAIN_33KV_CELL_04_M_SEQUENCE_CURRENT_ZERO_AMP.csv.gz' and 'Y:\\\\Trend_SUB_MAIN_33KV_CELL_04_M_SEQUENCE_CURRENT_ZERO_AMP.csv.gz' are the same file
2025-10-31 20:20:34,621 - INFO -   \u2713 Renamed 'Time' to 'Timestamp' in CSV
2025-10-31 20:20:38,528 - WARNING - Attempt 2 failed for D:\Acronis Backup\ipc backup\server  2\2023-04-26\TRENDDATA11\Trend_SUB_MAIN_33KV_CELL_04_M_SEQUENCE_VOLTAGE_NEG_AMP.HST: 'Y:\\Trend_SUB_MAIN_33KV_CELL_04_M_SEQUENCE_VOLTAGE_NEG_AMP.csv.gz' and 'Y:\\\\Trend_SUB_MAIN_33KV_CELL_04_M_SEQUENCE_VOLTAGE_NEG_AMP.csv.gz' are the same file
2025-10-31 20:20:55,778 - WARNING - Attempt 2 failed for D:\Acronis Backup\ipc backup\server  2\2023-04-26\TRENDDATA11\Trend_SUB_MAIN_33KV_CELL_04_M_TOTAL_ACTIVE_POWER_P.HST: 'Y:\\Trend_SUB_MAIN_33KV_CELL_04_M_TOTAL_ACTIVE_POWER_P.csv.gz' and 'Y:\\\\Trend_SUB_MAIN_33KV_CELL_04_M_TOTAL_ACTIVE_POWER_P.csv.gz' are the same file
2025-10-31 20:20:58,106 - INFO -   \u2713 Renamed 'Time' to 'Timestamp' in CSV
2025-10-31 20:21:01,872 - INFO - \u2713 Processed Trend_SUB_MAIN_33KV_CELL_04_M_VOLTAGE_DEMAND_AB_AMP.HST
2025-10-31 20:21:19,810 - WARNING - Attempt 2 failed for D:\Acronis Backup\ipc backup\server  2\2023-04-26\TRENDDATA11\Trend_SUB_MAIN_33KV_CELL_04_M_SEQUENCE_VOLTAGE_ZERO_AMP.HST: 'Y:\\Trend_SUB_MAIN_33KV_CELL_04_M_SEQUENCE_VOLTAGE_ZERO_AMP.csv.gz' and 'Y:\\\\Trend_SUB_MAIN_33KV_CELL_04_M_SEQUENCE_VOLTAGE_ZERO_AMP.csv.gz' are the same file
2025-10-31 20:21:26,481 - INFO -   \u2713 Renamed 'Time' to 'Timestamp' in CSV
2025-10-31 20:21:31,825 - INFO - \u2713 Processed Trend_SUB_MAIN_33KV_CELL_04_M_VOLTAGE_DEMAND_A_AMP.HST
2025-10-31 20:21:45,669 - INFO -   \u2713 Renamed 'Time' to 'Timestamp' in CSV
2025-10-31 20:21:51,935 - WARNING - Attempt 2 failed for D:\Acronis Backup\ipc backup\server  2\2023-04-26\TRENDDATA11\Trend_SUB_MAIN_33KV_CELL_04_M_SEQUENCE_VOLTAGE_POS_AMP.HST: 'Y:\\Trend_SUB_MAIN_33KV_CELL_04_M_SEQUENCE_VOLTAGE_POS_AMP.csv.gz' and 'Y:\\\\Trend_SUB_MAIN_33KV_CELL_04_M_SEQUENCE_VOLTAGE_POS_AMP.csv.gz' are the same file
2025-10-31 20:21:52,169 - INFO -   \u2713 Renamed 'Time' to 'Timestamp' in CSV
2025-10-31 20:22:08,310 - WARNING - Attempt 2 failed for D:\Acronis Backup\ipc backup\server  2\2023-04-26\TRENDDATA11\Trend_SUB_MAIN_33KV_CELL_04_M_TOTAL_REACTIVE_POWER_Q.HST: 'Y:\\Trend_SUB_MAIN_33KV_CELL_04_M_TOTAL_REACTIVE_POWER_Q.csv.gz' and 'Y:\\\\Trend_SUB_MAIN_33KV_CELL_04_M_TOTAL_REACTIVE_POWER_Q.csv.gz' are the same file
2025-10-31 20:22:16,295 - WARNING - Attempt 2 failed for D:\Acronis Backup\ipc backup\server  2\2023-04-26\TRENDDATA11\Trend_SUB_MAIN_33KV_CELL_04_M_TOTAL_APPARENT_POWER_S.HST: 'Y:\\Trend_SUB_MAIN_33KV_CELL_04_M_TOTAL_APPARENT_POWER_S.csv.gz' and 'Y:\\\\Trend_SUB_MAIN_33KV_CELL_04_M_TOTAL_APPARENT_POWER_S.csv.gz' are the same file
2025-10-31 20:22:49,123 - INFO - \u2713 Processed Trend_SUB_MAIN_33KV_CELL_04_M_VOLTAGE_DEMAND_BC_AMP.HST
2025-10-31 20:23:18,467 - INFO -   \u2713 Renamed 'Time' to 'Timestamp' in CSV
2025-10-31 20:23:38,545 - WARNING - Attempt 2 failed for D:\Acronis Backup\ipc backup\server  2\2023-04-26\TRENDDATA11\Trend_SUB_MAIN_33KV_CELL_04_M_VOLTAGE_DEMAND_AB_AMP.HST: 'Y:\\Trend_SUB_MAIN_33KV_CELL_04_M_VOLTAGE_DEMAND_AB_AMP.csv.gz' and 'Y:\\\\Trend_SUB_MAIN_33KV_CELL_04_M_VOLTAGE_DEMAND_AB_AMP.csv.gz' are the same file
2025-10-31 20:23:44,577 - INFO -   \u2713 Renamed 'Time' to 'Timestamp' in CSV
2025-10-31 20:24:11,858 - WARNING - Attempt 2 failed for D:\Acronis Backup\ipc backup\server  2\2023-04-26\TRENDDATA11\Trend_SUB_MAIN_33KV_CELL_04_M_VOLTAGE_DEMAND_A_AMP.HST: 'Y:\\Trend_SUB_MAIN_33KV_CELL_04_M_VOLTAGE_DEMAND_A_AMP.csv.gz' and 'Y:\\\\Trend_SUB_MAIN_33KV_CELL_04_M_VOLTAGE_DEMAND_A_AMP.csv.gz' are the same file
2025-10-31 20:24:55,452 - INFO -   \u2713 Renamed 'Time' to 'Timestamp' in CSV
2025-10-31 20:25:07,671 - INFO - \u2713 Processed Trend_SUB_MAIN_33KV_CELL_04_M_SEQUENCE_CURRENT_ZERO_AMP.HST
2025-10-31 20:25:24,421 - WARNING - Attempt 2 failed for D:\Acronis Backup\ipc backup\server  2\2023-04-26\TRENDDATA11\Trend_SUB_MAIN_33KV_CELL_04_M_VOLTAGE_DEMAND_BC_AMP.HST: 'Y:\\Trend_SUB_MAIN_33KV_CELL_04_M_VOLTAGE_DEMAND_BC_AMP.csv.gz' and 'Y:\\\\Trend_SUB_MAIN_33KV_CELL_04_M_VOLTAGE_DEMAND_BC_AMP.csv.gz' are the same file
2025-10-31 20:25:40,812 - INFO - \u2713 Processed Trend_SUB_MAIN_33KV_CELL_04_M_SEQUENCE_VOLTAGE_NEG_AMP.HST
2025-10-31 20:25:51,297 - INFO - \u2713 Processed Trend_SUB_MAIN_33KV_CELL_04_M_SEQUENCE_VOLTAGE_ZERO_AMP.HST
2025-10-31 20:25:59,672 - INFO - \u2713 Processed Trend_SUB_MAIN_33KV_CELL_04_M_TOTAL_ACTIVE_POWER_P.HST
2025-10-31 20:26:46,078 - INFO - \u2713 Processed Trend_SUB_MAIN_33KV_CELL_04_M_SEQUENCE_VOLTAGE_POS_AMP.HST
2025-10-31 20:26:53,156 - INFO - \u2713 Processed Trend_SUB_MAIN_33KV_CELL_04_M_TOTAL_APPARENT_POWER_S.HST
2025-10-31 20:27:07,422 - INFO - \u2713 Processed Trend_SUB_MAIN_33KV_CELL_04_M_TOTAL_REACTIVE_POWER_Q.HST
2025-10-31 20:27:20,079 - INFO -   \u2713 Renamed 'Time' to 'Timestamp' in CSV
2025-10-31 20:27:41,173 - WARNING - Attempt 3 failed for D:\Acronis Backup\ipc backup\server  2\2023-04-26\TRENDDATA11\Trend_SUB_MAIN_33KV_CELL_04_M_SEQUENCE_CURRENT_ZERO_AMP.HST: 'Y:\\Trend_SUB_MAIN_33KV_CELL_04_M_SEQUENCE_CURRENT_ZERO_AMP.csv.gz' and 'Y:\\\\Trend_SUB_MAIN_33KV_CELL_04_M_SEQUENCE_CURRENT_ZERO_AMP.csv.gz' are the same file
2025-10-31 20:27:41,173 - ERROR - \u2717 Failed Trend_SUB_MAIN_33KV_CELL_04_M_SEQUENCE_CURRENT_ZERO_AMP.HST after 3 attempts
2025-10-31 20:27:50,641 - INFO -   \u2713 Renamed 'Time' to 'Timestamp' in CSV
2025-10-31 20:27:56,548 - INFO -   \u2713 Renamed 'Time' to 'Timestamp' in CSV
2025-10-31 20:28:08,532 - INFO -   \u2713 Renamed 'Time' to 'Timestamp' in CSV
2025-10-31 20:28:11,313 - WARNING - Attempt 3 failed for D:\Acronis Backup\ipc backup\server  2\2023-04-26\TRENDDATA11\Trend_SUB_MAIN_33KV_CELL_04_M_SEQUENCE_VOLTAGE_NEG_AMP.HST: 'Y:\\Trend_SUB_MAIN_33KV_CELL_04_M_SEQUENCE_VOLTAGE_NEG_AMP.csv.gz' and 'Y:\\\\Trend_SUB_MAIN_33KV_CELL_04_M_SEQUENCE_VOLTAGE_NEG_AMP.csv.gz' are the same file
2025-10-31 20:28:11,313 - ERROR - \u2717 Failed Trend_SUB_MAIN_33KV_CELL_04_M_SEQUENCE_VOLTAGE_NEG_AMP.HST after 3 attempts
2025-10-31 20:28:17,001 - WARNING - Attempt 3 failed for D:\Acronis Backup\ipc backup\server  2\2023-04-26\TRENDDATA11\Trend_SUB_MAIN_33KV_CELL_04_M_SEQUENCE_VOLTAGE_ZERO_AMP.HST: 'Y:\\Trend_SUB_MAIN_33KV_CELL_04_M_SEQUENCE_VOLTAGE_ZERO_AMP.csv.gz' and 'Y:\\\\Trend_SUB_MAIN_33KV_CELL_04_M_SEQUENCE_VOLTAGE_ZERO_AMP.csv.gz' are the same file
2025-10-31 20:28:17,001 - ERROR - \u2717 Failed Trend_SUB_MAIN_33KV_CELL_04_M_SEQUENCE_VOLTAGE_ZERO_AMP.HST after 3 attempts
2025-10-31 20:28:30,189 - WARNING - Attempt 3 failed for D:\Acronis Backup\ipc backup\server  2\2023-04-26\TRENDDATA11\Trend_SUB_MAIN_33KV_CELL_04_M_TOTAL_ACTIVE_POWER_P.HST: 'Y:\\Trend_SUB_MAIN_33KV_CELL_04_M_TOTAL_ACTIVE_POWER_P.csv.gz' and 'Y:\\\\Trend_SUB_MAIN_33KV_CELL_04_M_TOTAL_ACTIVE_POWER_P.csv.gz' are the same file
2025-10-31 20:28:30,189 - ERROR - \u2717 Failed Trend_SUB_MAIN_33KV_CELL_04_M_TOTAL_ACTIVE_POWER_P.HST after 3 attempts
2025-10-31 20:28:59,345 - INFO - \u2713 Processed Trend_SUB_MAIN_33KV_CELL_04_M_VOLTAGE_DEMAND_AB_AMP.HST
2025-10-31 20:29:00,923 - INFO -   \u2713 Renamed 'Time' to 'Timestamp' in CSV
2025-10-31 20:29:09,220 - INFO -   \u2713 Renamed 'Time' to 'Timestamp' in CSV
2025-10-31 20:29:23,439 - INFO - \u2713 Processed Trend_SUB_MAIN_33KV_CELL_04_M_VOLTAGE_DEMAND_A_AMP.HST
2025-10-31 20:29:25,158 - INFO -   \u2713 Renamed 'Time' to 'Timestamp' in CSV
2025-10-31 20:29:26,955 - WARNING - Attempt 3 failed for D:\Acronis Backup\ipc backup\server  2\2023-04-26\TRENDDATA11\Trend_SUB_MAIN_33KV_CELL_04_M_SEQUENCE_VOLTAGE_POS_AMP.HST: 'Y:\\Trend_SUB_MAIN_33KV_CELL_04_M_SEQUENCE_VOLTAGE_POS_AMP.csv.gz' and 'Y:\\\\Trend_SUB_MAIN_33KV_CELL_04_M_SEQUENCE_VOLTAGE_POS_AMP.csv.gz' are the same file
2025-10-31 20:29:26,955 - ERROR - \u2717 Failed Trend_SUB_MAIN_33KV_CELL_04_M_SEQUENCE_VOLTAGE_POS_AMP.HST after 3 attempts
2025-10-31 20:29:34,502 - WARNING - Attempt 3 failed for D:\Acronis Backup\ipc backup\server  2\2023-04-26\TRENDDATA11\Trend_SUB_MAIN_33KV_CELL_04_M_TOTAL_APPARENT_POWER_S.HST: 'Y:\\Trend_SUB_MAIN_33KV_CELL_04_M_TOTAL_APPARENT_POWER_S.csv.gz' and 'Y:\\\\Trend_SUB_MAIN_33KV_CELL_04_M_TOTAL_APPARENT_POWER_S.csv.gz' are the same file
2025-10-31 20:29:34,502 - ERROR - \u2717 Failed Trend_SUB_MAIN_33KV_CELL_04_M_TOTAL_APPARENT_POWER_S.HST after 3 attempts
2025-10-31 20:29:47,361 - WARNING - Attempt 3 failed for D:\Acronis Backup\ipc backup\server  2\2023-04-26\TRENDDATA11\Trend_SUB_MAIN_33KV_CELL_04_M_TOTAL_REACTIVE_POWER_Q.HST: 'Y:\\Trend_SUB_MAIN_33KV_CELL_04_M_TOTAL_REACTIVE_POWER_Q.csv.gz' and 'Y:\\\\Trend_SUB_MAIN_33KV_CELL_04_M_TOTAL_REACTIVE_POWER_Q.csv.gz' are the same file
2025-10-31 20:29:47,361 - ERROR - \u2717 Failed Trend_SUB_MAIN_33KV_CELL_04_M_TOTAL_REACTIVE_POWER_Q.HST after 3 attempts
2025-10-31 20:30:45,799 - INFO - \u2713 Processed Trend_SUB_MAIN_33KV_CELL_04_M_VOLTAGE_DEMAND_BC_AMP.HST
2025-10-31 20:31:10,659 - INFO -   \u2713 Renamed 'Time' to 'Timestamp' in CSV
2025-10-31 20:31:30,909 - WARNING - Attempt 3 failed for D:\Acronis Backup\ipc backup\server  2\2023-04-26\TRENDDATA11\Trend_SUB_MAIN_33KV_CELL_04_M_VOLTAGE_DEMAND_AB_AMP.HST: 'Y:\\Trend_SUB_MAIN_33KV_CELL_04_M_VOLTAGE_DEMAND_AB_AMP.csv.gz' and 'Y:\\\\Trend_SUB_MAIN_33KV_CELL_04_M_VOLTAGE_DEMAND_AB_AMP.csv.gz' are the same file
2025-10-31 20:31:30,909 - ERROR - \u2717 Failed Trend_SUB_MAIN_33KV_CELL_04_M_VOLTAGE_DEMAND_AB_AMP.HST after 3 attempts
2025-10-31 20:31:31,346 - INFO -   \u2713 Renamed 'Time' to 'Timestamp' in CSV
2025-10-31 20:31:58,456 - WARNING - Attempt 3 failed for D:\Acronis Backup\ipc backup\server  2\2023-04-26\TRENDDATA11\Trend_SUB_MAIN_33KV_CELL_04_M_VOLTAGE_DEMAND_A_AMP.HST: 'Y:\\Trend_SUB_MAIN_33KV_CELL_04_M_VOLTAGE_DEMAND_A_AMP.csv.gz' and 'Y:\\\\Trend_SUB_MAIN_33KV_CELL_04_M_VOLTAGE_DEMAND_A_AMP.csv.gz' are the same file
2025-10-31 20:31:58,456 - ERROR - \u2717 Failed Trend_SUB_MAIN_33KV_CELL_04_M_VOLTAGE_DEMAND_A_AMP.HST after 3 attempts
2025-10-31 20:32:53,831 - INFO -   \u2713 Renamed 'Time' to 'Timestamp' in CSV
2025-10-31 20:32:57,691 - INFO - \u2713 Processed Trend_SUB_MAIN_33KV_CELL_04_M_VOLTAGE_DEMAND_B_AMP.HST
2025-10-31 20:33:09,519 - INFO - \u2713 Processed Trend_SUB_MAIN_33KV_CELL_04_M_VOLTAGE_DEMAND_CA_AMP.HST
2025-10-31 20:33:11,816 - INFO - \u2713 Processed Trend_SUB_MAIN_33KV_CELL_04_M_VOLTAGE_DEMAND_C_AMP.HST
2025-10-31 20:33:20,786 - INFO - \u2713 Processed Trend_SUB_MAIN_33KV_CELL_05_M_FREQUENCY.HST
2025-10-31 20:33:22,583 - WARNING - Attempt 3 failed for D:\Acronis Backup\ipc backup\server  2\2023-04-26\TRENDDATA11\Trend_SUB_MAIN_33KV_CELL_04_M_VOLTAGE_DEMAND_BC_AMP.HST: 'Y:\\Trend_SUB_MAIN_33KV_CELL_04_M_VOLTAGE_DEMAND_BC_AMP.csv.gz' and 'Y:\\\\Trend_SUB_MAIN_33KV_CELL_04_M_VOLTAGE_DEMAND_BC_AMP.csv.gz' are the same file
2025-10-31 20:33:22,583 - ERROR - \u2717 Failed Trend_SUB_MAIN_33KV_CELL_04_M_VOLTAGE_DEMAND_BC_AMP.HST after 3 attempts
2025-10-31 20:34:28,248 - INFO - \u2713 Processed Trend_SUB_MAIN_33KV_CELL_05_M_PHASE_VOLTAGE_A.HST
2025-10-31 20:34:33,483 - INFO - \u2713 Processed Trend_SUB_MAIN_33KV_CELL_05_M_PHASE_VOLTAGE_AB.HST
2025-10-31 20:34:56,610 - INFO - \u2713 Processed Trend_SUB_MAIN_33KV_CELL_05_M_PHASE_VOLTAGE_B.HST
2025-10-31 20:35:25,472 - INFO -   \u2713 Renamed 'Time' to 'Timestamp' in CSV
2025-10-31 20:35:33,145 - INFO -   \u2713 Renamed 'Time' to 'Timestamp' in CSV
2025-10-31 20:35:34,395 - INFO -   \u2713 Renamed 'Time' to 'Timestamp' in CSV
2025-10-31 20:35:37,817 - INFO -   \u2713 Renamed 'Time' to 'Timestamp' in CSV
2025-10-31 20:35:52,975 - WARNING - Attempt 1 failed for D:\Acronis Backup\ipc backup\server  2\2023-04-26\TRENDDATA11\Trend_SUB_MAIN_33KV_CELL_04_M_VOLTAGE_DEMAND_B_AMP.HST: 'Y:\\Trend_SUB_MAIN_33KV_CELL_04_M_VOLTAGE_DEMAND_B_AMP.csv.gz' and 'Y:\\\\Trend_SUB_MAIN_33KV_CELL_04_M_VOLTAGE_DEMAND_B_AMP.csv.gz' are the same file
2025-10-31 20:36:00,303 - WARNING - Attempt 1 failed for D:\Acronis Backup\ipc backup\server  2\2023-04-26\TRENDDATA11\Trend_SUB_MAIN_33KV_CELL_04_M_VOLTAGE_DEMAND_C_AMP.HST: 'Y:\\Trend_SUB_MAIN_33KV_CELL_04_M_VOLTAGE_DEMAND_C_AMP.csv.gz' and 'Y:\\\\Trend_SUB_MAIN_33KV_CELL_04_M_VOLTAGE_DEMAND_C_AMP.csv.gz' are the same file
2025-10-31 20:36:00,663 - WARNING - Attempt 1 failed for D:\Acronis Backup\ipc backup\server  2\2023-04-26\TRENDDATA11\Trend_SUB_MAIN_33KV_CELL_04_M_VOLTAGE_DEMAND_CA_AMP.HST: 'Y:\\Trend_SUB_MAIN_33KV_CELL_04_M_VOLTAGE_DEMAND_CA_AMP.csv.gz' and 'Y:\\\\Trend_SUB_MAIN_33KV_CELL_04_M_VOLTAGE_DEMAND_CA_AMP.csv.gz' are the same file
2025-10-31 20:36:02,944 - WARNING - Attempt 1 failed for D:\Acronis Backup\ipc backup\server  2\2023-04-26\TRENDDATA11\Trend_SUB_MAIN_33KV_CELL_05_M_FREQUENCY.HST: 'Y:\\Trend_SUB_MAIN_33KV_CELL_05_M_FREQUENCY.csv.gz' and 'Y:\\\\Trend_SUB_MAIN_33KV_CELL_05_M_FREQUENCY.csv.gz' are the same file
2025-10-31 20:36:45,822 - INFO -   \u2713 Renamed 'Time' to 'Timestamp' in CSV
2025-10-31 20:36:58,495 - INFO -   \u2713 Renamed 'Time' to 'Timestamp' in CSV
2025-10-31 20:37:10,730 - WARNING - Attempt 1 failed for D:\Acronis Backup\ipc backup\server  2\2023-04-26\TRENDDATA11\Trend_SUB_MAIN_33KV_CELL_05_M_PHASE_VOLTAGE_A.HST: 'Y:\\Trend_SUB_MAIN_33KV_CELL_05_M_PHASE_VOLTAGE_A.csv.gz' and 'Y:\\\\Trend_SUB_MAIN_33KV_CELL_05_M_PHASE_VOLTAGE_A.csv.gz' are the same file
2025-10-31 20:37:12,933 - INFO - \u2713 Processed Trend_SUB_MAIN_33KV_CELL_05_M_PHASE_VOLTAGE_BC.HST
2025-10-31 20:37:25,840 - INFO -   \u2713 Renamed 'Time' to 'Timestamp' in CSV
2025-10-31 20:37:25,887 - WARNING - Attempt 1 failed for D:\Acronis Backup\ipc backup\server  2\2023-04-26\TRENDDATA11\Trend_SUB_MAIN_33KV_CELL_05_M_PHASE_VOLTAGE_AB.HST: 'Y:\\Trend_SUB_MAIN_33KV_CELL_05_M_PHASE_VOLTAGE_AB.csv.gz' and 'Y:\\\\Trend_SUB_MAIN_33KV_CELL_05_M_PHASE_VOLTAGE_AB.csv.gz' are the same file
2025-10-31 20:37:37,232 - INFO - \u2713 Processed Trend_SUB_MAIN_33KV_CELL_05_M_PHASE_VOLTAGE_C.HST
2025-10-31 20:37:47,185 - WARNING - Attempt 1 failed for D:\Acronis Backup\ipc backup\server  2\2023-04-26\TRENDDATA11\Trend_SUB_MAIN_33KV_CELL_05_M_PHASE_VOLTAGE_B.HST: 'Y:\\Trend_SUB_MAIN_33KV_CELL_05_M_PHASE_VOLTAGE_B.csv.gz' and 'Y:\\\\Trend_SUB_MAIN_33KV_CELL_05_M_PHASE_VOLTAGE_B.csv.gz' are the same file
2025-10-31 20:39:02,751 - INFO - \u2713 Processed Trend_SUB_MAIN_33KV_CELL_05_M_PHASE_VOLTAGE_CA.HST
2025-10-31 20:39:27,815 - INFO -   \u2713 Renamed 'Time' to 'Timestamp' in CSV
2025-10-31 20:39:51,003 - WARNING - Attempt 1 failed for D:\Acronis Backup\ipc backup\server  2\2023-04-26\TRENDDATA11\Trend_SUB_MAIN_33KV_CELL_05_M_PHASE_VOLTAGE_BC.HST: 'Y:\\Trend_SUB_MAIN_33KV_CELL_05_M_PHASE_VOLTAGE_BC.csv.gz' and 'Y:\\\\Trend_SUB_MAIN_33KV_CELL_05_M_PHASE_VOLTAGE_BC.csv.gz' are the same file
2025-10-31 20:39:51,238 - INFO -   \u2713 Renamed 'Time' to 'Timestamp' in CSV
2025-10-31 20:40:17,504 - WARNING - Attempt 1 failed for D:\Acronis Backup\ipc backup\server  2\2023-04-26\TRENDDATA11\Trend_SUB_MAIN_33KV_CELL_05_M_PHASE_VOLTAGE_C.HST: 'Y:\\Trend_SUB_MAIN_33KV_CELL_05_M_PHASE_VOLTAGE_C.csv.gz' and 'Y:\\\\Trend_SUB_MAIN_33KV_CELL_05_M_PHASE_VOLTAGE_C.csv.gz' are the same file
2025-10-31 20:41:04,678 - INFO - \u2713 Processed Trend_SUB_MAIN_33KV_CELL_05_M_FREQUENCY.HST
2025-10-31 20:41:06,068 - INFO - \u2713 Processed Trend_SUB_MAIN_33KV_CELL_04_M_VOLTAGE_DEMAND_CA_AMP.HST
2025-10-31 20:41:11,772 - INFO - \u2713 Processed Trend_SUB_MAIN_33KV_CELL_04_M_VOLTAGE_DEMAND_B_AMP.HST
2025-10-31 20:41:28,850 - INFO - \u2713 Processed Trend_SUB_MAIN_33KV_CELL_04_M_VOLTAGE_DEMAND_C_AMP.HST
2025-10-31 20:41:31,772 - INFO -   \u2713 Renamed 'Time' to 'Timestamp' in CSV
2025-10-31 20:42:01,992 - WARNING - Attempt 1 failed for D:\Acronis Backup\ipc backup\server  2\2023-04-26\TRENDDATA11\Trend_SUB_MAIN_33KV_CELL_05_M_PHASE_VOLTAGE_CA.HST: 'Y:\\Trend_SUB_MAIN_33KV_CELL_05_M_PHASE_VOLTAGE_CA.csv.gz' and 'Y:\\\\Trend_SUB_MAIN_33KV_CELL_05_M_PHASE_VOLTAGE_CA.csv.gz' are the same file
2025-10-31 20:42:23,695 - INFO - \u2713 Processed Trend_SUB_MAIN_33KV_CELL_05_M_PHASE_VOLTAGE_A.HST
2025-10-31 20:42:59,087 - INFO - \u2713 Processed Trend_SUB_MAIN_33KV_CELL_05_M_PHASE_VOLTAGE_AB.HST
2025-10-31 20:43:15,259 - INFO - \u2713 Processed Trend_SUB_MAIN_33KV_CELL_05_M_PHASE_VOLTAGE_B.HST
2025-10-31 20:43:40,353 - INFO -   \u2713 Renamed 'Time' to 'Timestamp' in CSV
2025-10-31 20:43:45,760 - INFO -   \u2713 Renamed 'Time' to 'Timestamp' in CSV
2025-10-31 20:43:46,760 - INFO -   \u2713 Renamed 'Time' to 'Timestamp' in CSV
2025-10-31 20:44:03,666 - INFO -   \u2713 Renamed 'Time' to 'Timestamp' in CSV
2025-10-31 20:44:05,244 - WARNING - Attempt 2 failed for D:\Acronis Backup\ipc backup\server  2\2023-04-26\TRENDDATA11\Trend_SUB_MAIN_33KV_CELL_05_M_FREQUENCY.HST: 'Y:\\Trend_SUB_MAIN_33KV_CELL_05_M_FREQUENCY.csv.gz' and 'Y:\\\\Trend_SUB_MAIN_33KV_CELL_05_M_FREQUENCY.csv.gz' are the same file
2025-10-31 20:44:12,276 - WARNING - Attempt 2 failed for D:\Acronis Backup\ipc backup\server  2\2023-04-26\TRENDDATA11\Trend_SUB_MAIN_33KV_CELL_04_M_VOLTAGE_DEMAND_B_AMP.HST: 'Y:\\Trend_SUB_MAIN_33KV_CELL_04_M_VOLTAGE_DEMAND_B_AMP.csv.gz' and 'Y:\\\\Trend_SUB_MAIN_33KV_CELL_04_M_VOLTAGE_DEMAND_B_AMP.csv.gz' are the same file
2025-10-31 20:44:15,713 - WARNING - Attempt 2 failed for D:\Acronis Backup\ipc backup\server  2\2023-04-26\TRENDDATA11\Trend_SUB_MAIN_33KV_CELL_04_M_VOLTAGE_DEMAND_CA_AMP.HST: 'Y:\\Trend_SUB_MAIN_33KV_CELL_04_M_VOLTAGE_DEMAND_CA_AMP.csv.gz' and 'Y:\\\\Trend_SUB_MAIN_33KV_CELL_04_M_VOLTAGE_DEMAND_CA_AMP.csv.gz' are the same file
2025-10-31 20:44:33,979 - WARNING - Attempt 2 failed for D:\Acronis Backup\ipc backup\server  2\2023-04-26\TRENDDATA11\Trend_SUB_MAIN_33KV_CELL_04_M_VOLTAGE_DEMAND_C_AMP.HST: 'Y:\\Trend_SUB_MAIN_33KV_CELL_04_M_VOLTAGE_DEMAND_C_AMP.csv.gz' and 'Y:\\\\Trend_SUB_MAIN_33KV_CELL_04_M_VOLTAGE_DEMAND_C_AMP.csv.gz' are the same file
2025-10-31 20:45:06,949 - INFO -   \u2713 Renamed 'Time' to 'Timestamp' in CSV
2025-10-31 20:45:35,559 - WARNING - Attempt 2 failed for D:\Acronis Backup\ipc backup\server  2\2023-04-26\TRENDDATA11\Trend_SUB_MAIN_33KV_CELL_05_M_PHASE_VOLTAGE_A.HST: 'Y:\\Trend_SUB_MAIN_33KV_CELL_05_M_PHASE_VOLTAGE_A.csv.gz' and 'Y:\\\\Trend_SUB_MAIN_33KV_CELL_05_M_PHASE_VOLTAGE_A.csv.gz' are the same file
2025-10-31 20:45:55,278 - INFO - \u2713 Processed Trend_SUB_MAIN_33KV_CELL_05_M_PHASE_VOLTAGE_BC.HST
2025-10-31 20:45:58,559 - INFO -   \u2713 Renamed 'Time' to 'Timestamp' in CSV
2025-10-31 20:46:03,262 - INFO -   \u2713 Renamed 'Time' to 'Timestamp' in CSV
2025-10-31 20:46:22,450 - INFO - \u2713 Processed Trend_SUB_MAIN_33KV_CELL_05_M_PHASE_VOLTAGE_C.HST
2025-10-31 20:46:27,747 - WARNING - Attempt 2 failed for D:\Acronis Backup\ipc backup\server  2\2023-04-26\TRENDDATA11\Trend_SUB_MAIN_33KV_CELL_05_M_PHASE_VOLTAGE_AB.HST: 'Y:\\Trend_SUB_MAIN_33KV_CELL_05_M_PHASE_VOLTAGE_AB.csv.gz' and 'Y:\\\\Trend_SUB_MAIN_33KV_CELL_05_M_PHASE_VOLTAGE_AB.csv.gz' are the same file
2025-10-31 20:46:29,325 - WARNING - Attempt 2 failed for D:\Acronis Backup\ipc backup\server  2\2023-04-26\TRENDDATA11\Trend_SUB_MAIN_33KV_CELL_05_M_PHASE_VOLTAGE_B.HST: 'Y:\\Trend_SUB_MAIN_33KV_CELL_05_M_PHASE_VOLTAGE_B.csv.gz' and 'Y:\\\\Trend_SUB_MAIN_33KV_CELL_05_M_PHASE_VOLTAGE_B.csv.gz' are the same file
2025-10-31 20:48:04,904 - INFO - \u2713 Processed Trend_SUB_MAIN_33KV_CELL_05_M_PHASE_VOLTAGE_CA.HST
2025-10-31 20:48:16,451 - INFO -   \u2713 Renamed 'Time' to 'Timestamp' in CSV
2025-10-31 20:48:41,327 - WARNING - Attempt 2 failed for D:\Acronis Backup\ipc backup\server  2\2023-04-26\TRENDDATA11\Trend_SUB_MAIN_33KV_CELL_05_M_PHASE_VOLTAGE_BC.HST: 'Y:\\Trend_SUB_MAIN_33KV_CELL_05_M_PHASE_VOLTAGE_BC.csv.gz' and 'Y:\\\\Trend_SUB_MAIN_33KV_CELL_05_M_PHASE_VOLTAGE_BC.csv.gz' are the same file
2025-10-31 20:48:52,624 - INFO -   \u2713 Renamed 'Time' to 'Timestamp' in CSV
2025-10-31 20:49:20,843 - WARNING - Attempt 2 failed for D:\Acronis Backup\ipc backup\server  2\2023-04-26\TRENDDATA11\Trend_SUB_MAIN_33KV_CELL_05_M_PHASE_VOLTAGE_C.HST: 'Y:\\Trend_SUB_MAIN_33KV_CELL_05_M_PHASE_VOLTAGE_C.csv.gz' and 'Y:\\\\Trend_SUB_MAIN_33KV_CELL_05_M_PHASE_VOLTAGE_C.csv.gz' are the same file
2025-10-31 20:49:47,280 - INFO - \u2713 Processed Trend_SUB_MAIN_33KV_CELL_05_M_FREQUENCY.HST
2025-10-31 20:49:52,046 - INFO - \u2713 Processed Trend_SUB_MAIN_33KV_CELL_04_M_VOLTAGE_DEMAND_B_AMP.HST
2025-10-31 20:50:02,062 - INFO - \u2713 Processed Trend_SUB_MAIN_33KV_CELL_04_M_VOLTAGE_DEMAND_CA_AMP.HST
2025-10-31 20:50:16,656 - INFO - \u2713 Processed Trend_SUB_MAIN_33KV_CELL_04_M_VOLTAGE_DEMAND_C_AMP.HST
2025-10-31 20:50:42,063 - INFO -   \u2713 Renamed 'Time' to 'Timestamp' in CSV
2025-10-31 20:51:12,799 - WARNING - Attempt 2 failed for D:\Acronis Backup\ipc backup\server  2\2023-04-26\TRENDDATA11\Trend_SUB_MAIN_33KV_CELL_05_M_PHASE_VOLTAGE_CA.HST: 'Y:\\Trend_SUB_MAIN_33KV_CELL_05_M_PHASE_VOLTAGE_CA.csv.gz' and 'Y:\\\\Trend_SUB_MAIN_33KV_CELL_05_M_PHASE_VOLTAGE_CA.csv.gz' are the same file
2025-10-31 20:51:20,753 - INFO - \u2713 Processed Trend_SUB_MAIN_33KV_CELL_05_M_PHASE_VOLTAGE_A.HST
2025-10-31 20:52:20,880 - INFO - \u2713 Processed Trend_SUB_MAIN_33KV_CELL_05_M_PHASE_VOLTAGE_B.HST
2025-10-31 20:52:25,302 - INFO -   \u2713 Renamed 'Time' to 'Timestamp' in CSV
2025-10-31 20:52:33,021 - INFO -   \u2713 Renamed 'Time' to 'Timestamp' in CSV
2025-10-31 20:52:46,240 - INFO -   \u2713 Renamed 'Time' to 'Timestamp' in CSV
2025-10-31 20:52:49,787 - WARNING - Attempt 3 failed for D:\Acronis Backup\ipc backup\server  2\2023-04-26\TRENDDATA11\Trend_SUB_MAIN_33KV_CELL_05_M_FREQUENCY.HST: 'Y:\\Trend_SUB_MAIN_33KV_CELL_05_M_FREQUENCY.csv.gz' and 'Y:\\\\Trend_SUB_MAIN_33KV_CELL_05_M_FREQUENCY.csv.gz' are the same file
2025-10-31 20:52:49,787 - ERROR - \u2717 Failed Trend_SUB_MAIN_33KV_CELL_05_M_FREQUENCY.HST after 3 attempts
2025-10-31 20:52:58,475 - INFO -   \u2713 Renamed 'Time' to 'Timestamp' in CSV
2025-10-31 20:52:59,506 - WARNING - Attempt 3 failed for D:\Acronis Backup\ipc backup\server  2\2023-04-26\TRENDDATA11\Trend_SUB_MAIN_33KV_CELL_04_M_VOLTAGE_DEMAND_B_AMP.HST: 'Y:\\Trend_SUB_MAIN_33KV_CELL_04_M_VOLTAGE_DEMAND_B_AMP.csv.gz' and 'Y:\\\\Trend_SUB_MAIN_33KV_CELL_04_M_VOLTAGE_DEMAND_B_AMP.csv.gz' are the same file
2025-10-31 20:52:59,506 - ERROR - \u2717 Failed Trend_SUB_MAIN_33KV_CELL_04_M_VOLTAGE_DEMAND_B_AMP.HST after 3 attempts
2025-10-31 20:53:10,397 - INFO - \u2713 Processed Trend_SUB_MAIN_33KV_CELL_05_M_PHASE_VOLTAGE_AB.HST
2025-10-31 20:53:12,991 - WARNING - Attempt 3 failed for D:\Acronis Backup\ipc backup\server  2\2023-04-26\TRENDDATA11\Trend_SUB_MAIN_33KV_CELL_04_M_VOLTAGE_DEMAND_CA_AMP.HST: 'Y:\\Trend_SUB_MAIN_33KV_CELL_04_M_VOLTAGE_DEMAND_CA_AMP.csv.gz' and 'Y:\\\\Trend_SUB_MAIN_33KV_CELL_04_M_VOLTAGE_DEMAND_CA_AMP.csv.gz' are the same file
2025-10-31 20:53:12,991 - ERROR - \u2717 Failed Trend_SUB_MAIN_33KV_CELL_04_M_VOLTAGE_DEMAND_CA_AMP.HST after 3 attempts
2025-10-31 20:53:22,850 - WARNING - Attempt 3 failed for D:\Acronis Backup\ipc backup\server  2\2023-04-26\TRENDDATA11\Trend_SUB_MAIN_33KV_CELL_04_M_VOLTAGE_DEMAND_C_AMP.HST: 'Y:\\Trend_SUB_MAIN_33KV_CELL_04_M_VOLTAGE_DEMAND_C_AMP.csv.gz' and 'Y:\\\\Trend_SUB_MAIN_33KV_CELL_04_M_VOLTAGE_DEMAND_C_AMP.csv.gz' are the same file
2025-10-31 20:53:22,850 - ERROR - \u2717 Failed Trend_SUB_MAIN_33KV_CELL_04_M_VOLTAGE_DEMAND_C_AMP.HST after 3 attempts
2025-10-31 20:53:56,070 - INFO -   \u2713 Renamed 'Time' to 'Timestamp' in CSV
2025-10-31 20:54:20,352 - WARNING - Attempt 3 failed for D:\Acronis Backup\ipc backup\server  2\2023-04-26\TRENDDATA11\Trend_SUB_MAIN_33KV_CELL_05_M_PHASE_VOLTAGE_A.HST: 'Y:\\Trend_SUB_MAIN_33KV_CELL_05_M_PHASE_VOLTAGE_A.csv.gz' and 'Y:\\\\Trend_SUB_MAIN_33KV_CELL_05_M_PHASE_VOLTAGE_A.csv.gz' are the same file
2025-10-31 20:54:20,352 - ERROR - \u2717 Failed Trend_SUB_MAIN_33KV_CELL_05_M_PHASE_VOLTAGE_A.HST after 3 attempts
2025-10-31 20:54:43,431 - INFO - \u2713 Processed Trend_SUB_MAIN_33KV_CELL_05_M_PHASE_VOLTAGE_BC.HST
2025-10-31 20:54:52,540 - INFO -   \u2713 Renamed 'Time' to 'Timestamp' in CSV
2025-10-31 20:55:13,978 - WARNING - Attempt 3 failed for D:\Acronis Backup\ipc backup\server  2\2023-04-26\TRENDDATA11\Trend_SUB_MAIN_33KV_CELL_05_M_PHASE_VOLTAGE_B.HST: 'Y:\\Trend_SUB_MAIN_33KV_CELL_05_M_PHASE_VOLTAGE_B.csv.gz' and 'Y:\\\\Trend_SUB_MAIN_33KV_CELL_05_M_PHASE_VOLTAGE_B.csv.gz' are the same file
2025-10-31 20:55:13,978 - ERROR - \u2717 Failed Trend_SUB_MAIN_33KV_CELL_05_M_PHASE_VOLTAGE_B.HST after 3 attempts
2025-10-31 20:55:20,447 - INFO - \u2713 Processed Trend_SUB_MAIN_33KV_CELL_05_M_PHASE_VOLTAGE_C.HST
2025-10-31 20:55:31,479 - INFO -   \u2713 Renamed 'Time' to 'Timestamp' in CSV
2025-10-31 20:55:58,776 - WARNING - Attempt 3 failed for D:\Acronis Backup\ipc backup\server  2\2023-04-26\TRENDDATA11\Trend_SUB_MAIN_33KV_CELL_05_M_PHASE_VOLTAGE_AB.HST: 'Y:\\Trend_SUB_MAIN_33KV_CELL_05_M_PHASE_VOLTAGE_AB.csv.gz' and 'Y:\\\\Trend_SUB_MAIN_33KV_CELL_05_M_PHASE_VOLTAGE_AB.csv.gz' are the same file
2025-10-31 20:55:58,776 - ERROR - \u2717 Failed Trend_SUB_MAIN_33KV_CELL_05_M_PHASE_VOLTAGE_AB.HST after 3 attempts
2025-10-31 20:57:04,465 - INFO -   \u2713 Renamed 'Time' to 'Timestamp' in CSV
2025-10-31 20:57:06,605 - INFO - \u2713 Processed Trend_SUB_MAIN_33KV_CELL_05_M_PHASE_VOLTAGE_CA.HST
2025-10-31 20:57:26,106 - WARNING - Attempt 3 failed for D:\Acronis Backup\ipc backup\server  2\2023-04-26\TRENDDATA11\Trend_SUB_MAIN_33KV_CELL_05_M_PHASE_VOLTAGE_BC.HST: 'Y:\\Trend_SUB_MAIN_33KV_CELL_05_M_PHASE_VOLTAGE_BC.csv.gz' and 'Y:\\\\Trend_SUB_MAIN_33KV_CELL_05_M_PHASE_VOLTAGE_BC.csv.gz' are the same file
2025-10-31 20:57:26,106 - ERROR - \u2717 Failed Trend_SUB_MAIN_33KV_CELL_05_M_PHASE_VOLTAGE_BC.HST after 3 attempts
2025-10-31 20:57:50,809 - INFO -   \u2713 Renamed 'Time' to 'Timestamp' in CSV
2025-10-31 20:58:06,200 - INFO - \u2713 Processed Trend_SUB_MAIN_33KV_CELL_05_M_SEQUENCE_VOLTAGE_NEG_AMP.HST
2025-10-31 20:58:18,419 - WARNING - Attempt 3 failed for D:\Acronis Backup\ipc backup\server  2\2023-04-26\TRENDDATA11\Trend_SUB_MAIN_33KV_CELL_05_M_PHASE_VOLTAGE_C.HST: 'Y:\\Trend_SUB_MAIN_33KV_CELL_05_M_PHASE_VOLTAGE_C.csv.gz' and 'Y:\\\\Trend_SUB_MAIN_33KV_CELL_05_M_PHASE_VOLTAGE_C.csv.gz' are the same file
2025-10-31 20:58:18,419 - ERROR - \u2717 Failed Trend_SUB_MAIN_33KV_CELL_05_M_PHASE_VOLTAGE_C.HST after 3 attempts
2025-10-31 20:58:37,122 - INFO - \u2713 Processed Trend_SUB_MAIN_33KV_CELL_05_M_SEQUENCE_VOLTAGE_ZERO_AMP.HST
2025-10-31 20:58:38,825 - INFO - \u2713 Processed Trend_SUB_MAIN_33KV_CELL_05_M_RESIDUAL_VOLTAGE_1.HST
2025-10-31 20:58:39,779 - INFO - \u2713 Processed Trend_SUB_MAIN_33KV_CELL_05_M_SEQUENCE_VOLTAGE_POS_AMP.HST
2025-10-31 20:59:05,873 - INFO - \u2713 Processed Trend_SUB_MAIN_33KV_CELL_06_M_FORWARD_ACTIVE_ENERGY_KWH.HST
2025-10-31 20:59:23,967 - INFO -   \u2713 Renamed 'Time' to 'Timestamp' in CSV
2025-10-31 20:59:37,561 - INFO - \u2713 Processed Trend_SUB_MAIN_33KV_CELL_06_M_AVERAGE_POWER_FACTOR.HST
2025-10-31 20:59:38,436 - WARNING - Attempt 1 failed for D:\Acronis Backup\ipc backup\server  2\2023-04-26\TRENDDATA11\Trend_SUB_MAIN_33KV_CELL_06_M_FORWARD_ACTIVE_ENERGY_KWH.HST: 'Y:\\Trend_SUB_MAIN_33KV_CELL_06_M_FORWARD_ACTIVE_ENERGY_KWH.csv.gz' and 'Y:\\\\Trend_SUB_MAIN_33KV_CELL_06_M_FORWARD_ACTIVE_ENERGY_KWH.csv.gz' are the same file
2025-10-31 20:59:45,529 - INFO -   \u2713 Renamed 'Time' to 'Timestamp' in CSV
2025-10-31 21:00:14,264 - WARNING - Attempt 3 failed for D:\Acronis Backup\ipc backup\server  2\2023-04-26\TRENDDATA11\Trend_SUB_MAIN_33KV_CELL_05_M_PHASE_VOLTAGE_CA.HST: 'Y:\\Trend_SUB_MAIN_33KV_CELL_05_M_PHASE_VOLTAGE_CA.csv.gz' and 'Y:\\\\Trend_SUB_MAIN_33KV_CELL_05_M_PHASE_VOLTAGE_CA.csv.gz' are the same file
2025-10-31 21:00:14,280 - ERROR - \u2717 Failed Trend_SUB_MAIN_33KV_CELL_05_M_PHASE_VOLTAGE_CA.HST after 3 attempts
2025-10-31 21:00:22,280 - INFO - \u2713 Processed Trend_SUB_MAIN_33KV_CELL_06_M_FORWARD_ACTIVE_ENERGY_KWH.HST
2025-10-31 21:00:28,530 - INFO -   \u2713 Renamed 'Time' to 'Timestamp' in CSV
2025-10-31 21:00:37,702 - INFO -   \u2713 Renamed 'Time' to 'Timestamp' in CSV
2025-10-31 21:00:49,155 - INFO -   \u2713 Renamed 'Time' to 'Timestamp' in CSV
2025-10-31 21:00:51,436 - WARNING - Attempt 2 failed for D:\Acronis Backup\ipc backup\server  2\2023-04-26\TRENDDATA11\Trend_SUB_MAIN_33KV_CELL_06_M_FORWARD_ACTIVE_ENERGY_KWH.HST: 'Y:\\Trend_SUB_MAIN_33KV_CELL_06_M_FORWARD_ACTIVE_ENERGY_KWH.csv.gz' and 'Y:\\\\Trend_SUB_MAIN_33KV_CELL_06_M_FORWARD_ACTIVE_ENERGY_KWH.csv.gz' are the same file
2025-10-31 21:00:52,452 - WARNING - Attempt 1 failed for D:\Acronis Backup\ipc backup\server  2\2023-04-26\TRENDDATA11\Trend_SUB_MAIN_33KV_CELL_05_M_SEQUENCE_VOLTAGE_NEG_AMP.HST: 'Y:\\Trend_SUB_MAIN_33KV_CELL_05_M_SEQUENCE_VOLTAGE_NEG_AMP.csv.gz' and 'Y:\\\\Trend_SUB_MAIN_33KV_CELL_05_M_SEQUENCE_VOLTAGE_NEG_AMP.csv.gz' are the same file
2025-10-31 21:00:53,030 - INFO -   \u2713 Renamed 'Time' to 'Timestamp' in CSV
2025-10-31 21:01:10,296 - INFO -   \u2713 Renamed 'Time' to 'Timestamp' in CSV
2025-10-31 21:01:10,327 - INFO - \u2713 Processed Trend_SUB_MAIN_33KV_CELL_06_M_CURRENT_DEMAND_A_AMP.HST
2025-10-31 21:01:15,343 - WARNING - Attempt 1 failed for D:\Acronis Backup\ipc backup\server  2\2023-04-26\TRENDDATA11\Trend_SUB_MAIN_33KV_CELL_05_M_SEQUENCE_VOLTAGE_ZERO_AMP.HST: 'Y:\\Trend_SUB_MAIN_33KV_CELL_05_M_SEQUENCE_VOLTAGE_ZERO_AMP.csv.gz' and 'Y:\\\\Trend_SUB_MAIN_33KV_CELL_05_M_SEQUENCE_VOLTAGE_ZERO_AMP.csv.gz' are the same file
2025-10-31 21:01:17,327 - WARNING - Attempt 1 failed for D:\Acronis Backup\ipc backup\server  2\2023-04-26\TRENDDATA11\Trend_SUB_MAIN_33KV_CELL_05_M_RESIDUAL_VOLTAGE_1.HST: 'Y:\\Trend_SUB_MAIN_33KV_CELL_05_M_RESIDUAL_VOLTAGE_1.csv.gz' and 'Y:\\\\Trend_SUB_MAIN_33KV_CELL_05_M_RESIDUAL_VOLTAGE_1.csv.gz' are the same file
2025-10-31 21:01:36,749 - WARNING - Attempt 1 failed for D:\Acronis Backup\ipc backup\server  2\2023-04-26\TRENDDATA11\Trend_SUB_MAIN_33KV_CELL_05_M_SEQUENCE_VOLTAGE_POS_AMP.HST: 'Y:\\Trend_SUB_MAIN_33KV_CELL_05_M_SEQUENCE_VOLTAGE_POS_AMP.csv.gz' and 'Y:\\\\Trend_SUB_MAIN_33KV_CELL_05_M_SEQUENCE_VOLTAGE_POS_AMP.csv.gz' are the same file
2025-10-31 21:01:40,328 - INFO - \u2713 Processed Trend_SUB_MAIN_33KV_CELL_06_M_FORWARD_ACTIVE_ENERGY_KWH.HST
2025-10-31 21:01:52,234 - INFO - \u2713 Processed Trend_SUB_MAIN_33KV_CELL_06_M_CURRENT_DEMAND_B_AMP.HST
2025-10-31 21:02:02,562 - INFO -   \u2713 Renamed 'Time' to 'Timestamp' in CSV
2025-10-31 21:02:14,000 - INFO -   \u2713 Renamed 'Time' to 'Timestamp' in CSV
2025-10-31 21:02:16,172 - WARNING - Attempt 3 failed for D:\Acronis Backup\ipc backup\server  2\2023-04-26\TRENDDATA11\Trend_SUB_MAIN_33KV_CELL_06_M_FORWARD_ACTIVE_ENERGY_KWH.HST: 'Y:\\Trend_SUB_MAIN_33KV_CELL_06_M_FORWARD_ACTIVE_ENERGY_KWH.csv.gz' and 'Y:\\\\Trend_SUB_MAIN_33KV_CELL_06_M_FORWARD_ACTIVE_ENERGY_KWH.csv.gz' are the same file
2025-10-31 21:02:16,172 - ERROR - \u2717 Failed Trend_SUB_MAIN_33KV_CELL_06_M_FORWARD_ACTIVE_ENERGY_KWH.HST after 3 attempts
2025-10-31 21:02:39,703 - WARNING - Attempt 1 failed for D:\Acronis Backup\ipc backup\server  2\2023-04-26\TRENDDATA11\Trend_SUB_MAIN_33KV_CELL_06_M_AVERAGE_POWER_FACTOR.HST: 'Y:\\Trend_SUB_MAIN_33KV_CELL_06_M_AVERAGE_POWER_FACTOR.csv.gz' and 'Y:\\\\Trend_SUB_MAIN_33KV_CELL_06_M_AVERAGE_POWER_FACTOR.csv.gz' are the same file
2025-10-31 21:03:57,642 - INFO - \u2713 Processed Trend_SUB_MAIN_33KV_CELL_06_M_CURRENT_DEMAND_C_AMP.HST
2025-10-31 21:04:06,157 - INFO -   \u2713 Renamed 'Time' to 'Timestamp' in CSV
2025-10-31 21:04:32,767 - WARNING - Attempt 1 failed for D:\Acronis Backup\ipc backup\server  2\2023-04-26\TRENDDATA11\Trend_SUB_MAIN_33KV_CELL_06_M_CURRENT_DEMAND_A_AMP.HST: 'Y:\\Trend_SUB_MAIN_33KV_CELL_06_M_CURRENT_DEMAND_A_AMP.csv.gz' and 'Y:\\\\Trend_SUB_MAIN_33KV_CELL_06_M_CURRENT_DEMAND_A_AMP.csv.gz' are the same file
2025-10-31 21:05:02,533 - INFO -   \u2713 Renamed 'Time' to 'Timestamp' in CSV
2025-10-31 21:05:32,439 - WARNING - Attempt 1 failed for D:\Acronis Backup\ipc backup\server  2\2023-04-26\TRENDDATA11\Trend_SUB_MAIN_33KV_CELL_06_M_CURRENT_DEMAND_B_AMP.HST: 'Y:\\Trend_SUB_MAIN_33KV_CELL_06_M_CURRENT_DEMAND_B_AMP.csv.gz' and 'Y:\\\\Trend_SUB_MAIN_33KV_CELL_06_M_CURRENT_DEMAND_B_AMP.csv.gz' are the same file
2025-10-31 21:07:01,190 - INFO - \u2713 Processed Trend_SUB_MAIN_33KV_CELL_05_M_SEQUENCE_VOLTAGE_NEG_AMP.HST
2025-10-31 21:07:03,378 - INFO - \u2713 Processed Trend_SUB_MAIN_33KV_CELL_06_M_FORWARD_ACTIVE_ENERGY_MWH.HST
2025-10-31 21:07:13,050 - INFO -   \u2713 Renamed 'Time' to 'Timestamp' in CSV
2025-10-31 21:07:25,676 - INFO - \u2713 Processed Trend_SUB_MAIN_33KV_CELL_05_M_RESIDUAL_VOLTAGE_1.HST
2025-10-31 21:07:37,458 - INFO - \u2713 Processed Trend_SUB_MAIN_33KV_CELL_05_M_SEQUENCE_VOLTAGE_ZERO_AMP.HST
2025-10-31 21:07:43,678 - WARNING - Attempt 1 failed for D:\Acronis Backup\ipc backup\server  2\2023-04-26\TRENDDATA11\Trend_SUB_MAIN_33KV_CELL_06_M_CURRENT_DEMAND_C_AMP.HST: 'Y:\\Trend_SUB_MAIN_33KV_CELL_06_M_CURRENT_DEMAND_C_AMP.csv.gz' and 'Y:\\\\Trend_SUB_MAIN_33KV_CELL_06_M_CURRENT_DEMAND_C_AMP.csv.gz' are the same file
2025-10-31 21:08:17,368 - INFO - \u2713 Processed Trend_SUB_MAIN_33KV_CELL_05_M_SEQUENCE_VOLTAGE_POS_AMP.HST
2025-10-31 21:08:36,245 - INFO - \u2713 Processed Trend_SUB_MAIN_33KV_CELL_06_M_FREQUENCY.HST
2025-10-31 21:09:03,997 - INFO - \u2713 Processed Trend_SUB_MAIN_33KV_CELL_06_M_AVERAGE_POWER_FACTOR.HST
2025-10-31 21:09:51,860 - INFO -   \u2713 Renamed 'Time' to 'Timestamp' in CSV
2025-10-31 21:10:04,454 - INFO -   \u2713 Renamed 'Time' to 'Timestamp' in CSV
2025-10-31 21:10:13,299 - INFO -   \u2713 Renamed 'Time' to 'Timestamp' in CSV
2025-10-31 21:10:13,486 - WARNING - Attempt 2 failed for D:\Acronis Backup\ipc backup\server  2\2023-04-26\TRENDDATA11\Trend_SUB_MAIN_33KV_CELL_05_M_SEQUENCE_VOLTAGE_NEG_AMP.HST: 'Y:\\Trend_SUB_MAIN_33KV_CELL_05_M_SEQUENCE_VOLTAGE_NEG_AMP.csv.gz' and 'Y:\\\\Trend_SUB_MAIN_33KV_CELL_05_M_SEQUENCE_VOLTAGE_NEG_AMP.csv.gz' are the same file
2025-10-31 21:10:18,362 - INFO -   \u2713 Renamed 'Time' to 'Timestamp' in CSV
2025-10-31 21:10:27,846 - WARNING - Attempt 2 failed for D:\Acronis Backup\ipc backup\server  2\2023-04-26\TRENDDATA11\Trend_SUB_MAIN_33KV_CELL_05_M_RESIDUAL_VOLTAGE_1.HST: 'Y:\\Trend_SUB_MAIN_33KV_CELL_05_M_RESIDUAL_VOLTAGE_1.csv.gz' and 'Y:\\\\Trend_SUB_MAIN_33KV_CELL_05_M_RESIDUAL_VOLTAGE_1.csv.gz' are the same file
2025-10-31 21:10:31,800 - WARNING - Attempt 2 failed for D:\Acronis Backup\ipc backup\server  2\2023-04-26\TRENDDATA11\Trend_SUB_MAIN_33KV_CELL_05_M_SEQUENCE_VOLTAGE_ZERO_AMP.HST: 'Y:\\Trend_SUB_MAIN_33KV_CELL_05_M_SEQUENCE_VOLTAGE_ZERO_AMP.csv.gz' and 'Y:\\\\Trend_SUB_MAIN_33KV_CELL_05_M_SEQUENCE_VOLTAGE_ZERO_AMP.csv.gz' are the same file
2025-10-31 21:10:47,051 - INFO -   \u2713 Renamed 'Time' to 'Timestamp' in CSV
2025-10-31 21:11:03,739 - INFO - \u2713 Processed Trend_SUB_MAIN_33KV_CELL_06_M_CURRENT_DEMAND_A_AMP.HST
2025-10-31 21:11:07,833 - WARNING - Attempt 2 failed for D:\Acronis Backup\ipc backup\server  2\2023-04-26\TRENDDATA11\Trend_SUB_MAIN_33KV_CELL_05_M_SEQUENCE_VOLTAGE_POS_AMP.HST: 'Y:\\Trend_SUB_MAIN_33KV_CELL_05_M_SEQUENCE_VOLTAGE_POS_AMP.csv.gz' and 'Y:\\\\Trend_SUB_MAIN_33KV_CELL_05_M_SEQUENCE_VOLTAGE_POS_AMP.csv.gz' are the same file
2025-10-31 21:11:16,568 - INFO -   \u2713 Renamed 'Time' to 'Timestamp' in CSV
2025-10-31 21:11:34,366 - INFO -   \u2713 Renamed 'Time' to 'Timestamp' in CSV
2025-10-31 21:11:43,538 - WARNING - Attempt 1 failed for D:\Acronis Backup\ipc backup\server  2\2023-04-26\TRENDDATA11\Trend_SUB_MAIN_33KV_CELL_06_M_FREQUENCY.HST: 'Y:\\Trend_SUB_MAIN_33KV_CELL_06_M_FREQUENCY.csv.gz' and 'Y:\\\\Trend_SUB_MAIN_33KV_CELL_06_M_FREQUENCY.csv.gz' are the same file
2025-10-31 21:11:49,272 - INFO - \u2713 Processed Trend_SUB_MAIN_33KV_CELL_06_M_CURRENT_DEMAND_B_AMP.HST
2025-10-31 21:11:56,179 - WARNING - Attempt 2 failed for D:\Acronis Backup\ipc backup\server  2\2023-04-26\TRENDDATA11\Trend_SUB_MAIN_33KV_CELL_06_M_AVERAGE_POWER_FACTOR.HST: 'Y:\\Trend_SUB_MAIN_33KV_CELL_06_M_AVERAGE_POWER_FACTOR.csv.gz' and 'Y:\\\\Trend_SUB_MAIN_33KV_CELL_06_M_AVERAGE_POWER_FACTOR.csv.gz' are the same file
2025-10-31 21:13:00,635 - WARNING - Attempt 1 failed for D:\Acronis Backup\ipc backup\server  2\2023-04-26\TRENDDATA11\Trend_SUB_MAIN_33KV_CELL_06_M_FORWARD_ACTIVE_ENERGY_MWH.HST: 'Y:\\Trend_SUB_MAIN_33KV_CELL_06_M_FORWARD_ACTIVE_ENERGY_MWH.csv.gz' and 'Y:\\\\Trend_SUB_MAIN_33KV_CELL_06_M_FORWARD_ACTIVE_ENERGY_MWH.csv.gz' are the same file
2025-10-31 21:13:28,745 - INFO -   \u2713 Renamed 'Time' to 'Timestamp' in CSV
2025-10-31 21:13:39,105 - INFO - \u2713 Processed Trend_SUB_MAIN_33KV_CELL_06_M_CURRENT_DEMAND_C_AMP.HST
2025-10-31 21:13:55,230 - WARNING - Attempt 2 failed for D:\Acronis Backup\ipc backup\server  2\2023-04-26\TRENDDATA11\Trend_SUB_MAIN_33KV_CELL_06_M_CURRENT_DEMAND_A_AMP.HST: 'Y:\\Trend_SUB_MAIN_33KV_CELL_06_M_CURRENT_DEMAND_A_AMP.csv.gz' and 'Y:\\\\Trend_SUB_MAIN_33KV_CELL_06_M_CURRENT_DEMAND_A_AMP.csv.gz' are the same file
2025-10-31 21:14:33,372 - INFO -   \u2713 Renamed 'Time' to 'Timestamp' in CSV
2025-10-31 21:15:04,779 - WARNING - Attempt 2 failed for D:\Acronis Backup\ipc backup\server  2\2023-04-26\TRENDDATA11\Trend_SUB_MAIN_33KV_CELL_06_M_CURRENT_DEMAND_B_AMP.HST: 'Y:\\Trend_SUB_MAIN_33KV_CELL_06_M_CURRENT_DEMAND_B_AMP.csv.gz' and 'Y:\\\\Trend_SUB_MAIN_33KV_CELL_06_M_CURRENT_DEMAND_B_AMP.csv.gz' are the same file
2025-10-31 21:15:39,295 - INFO - \u2713 Processed Trend_SUB_MAIN_33KV_CELL_05_M_SEQUENCE_VOLTAGE_NEG_AMP.HST
2025-10-31 21:16:03,530 - INFO - \u2713 Processed Trend_SUB_MAIN_33KV_CELL_05_M_RESIDUAL_VOLTAGE_1.HST
2025-10-31 21:16:05,405 - INFO - \u2713 Processed Trend_SUB_MAIN_33KV_CELL_05_M_SEQUENCE_VOLTAGE_ZERO_AMP.HST
2025-10-31 21:16:44,687 - INFO -   \u2713 Renamed 'Time' to 'Timestamp' in CSV
2025-10-31 21:17:05,157 - INFO - \u2713 Processed Trend_SUB_MAIN_33KV_CELL_05_M_SEQUENCE_VOLTAGE_POS_AMP.HST
2025-10-31 21:17:13,032 - WARNING - Attempt 2 failed for D:\Acronis Backup\ipc backup\server  2\2023-04-26\TRENDDATA11\Trend_SUB_MAIN_33KV_CELL_06_M_CURRENT_DEMAND_C_AMP.HST: 'Y:\\Trend_SUB_MAIN_33KV_CELL_06_M_CURRENT_DEMAND_C_AMP.csv.gz' and 'Y:\\\\Trend_SUB_MAIN_33KV_CELL_06_M_CURRENT_DEMAND_C_AMP.csv.gz' are the same file
2025-10-31 21:17:38,532 - INFO - \u2713 Processed Trend_SUB_MAIN_33KV_CELL_06_M_FREQUENCY.HST
2025-10-31 21:17:47,001 - INFO - \u2713 Processed Trend_SUB_MAIN_33KV_CELL_06_M_AVERAGE_POWER_FACTOR.HST
2025-10-31 21:18:31,814 - INFO -   \u2713 Renamed 'Time' to 'Timestamp' in CSV
2025-10-31 21:18:41,783 - INFO -   \u2713 Renamed 'Time' to 'Timestamp' in CSV
2025-10-31 21:18:45,815 - INFO -   \u2713 Renamed 'Time' to 'Timestamp' in CSV
2025-10-31 21:18:53,471 - WARNING - Attempt 3 failed for D:\Acronis Backup\ipc backup\server  2\2023-04-26\TRENDDATA11\Trend_SUB_MAIN_33KV_CELL_05_M_SEQUENCE_VOLTAGE_NEG_AMP.HST: 'Y:\\Trend_SUB_MAIN_33KV_CELL_05_M_SEQUENCE_VOLTAGE_NEG_AMP.csv.gz' and 'Y:\\\\Trend_SUB_MAIN_33KV_CELL_05_M_SEQUENCE_VOLTAGE_NEG_AMP.csv.gz' are the same file
2025-10-31 21:18:53,471 - ERROR - \u2717 Failed Trend_SUB_MAIN_33KV_CELL_05_M_SEQUENCE_VOLTAGE_NEG_AMP.HST after 3 attempts
2025-10-31 21:19:07,518 - WARNING - Attempt 3 failed for D:\Acronis Backup\ipc backup\server  2\2023-04-26\TRENDDATA11\Trend_SUB_MAIN_33KV_CELL_05_M_RESIDUAL_VOLTAGE_1.HST: 'Y:\\Trend_SUB_MAIN_33KV_CELL_05_M_RESIDUAL_VOLTAGE_1.csv.gz' and 'Y:\\\\Trend_SUB_MAIN_33KV_CELL_05_M_RESIDUAL_VOLTAGE_1.csv.gz' are the same file
2025-10-31 21:19:07,518 - ERROR - \u2717 Failed Trend_SUB_MAIN_33KV_CELL_05_M_RESIDUAL_VOLTAGE_1.HST after 3 attempts
2025-10-31 21:19:07,784 - WARNING - Attempt 3 failed for D:\Acronis Backup\ipc backup\server  2\2023-04-26\TRENDDATA11\Trend_SUB_MAIN_33KV_CELL_05_M_SEQUENCE_VOLTAGE_ZERO_AMP.HST: 'Y:\\Trend_SUB_MAIN_33KV_CELL_05_M_SEQUENCE_VOLTAGE_ZERO_AMP.csv.gz' and 'Y:\\\\Trend_SUB_MAIN_33KV_CELL_05_M_SEQUENCE_VOLTAGE_ZERO_AMP.csv.gz' are the same file
2025-10-31 21:19:07,784 - ERROR - \u2717 Failed Trend_SUB_MAIN_33KV_CELL_05_M_SEQUENCE_VOLTAGE_ZERO_AMP.HST after 3 attempts
2025-10-31 21:19:34,128 - INFO -   \u2713 Renamed 'Time' to 'Timestamp' in CSV
2025-10-31 21:19:41,612 - INFO - \u2713 Processed Trend_SUB_MAIN_33KV_CELL_06_M_FORWARD_ACTIVE_ENERGY_MWH.HST
2025-10-31 21:19:53,878 - WARNING - Attempt 3 failed for D:\Acronis Backup\ipc backup\server  2\2023-04-26\TRENDDATA11\Trend_SUB_MAIN_33KV_CELL_05_M_SEQUENCE_VOLTAGE_POS_AMP.HST: 'Y:\\Trend_SUB_MAIN_33KV_CELL_05_M_SEQUENCE_VOLTAGE_POS_AMP.csv.gz' and 'Y:\\\\Trend_SUB_MAIN_33KV_CELL_05_M_SEQUENCE_VOLTAGE_POS_AMP.csv.gz' are the same file
2025-10-31 21:19:53,878 - ERROR - \u2717 Failed Trend_SUB_MAIN_33KV_CELL_05_M_SEQUENCE_VOLTAGE_POS_AMP.HST after 3 attempts
2025-10-31 21:20:01,081 - INFO -   \u2713 Renamed 'Time' to 'Timestamp' in CSV
2025-10-31 21:20:05,597 - INFO -   \u2713 Renamed 'Time' to 'Timestamp' in CSV
2025-10-31 21:20:08,753 - INFO - \u2713 Processed Trend_SUB_MAIN_33KV_CELL_06_M_CURRENT_DEMAND_A_AMP.HST
2025-10-31 21:20:26,597 - WARNING - Attempt 3 failed for D:\Acronis Backup\ipc backup\server  2\2023-04-26\TRENDDATA11\Trend_SUB_MAIN_33KV_CELL_06_M_AVERAGE_POWER_FACTOR.HST: 'Y:\\Trend_SUB_MAIN_33KV_CELL_06_M_AVERAGE_POWER_FACTOR.csv.gz' and 'Y:\\\\Trend_SUB_MAIN_33KV_CELL_06_M_AVERAGE_POWER_FACTOR.csv.gz' are the same file
2025-10-31 21:20:26,597 - ERROR - \u2717 Failed Trend_SUB_MAIN_33KV_CELL_06_M_AVERAGE_POWER_FACTOR.HST after 3 attempts
2025-10-31 21:20:35,222 - WARNING - Attempt 2 failed for D:\Acronis Backup\ipc backup\server  2\2023-04-26\TRENDDATA11\Trend_SUB_MAIN_33KV_CELL_06_M_FREQUENCY.HST: 'Y:\\Trend_SUB_MAIN_33KV_CELL_06_M_FREQUENCY.csv.gz' and 'Y:\\\\Trend_SUB_MAIN_33KV_CELL_06_M_FREQUENCY.csv.gz' are the same file
2025-10-31 21:21:53,442 - INFO - \u2713 Processed Trend_SUB_MAIN_33KV_CELL_06_M_CURRENT_DEMAND_B_AMP.HST
2025-10-31 21:22:33,224 - INFO -   \u2713 Renamed 'Time' to 'Timestamp' in CSV
2025-10-31 21:22:35,068 - INFO -   \u2713 Renamed 'Time' to 'Timestamp' in CSV
2025-10-31 21:22:57,787 - WARNING - Attempt 3 failed for D:\Acronis Backup\ipc backup\server  2\2023-04-26\TRENDDATA11\Trend_SUB_MAIN_33KV_CELL_06_M_CURRENT_DEMAND_A_AMP.HST: 'Y:\\Trend_SUB_MAIN_33KV_CELL_06_M_CURRENT_DEMAND_A_AMP.csv.gz' and 'Y:\\\\Trend_SUB_MAIN_33KV_CELL_06_M_CURRENT_DEMAND_A_AMP.csv.gz' are the same file
2025-10-31 21:22:57,802 - ERROR - \u2717 Failed Trend_SUB_MAIN_33KV_CELL_06_M_CURRENT_DEMAND_A_AMP.HST after 3 attempts
2025-10-31 21:22:59,459 - INFO - \u2713 Processed Trend_SUB_MAIN_33KV_CELL_06_M_CURRENT_DEMAND_C_AMP.HST
2025-10-31 21:24:01,740 - INFO - \u2713 Processed Trend_SUB_MAIN_33KV_CELL_06_M_PHASE_CURRENT_A.HST
2025-10-31 21:24:02,600 - INFO -   \u2713 Renamed 'Time' to 'Timestamp' in CSV
2025-10-31 21:24:18,178 - INFO - \u2713 Processed Trend_SUB_MAIN_33KV_CELL_06_M_PHASE_CURRENT_C.HST
2025-10-31 21:24:31,428 - WARNING - Attempt 3 failed for D:\Acronis Backup\ipc backup\server  2\2023-04-26\TRENDDATA11\Trend_SUB_MAIN_33KV_CELL_06_M_CURRENT_DEMAND_B_AMP.HST: 'Y:\\Trend_SUB_MAIN_33KV_CELL_06_M_CURRENT_DEMAND_B_AMP.csv.gz' and 'Y:\\\\Trend_SUB_MAIN_33KV_CELL_06_M_CURRENT_DEMAND_B_AMP.csv.gz' are the same file
2025-10-31 21:24:31,428 - ERROR - \u2717 Failed Trend_SUB_MAIN_33KV_CELL_06_M_CURRENT_DEMAND_B_AMP.HST after 3 attempts
2025-10-31 21:24:32,928 - INFO - \u2713 Processed Trend_SUB_MAIN_33KV_CELL_06_M_PHASE_CURRENT_B.HST
2025-10-31 21:24:55,694 - WARNING - Attempt 2 failed for D:\Acronis Backup\ipc backup\server  2\2023-04-26\TRENDDATA11\Trend_SUB_MAIN_33KV_CELL_06_M_FORWARD_ACTIVE_ENERGY_MWH.HST: 'Y:\\Trend_SUB_MAIN_33KV_CELL_06_M_FORWARD_ACTIVE_ENERGY_MWH.csv.gz' and 'Y:\\\\Trend_SUB_MAIN_33KV_CELL_06_M_FORWARD_ACTIVE_ENERGY_MWH.csv.gz' are the same file
2025-10-31 21:25:18,507 - INFO -   \u2713 Renamed 'Time' to 'Timestamp' in CSV
2025-10-31 21:25:32,210 - INFO - \u2713 Processed Trend_SUB_MAIN_33KV_CELL_06_M_PHASE_VOLTAGE_AB.HST
2025-10-31 21:25:40,007 - INFO - \u2713 Processed Trend_SUB_MAIN_33KV_CELL_06_M_PHASE_VOLTAGE_A.HST
2025-10-31 21:25:42,960 - WARNING - Attempt 3 failed for D:\Acronis Backup\ipc backup\server  2\2023-04-26\TRENDDATA11\Trend_SUB_MAIN_33KV_CELL_06_M_CURRENT_DEMAND_C_AMP.HST: 'Y:\\Trend_SUB_MAIN_33KV_CELL_06_M_CURRENT_DEMAND_C_AMP.csv.gz' and 'Y:\\\\Trend_SUB_MAIN_33KV_CELL_06_M_CURRENT_DEMAND_C_AMP.csv.gz' are the same file
2025-10-31 21:25:42,960 - ERROR - \u2717 Failed Trend_SUB_MAIN_33KV_CELL_06_M_CURRENT_DEMAND_C_AMP.HST after 3 attempts
2025-10-31 21:25:51,945 - INFO - \u2713 Processed Trend_SUB_MAIN_33KV_CELL_06_M_FREQUENCY.HST
2025-10-31 21:26:27,383 - INFO -   \u2713 Renamed 'Time' to 'Timestamp' in CSV
2025-10-31 21:26:43,711 - INFO -   \u2713 Renamed 'Time' to 'Timestamp' in CSV
2025-10-31 21:26:54,805 - WARNING - Attempt 1 failed for D:\Acronis Backup\ipc backup\server  2\2023-04-26\TRENDDATA11\Trend_SUB_MAIN_33KV_CELL_06_M_PHASE_CURRENT_A.HST: 'Y:\\Trend_SUB_MAIN_33KV_CELL_06_M_PHASE_CURRENT_A.csv.gz' and 'Y:\\\\Trend_SUB_MAIN_33KV_CELL_06_M_PHASE_CURRENT_A.csv.gz' are the same file
2025-10-31 21:26:58,523 - INFO -   \u2713 Renamed 'Time' to 'Timestamp' in CSV
2025-10-31 21:27:06,930 - WARNING - Attempt 1 failed for D:\Acronis Backup\ipc backup\server  2\2023-04-26\TRENDDATA11\Trend_SUB_MAIN_33KV_CELL_06_M_PHASE_CURRENT_C.HST: 'Y:\\Trend_SUB_MAIN_33KV_CELL_06_M_PHASE_CURRENT_C.csv.gz' and 'Y:\\\\Trend_SUB_MAIN_33KV_CELL_06_M_PHASE_CURRENT_C.csv.gz' are the same file
2025-10-31 21:27:22,508 - WARNING - Attempt 1 failed for D:\Acronis Backup\ipc backup\server  2\2023-04-26\TRENDDATA11\Trend_SUB_MAIN_33KV_CELL_06_M_PHASE_CURRENT_B.HST: 'Y:\\Trend_SUB_MAIN_33KV_CELL_06_M_PHASE_CURRENT_B.csv.gz' and 'Y:\\\\Trend_SUB_MAIN_33KV_CELL_06_M_PHASE_CURRENT_B.csv.gz' are the same file
2025-10-31 21:27:53,696 - INFO -   \u2713 Renamed 'Time' to 'Timestamp' in CSV
2025-10-31 21:28:02,727 - INFO -   \u2713 Renamed 'Time' to 'Timestamp' in CSV
2025-10-31 21:28:21,384 - WARNING - Attempt 1 failed for D:\Acronis Backup\ipc backup\server  2\2023-04-26\TRENDDATA11\Trend_SUB_MAIN_33KV_CELL_06_M_PHASE_VOLTAGE_AB.HST: 'Y:\\Trend_SUB_MAIN_33KV_CELL_06_M_PHASE_VOLTAGE_AB.csv.gz' and 'Y:\\\\Trend_SUB_MAIN_33KV_CELL_06_M_PHASE_VOLTAGE_AB.csv.gz' are the same file
2025-10-31 21:28:25,384 - INFO -   \u2713 Renamed 'Time' to 'Timestamp' in CSV
2025-10-31 21:28:28,337 - WARNING - Attempt 1 failed for D:\Acronis Backup\ipc backup\server  2\2023-04-26\TRENDDATA11\Trend_SUB_MAIN_33KV_CELL_06_M_PHASE_VOLTAGE_A.HST: 'Y:\\Trend_SUB_MAIN_33KV_CELL_06_M_PHASE_VOLTAGE_A.csv.gz' and 'Y:\\\\Trend_SUB_MAIN_33KV_CELL_06_M_PHASE_VOLTAGE_A.csv.gz' are the same file
2025-10-31 21:28:50,603 - INFO - \u2713 Processed Trend_SUB_MAIN_33KV_CELL_06_M_PHASE_VOLTAGE_B.HST
2025-10-31 21:28:53,650 - WARNING - Attempt 3 failed for D:\Acronis Backup\ipc backup\server  2\2023-04-26\TRENDDATA11\Trend_SUB_MAIN_33KV_CELL_06_M_FREQUENCY.HST: 'Y:\\Trend_SUB_MAIN_33KV_CELL_06_M_FREQUENCY.csv.gz' and 'Y:\\\\Trend_SUB_MAIN_33KV_CELL_06_M_FREQUENCY.csv.gz' are the same file
2025-10-31 21:28:53,650 - ERROR - \u2717 Failed Trend_SUB_MAIN_33KV_CELL_06_M_FREQUENCY.HST after 3 attempts
2025-10-31 21:30:05,369 - INFO - \u2713 Processed Trend_SUB_MAIN_33KV_CELL_06_M_PHASE_VOLTAGE_BC.HST
2025-10-31 21:30:48,244 - INFO - \u2713 Processed Trend_SUB_MAIN_33KV_CELL_06_M_FORWARD_ACTIVE_ENERGY_MWH.HST
2025-10-31 21:31:10,916 - INFO -   \u2713 Renamed 'Time' to 'Timestamp' in CSV
2025-10-31 21:31:29,854 - INFO - \u2713 Processed Trend_SUB_MAIN_33KV_CELL_06_M_PHASE_VOLTAGE_C.HST
2025-10-31 21:31:31,073 - WARNING - Attempt 1 failed for D:\Acronis Backup\ipc backup\server  2\2023-04-26\TRENDDATA11\Trend_SUB_MAIN_33KV_CELL_06_M_PHASE_VOLTAGE_B.HST: 'Y:\\Trend_SUB_MAIN_33KV_CELL_06_M_PHASE_VOLTAGE_B.csv.gz' and 'Y:\\\\Trend_SUB_MAIN_33KV_CELL_06_M_PHASE_VOLTAGE_B.csv.gz' are the same file
2025-10-31 21:32:38,261 - INFO -   \u2713 Renamed 'Time' to 'Timestamp' in CSV
2025-10-31 21:32:41,136 - INFO - \u2713 Processed Trend_SUB_MAIN_33KV_CELL_06_M_PHASE_CURRENT_A.HST
2025-10-31 21:32:42,667 - INFO - \u2713 Processed Trend_SUB_MAIN_33KV_CELL_06_M_PHASE_CURRENT_C.HST
2025-10-31 21:33:08,777 - WARNING - Attempt 1 failed for D:\Acronis Backup\ipc backup\server  2\2023-04-26\TRENDDATA11\Trend_SUB_MAIN_33KV_CELL_06_M_PHASE_VOLTAGE_BC.HST: 'Y:\\Trend_SUB_MAIN_33KV_CELL_06_M_PHASE_VOLTAGE_BC.csv.gz' and 'Y:\\\\Trend_SUB_MAIN_33KV_CELL_06_M_PHASE_VOLTAGE_BC.csv.gz' are the same file
2025-10-31 21:33:27,808 - INFO - \u2713 Processed Trend_SUB_MAIN_33KV_CELL_06_M_PHASE_CURRENT_B.HST
2025-10-31 21:33:48,746 - INFO -   \u2713 Renamed 'Time' to 'Timestamp' in CSV
2025-10-31 21:34:03,965 - INFO -   \u2713 Renamed 'Time' to 'Timestamp' in CSV
2025-10-31 21:34:06,809 - INFO - \u2713 Processed Trend_SUB_MAIN_33KV_CELL_06_M_PHASE_VOLTAGE_AB.HST
2025-10-31 21:34:18,684 - INFO - \u2713 Processed Trend_SUB_MAIN_33KV_CELL_06_M_PHASE_VOLTAGE_A.HST
2025-10-31 21:34:29,574 - WARNING - Attempt 1 failed for D:\Acronis Backup\ipc backup\server  2\2023-04-26\TRENDDATA11\Trend_SUB_MAIN_33KV_CELL_06_M_PHASE_VOLTAGE_C.HST: 'Y:\\Trend_SUB_MAIN_33KV_CELL_06_M_PHASE_VOLTAGE_C.csv.gz' and 'Y:\\\\Trend_SUB_MAIN_33KV_CELL_06_M_PHASE_VOLTAGE_C.csv.gz' are the same file
2025-10-31 21:34:57,934 - INFO - \u2713 Processed Trend_SUB_MAIN_33KV_CELL_06_M_PHASE_VOLTAGE_CA.HST
2025-10-31 21:35:27,528 - INFO -   \u2713 Renamed 'Time' to 'Timestamp' in CSV
2025-10-31 21:35:28,762 - INFO -   \u2713 Renamed 'Time' to 'Timestamp' in CSV
2025-10-31 21:35:52,700 - WARNING - Attempt 2 failed for D:\Acronis Backup\ipc backup\server  2\2023-04-26\TRENDDATA11\Trend_SUB_MAIN_33KV_CELL_06_M_PHASE_CURRENT_A.HST: 'Y:\\Trend_SUB_MAIN_33KV_CELL_06_M_PHASE_CURRENT_A.csv.gz' and 'Y:\\\\Trend_SUB_MAIN_33KV_CELL_06_M_PHASE_CURRENT_A.csv.gz' are the same file
2025-10-31 21:35:54,606 - WARNING - Attempt 2 failed for D:\Acronis Backup\ipc backup\server  2\2023-04-26\TRENDDATA11\Trend_SUB_MAIN_33KV_CELL_06_M_PHASE_CURRENT_C.HST: 'Y:\\Trend_SUB_MAIN_33KV_CELL_06_M_PHASE_CURRENT_C.csv.gz' and 'Y:\\\\Trend_SUB_MAIN_33KV_CELL_06_M_PHASE_CURRENT_C.csv.gz' are the same file
2025-10-31 21:36:14,825 - INFO -   \u2713 Renamed 'Time' to 'Timestamp' in CSV
2025-10-31 21:36:26,294 - WARNING - Attempt 3 failed for D:\Acronis Backup\ipc backup\server  2\2023-04-26\TRENDDATA11\Trend_SUB_MAIN_33KV_CELL_06_M_FORWARD_ACTIVE_ENERGY_MWH.HST: 'Y:\\Trend_SUB_MAIN_33KV_CELL_06_M_FORWARD_ACTIVE_ENERGY_MWH.csv.gz' and 'Y:\\\\Trend_SUB_MAIN_33KV_CELL_06_M_FORWARD_ACTIVE_ENERGY_MWH.csv.gz' are the same file
2025-10-31 21:36:26,310 - ERROR - \u2717 Failed Trend_SUB_MAIN_33KV_CELL_06_M_FORWARD_ACTIVE_ENERGY_MWH.HST after 3 attempts
2025-10-31 21:36:38,700 - WARNING - Attempt 2 failed for D:\Acronis Backup\ipc backup\server  2\2023-04-26\TRENDDATA11\Trend_SUB_MAIN_33KV_CELL_06_M_PHASE_CURRENT_B.HST: 'Y:\\Trend_SUB_MAIN_33KV_CELL_06_M_PHASE_CURRENT_B.csv.gz' and 'Y:\\\\Trend_SUB_MAIN_33KV_CELL_06_M_PHASE_CURRENT_B.csv.gz' are the same file
2025-10-31 21:36:47,185 - INFO -   \u2713 Renamed 'Time' to 'Timestamp' in CSV
2025-10-31 21:36:55,654 - INFO -   \u2713 Renamed 'Time' to 'Timestamp' in CSV
2025-10-31 21:37:17,263 - WARNING - Attempt 2 failed for D:\Acronis Backup\ipc backup\server  2\2023-04-26\TRENDDATA11\Trend_SUB_MAIN_33KV_CELL_06_M_PHASE_VOLTAGE_AB.HST: 'Y:\\Trend_SUB_MAIN_33KV_CELL_06_M_PHASE_VOLTAGE_AB.csv.gz' and 'Y:\\\\Trend_SUB_MAIN_33KV_CELL_06_M_PHASE_VOLTAGE_AB.csv.gz' are the same file
2025-10-31 21:37:18,404 - WARNING - Attempt 2 failed for D:\Acronis Backup\ipc backup\server  2\2023-04-26\TRENDDATA11\Trend_SUB_MAIN_33KV_CELL_06_M_PHASE_VOLTAGE_A.HST: 'Y:\\Trend_SUB_MAIN_33KV_CELL_06_M_PHASE_VOLTAGE_A.csv.gz' and 'Y:\\\\Trend_SUB_MAIN_33KV_CELL_06_M_PHASE_VOLTAGE_A.csv.gz' are the same file
2025-10-31 21:37:36,654 - INFO -   \u2713 Renamed 'Time' to 'Timestamp' in CSV
2025-10-31 21:37:55,107 - INFO - \u2713 Processed Trend_SUB_MAIN_33KV_CELL_06_M_PHASE_VOLTAGE_B.HST
2025-10-31 21:38:04,404 - WARNING - Attempt 1 failed for D:\Acronis Backup\ipc backup\server  2\2023-04-26\TRENDDATA11\Trend_SUB_MAIN_33KV_CELL_06_M_PHASE_VOLTAGE_CA.HST: 'Y:\\Trend_SUB_MAIN_33KV_CELL_06_M_PHASE_VOLTAGE_CA.csv.gz' and 'Y:\\\\Trend_SUB_MAIN_33KV_CELL_06_M_PHASE_VOLTAGE_CA.csv.gz' are the same file
2025-10-31 21:39:02,577 - INFO - \u2713 Processed Trend_SUB_MAIN_33KV_CELL_06_M_PHASE_VOLTAGE_BC.HST
2025-10-31 21:40:07,796 - INFO - \u2713 Processed Trend_SUB_MAIN_33KV_CELL_06_M_PHASE_VOLTAGE_C.HST
2025-10-31 21:40:19,562 - INFO -   \u2713 Renamed 'Time' to 'Timestamp' in CSV
2025-10-31 21:40:41,703 - WARNING - Attempt 2 failed for D:\Acronis Backup\ipc backup\server  2\2023-04-26\TRENDDATA11\Trend_SUB_MAIN_33KV_CELL_06_M_PHASE_VOLTAGE_B.HST: 'Y:\\Trend_SUB_MAIN_33KV_CELL_06_M_PHASE_VOLTAGE_B.csv.gz' and 'Y:\\\\Trend_SUB_MAIN_33KV_CELL_06_M_PHASE_VOLTAGE_B.csv.gz' are the same file
2025-10-31 21:41:30,876 - INFO - \u2713 Processed Trend_SUB_MAIN_33KV_CELL_06_M_PHASE_CURRENT_A.HST
2025-10-31 21:41:32,314 - INFO -   \u2713 Renamed 'Time' to 'Timestamp' in CSV
2025-10-31 21:42:04,194 - WARNING - Attempt 2 failed for D:\Acronis Backup\ipc backup\server  2\2023-04-26\TRENDDATA11\Trend_SUB_MAIN_33KV_CELL_06_M_PHASE_VOLTAGE_BC.HST: 'Y:\\Trend_SUB_MAIN_33KV_CELL_06_M_PHASE_VOLTAGE_BC.csv.gz' and 'Y:\\\\Trend_SUB_MAIN_33KV_CELL_06_M_PHASE_VOLTAGE_BC.csv.gz' are the same file
2025-10-31 21:42:05,491 - INFO - \u2713 Processed Trend_SUB_MAIN_33KV_CELL_06_M_PHASE_CURRENT_C.HST
2025-10-31 21:42:31,401 - INFO - \u2713 Processed Trend_SUB_MAIN_33KV_CELL_06_M_PHASE_CURRENT_B.HST
2025-10-31 21:42:38,199 - INFO -   \u2713 Renamed 'Time' to 'Timestamp' in CSV
2025-10-31 21:42:58,201 - INFO - \u2713 Processed Trend_SUB_MAIN_33KV_CELL_06_M_PHASE_VOLTAGE_AB.HST
2025-10-31 21:43:00,623 - INFO - \u2713 Processed Trend_SUB_MAIN_33KV_CELL_06_M_PHASE_VOLTAGE_A.HST
2025-10-31 21:43:02,874 - WARNING - Attempt 2 failed for D:\Acronis Backup\ipc backup\server  2\2023-04-26\TRENDDATA11\Trend_SUB_MAIN_33KV_CELL_06_M_PHASE_VOLTAGE_C.HST: 'Y:\\Trend_SUB_MAIN_33KV_CELL_06_M_PHASE_VOLTAGE_C.csv.gz' and 'Y:\\\\Trend_SUB_MAIN_33KV_CELL_06_M_PHASE_VOLTAGE_C.csv.gz' are the same file
2025-10-31 21:43:53,364 - INFO - \u2713 Processed Trend_SUB_MAIN_33KV_CELL_06_M_PHASE_VOLTAGE_CA.HST
2025-10-31 21:44:09,068 - INFO -   \u2713 Renamed 'Time' to 'Timestamp' in CSV
2025-10-31 21:44:34,524 - WARNING - Attempt 3 failed for D:\Acronis Backup\ipc backup\server  2\2023-04-26\TRENDDATA11\Trend_SUB_MAIN_33KV_CELL_06_M_PHASE_CURRENT_A.HST: 'Y:\\Trend_SUB_MAIN_33KV_CELL_06_M_PHASE_CURRENT_A.csv.gz' and 'Y:\\\\Trend_SUB_MAIN_33KV_CELL_06_M_PHASE_CURRENT_A.csv.gz' are the same file
2025-10-31 21:44:34,524 - ERROR - \u2717 Failed Trend_SUB_MAIN_33KV_CELL_06_M_PHASE_CURRENT_A.HST after 3 attempts
2025-10-31 21:44:42,822 - INFO -   \u2713 Renamed 'Time' to 'Timestamp' in CSV
2025-10-31 21:44:58,588 - INFO -   \u2713 Renamed 'Time' to 'Timestamp' in CSV
2025-10-31 21:45:05,464 - WARNING - Attempt 3 failed for D:\Acronis Backup\ipc backup\server  2\2023-04-26\TRENDDATA11\Trend_SUB_MAIN_33KV_CELL_06_M_PHASE_CURRENT_C.HST: 'Y:\\Trend_SUB_MAIN_33KV_CELL_06_M_PHASE_CURRENT_C.csv.gz' and 'Y:\\\\Trend_SUB_MAIN_33KV_CELL_06_M_PHASE_CURRENT_C.csv.gz' are the same file
2025-10-31 21:45:05,464 - ERROR - \u2717 Failed Trend_SUB_MAIN_33KV_CELL_06_M_PHASE_CURRENT_C.HST after 3 attempts
2025-10-31 21:45:22,606 - WARNING - Attempt 3 failed for D:\Acronis Backup\ipc backup\server  2\2023-04-26\TRENDDATA11\Trend_SUB_MAIN_33KV_CELL_06_M_PHASE_CURRENT_B.HST: 'Y:\\Trend_SUB_MAIN_33KV_CELL_06_M_PHASE_CURRENT_B.csv.gz' and 'Y:\\\\Trend_SUB_MAIN_33KV_CELL_06_M_PHASE_CURRENT_B.csv.gz' are the same file
2025-10-31 21:45:22,606 - ERROR - \u2717 Failed Trend_SUB_MAIN_33KV_CELL_06_M_PHASE_CURRENT_B.HST after 3 attempts
2025-10-31 21:45:25,809 - INFO -   \u2713 Renamed 'Time' to 'Timestamp' in CSV
2025-10-31 21:45:32,435 - INFO -   \u2713 Renamed 'Time' to 'Timestamp' in CSV
2025-10-31 21:45:46,405 - WARNING - Attempt 3 failed for D:\Acronis Backup\ipc backup\server  2\2023-04-26\TRENDDATA11\Trend_SUB_MAIN_33KV_CELL_06_M_PHASE_VOLTAGE_A.HST: 'Y:\\Trend_SUB_MAIN_33KV_CELL_06_M_PHASE_VOLTAGE_A.csv.gz' and 'Y:\\\\Trend_SUB_MAIN_33KV_CELL_06_M_PHASE_VOLTAGE_A.csv.gz' are the same file
2025-10-31 21:45:46,405 - ERROR - \u2717 Failed Trend_SUB_MAIN_33KV_CELL_06_M_PHASE_VOLTAGE_A.HST after 3 attempts
2025-10-31 21:45:59,984 - WARNING - Attempt 3 failed for D:\Acronis Backup\ipc backup\server  2\2023-04-26\TRENDDATA11\Trend_SUB_MAIN_33KV_CELL_06_M_PHASE_VOLTAGE_AB.HST: 'Y:\\Trend_SUB_MAIN_33KV_CELL_06_M_PHASE_VOLTAGE_AB.csv.gz' and 'Y:\\\\Trend_SUB_MAIN_33KV_CELL_06_M_PHASE_VOLTAGE_AB.csv.gz' are the same file
2025-10-31 21:45:59,984 - ERROR - \u2717 Failed Trend_SUB_MAIN_33KV_CELL_06_M_PHASE_VOLTAGE_AB.HST after 3 attempts
2025-10-31 21:46:27,829 - INFO -   \u2713 Renamed 'Time' to 'Timestamp' in CSV
2025-10-31 21:46:54,784 - WARNING - Attempt 2 failed for D:\Acronis Backup\ipc backup\server  2\2023-04-26\TRENDDATA11\Trend_SUB_MAIN_33KV_CELL_06_M_PHASE_VOLTAGE_CA.HST: 'Y:\\Trend_SUB_MAIN_33KV_CELL_06_M_PHASE_VOLTAGE_CA.csv.gz' and 'Y:\\\\Trend_SUB_MAIN_33KV_CELL_06_M_PHASE_VOLTAGE_CA.csv.gz' are the same file
2025-10-31 21:46:58,471 - INFO - \u2713 Processed Trend_SUB_MAIN_33KV_CELL_06_M_PHASE_VOLTAGE_B.HST
2025-10-31 21:48:13,272 - INFO - \u2713 Processed Trend_SUB_MAIN_33KV_CELL_06_M_PHASE_VOLTAGE_BC.HST
2025-10-31 21:48:38,398 - INFO - \u2713 Processed Trend_SUB_MAIN_33KV_CELL_06_M_PHASE_VOLTAGE_C.HST
2025-10-31 21:49:18,821 - INFO -   \u2713 Renamed 'Time' to 'Timestamp' in CSV
2025-10-31 21:49:40,400 - WARNING - Attempt 3 failed for D:\Acronis Backup\ipc backup\server  2\2023-04-26\TRENDDATA11\Trend_SUB_MAIN_33KV_CELL_06_M_PHASE_VOLTAGE_B.HST: 'Y:\\Trend_SUB_MAIN_33KV_CELL_06_M_PHASE_VOLTAGE_B.csv.gz' and 'Y:\\\\Trend_SUB_MAIN_33KV_CELL_06_M_PHASE_VOLTAGE_B.csv.gz' are the same file
2025-10-31 21:49:40,400 - ERROR - \u2717 Failed Trend_SUB_MAIN_33KV_CELL_06_M_PHASE_VOLTAGE_B.HST after 3 attempts
2025-10-31 21:50:36,980 - INFO -   \u2713 Renamed 'Time' to 'Timestamp' in CSV
2025-10-31 21:51:04,278 - WARNING - Attempt 3 failed for D:\Acronis Backup\ipc backup\server  2\2023-04-26\TRENDDATA11\Trend_SUB_MAIN_33KV_CELL_06_M_PHASE_VOLTAGE_BC.HST: 'Y:\\Trend_SUB_MAIN_33KV_CELL_06_M_PHASE_VOLTAGE_BC.csv.gz' and 'Y:\\\\Trend_SUB_MAIN_33KV_CELL_06_M_PHASE_VOLTAGE_BC.csv.gz' are the same file
2025-10-31 21:51:04,309 - ERROR - \u2717 Failed Trend_SUB_MAIN_33KV_CELL_06_M_PHASE_VOLTAGE_BC.HST after 3 attempts
2025-10-31 21:51:05,137 - INFO -   \u2713 Renamed 'Time' to 'Timestamp' in CSV
2025-10-31 21:51:25,106 - WARNING - Attempt 3 failed for D:\Acronis Backup\ipc backup\server  2\2023-04-26\TRENDDATA11\Trend_SUB_MAIN_33KV_CELL_06_M_PHASE_VOLTAGE_C.HST: 'Y:\\Trend_SUB_MAIN_33KV_CELL_06_M_PHASE_VOLTAGE_C.csv.gz' and 'Y:\\\\Trend_SUB_MAIN_33KV_CELL_06_M_PHASE_VOLTAGE_C.csv.gz' are the same file
2025-10-31 21:51:25,122 - ERROR - \u2717 Failed Trend_SUB_MAIN_33KV_CELL_06_M_PHASE_VOLTAGE_C.HST after 3 attempts
2025-10-31 21:52:24,858 - INFO - \u2713 Processed Trend_SUB_MAIN_33KV_CELL_06_M_PHASE_VOLTAGE_CA.HST
2025-10-31 21:54:28,751 - INFO -   \u2713 Renamed 'Time' to 'Timestamp' in CSV
2025-10-31 21:55:01,861 - WARNING - Attempt 3 failed for D:\Acronis Backup\ipc backup\server  2\2023-04-26\TRENDDATA11\Trend_SUB_MAIN_33KV_CELL_06_M_PHASE_VOLTAGE_CA.HST: 'Y:\\Trend_SUB_MAIN_33KV_CELL_06_M_PHASE_VOLTAGE_CA.csv.gz' and 'Y:\\\\Trend_SUB_MAIN_33KV_CELL_06_M_PHASE_VOLTAGE_CA.csv.gz' are the same file
2025-10-31 21:55:01,861 - ERROR - \u2717 Failed Trend_SUB_MAIN_33KV_CELL_06_M_PHASE_VOLTAGE_CA.HST after 3 attempts
2025-10-31 21:55:02,564 - INFO - 
Parallel processing batch 3 (35 files)...
2025-10-31 22:00:35,558 - INFO - \u2713 Processed Trend_SUB_MAIN_33KV_CELL_06_M_RESIDUAL_CURRENT_I0.HST
2025-10-31 22:00:37,870 - INFO - \u2713 Processed Trend_SUB_MAIN_33KV_CELL_06_M_SEQUENCE_VOLTAGE_ZERO_AMP.HST
2025-10-31 22:00:38,777 - INFO - \u2713 Processed Trend_SUB_MAIN_33KV_CELL_06_M_RESIDUAL_VOLTAGE_V0.HST
2025-10-31 22:00:48,762 - INFO - \u2713 Processed Trend_SUB_MAIN_33KV_CELL_06_M_SEQUENCE_CURRENT_ZERO_AMP.HST
2025-10-31 22:01:01,293 - INFO - \u2713 Processed Trend_SUB_MAIN_33KV_CELL_06_M_SEQUENCE_VOLTAGE_NEG_AMP.HST
2025-10-31 22:01:08,544 - INFO - \u2713 Processed Trend_SUB_MAIN_33KV_CELL_06_M_SEQUENCE_VOLTAGE_POS_AMP.HST
2025-10-31 22:01:11,403 - INFO - \u2713 Processed Trend_SUB_MAIN_33KV_CELL_06_M_TOTAL_ACTIVE_POWER_P.HST
2025-10-31 22:01:25,732 - INFO - \u2713 Processed Trend_SUB_MAIN_33KV_CELL_06_M_TOTAL_APPARENT_POWER_S.HST
2025-10-31 22:01:27,404 - INFO - \u2713 Processed Trend_SUB_MAIN_33KV_CELL_06_M_SEQUENCE_CURRENT_POS_AMP.HST
2025-10-31 22:01:40,795 - INFO - \u2713 Processed Trend_SUB_MAIN_33KV_CELL_06_M_SEQUENCE_CURRENT_NEG_AMP.HST
2025-10-31 22:03:14,751 - INFO -   \u2713 Renamed 'Time' to 'Timestamp' in CSV
2025-10-31 22:03:15,141 - INFO -   \u2713 Renamed 'Time' to 'Timestamp' in CSV
2025-10-31 22:03:22,079 - INFO -   \u2713 Renamed 'Time' to 'Timestamp' in CSV
2025-10-31 22:03:33,939 - INFO -   \u2713 Renamed 'Time' to 'Timestamp' in CSV
2025-10-31 22:03:41,126 - WARNING - Attempt 1 failed for D:\Acronis Backup\ipc backup\server  2\2023-04-26\TRENDDATA11\Trend_SUB_MAIN_33KV_CELL_06_M_RESIDUAL_VOLTAGE_V0.HST: 'Y:\\Trend_SUB_MAIN_33KV_CELL_06_M_RESIDUAL_VOLTAGE_V0.csv.gz' and 'Y:\\\\Trend_SUB_MAIN_33KV_CELL_06_M_RESIDUAL_VOLTAGE_V0.csv.gz' are the same file
2025-10-31 22:03:44,126 - WARNING - Attempt 1 failed for D:\Acronis Backup\ipc backup\server  2\2023-04-26\TRENDDATA11\Trend_SUB_MAIN_33KV_CELL_06_M_RESIDUAL_CURRENT_I0.HST: 'Y:\\Trend_SUB_MAIN_33KV_CELL_06_M_RESIDUAL_CURRENT_I0.csv.gz' and 'Y:\\\\Trend_SUB_MAIN_33KV_CELL_06_M_RESIDUAL_CURRENT_I0.csv.gz' are the same file
2025-10-31 22:03:47,923 - WARNING - Attempt 1 failed for D:\Acronis Backup\ipc backup\server  2\2023-04-26\TRENDDATA11\Trend_SUB_MAIN_33KV_CELL_06_M_SEQUENCE_VOLTAGE_ZERO_AMP.HST: 'Y:\\Trend_SUB_MAIN_33KV_CELL_06_M_SEQUENCE_VOLTAGE_ZERO_AMP.csv.gz' and 'Y:\\\\Trend_SUB_MAIN_33KV_CELL_06_M_SEQUENCE_VOLTAGE_ZERO_AMP.csv.gz' are the same file
2025-10-31 22:03:50,345 - INFO -   \u2713 Renamed 'Time' to 'Timestamp' in CSV
2025-10-31 22:03:54,658 - INFO -   \u2713 Renamed 'Time' to 'Timestamp' in CSV
2025-10-31 22:03:56,627 - WARNING - Attempt 1 failed for D:\Acronis Backup\ipc backup\server  2\2023-04-26\TRENDDATA11\Trend_SUB_MAIN_33KV_CELL_06_M_SEQUENCE_CURRENT_ZERO_AMP.HST: 'Y:\\Trend_SUB_MAIN_33KV_CELL_06_M_SEQUENCE_CURRENT_ZERO_AMP.csv.gz' and 'Y:\\\\Trend_SUB_MAIN_33KV_CELL_06_M_SEQUENCE_CURRENT_ZERO_AMP.csv.gz' are the same file
2025-10-31 22:04:14,752 - INFO -   \u2713 Renamed 'Time' to 'Timestamp' in CSV
2025-10-31 22:04:16,362 - INFO -   \u2713 Renamed 'Time' to 'Timestamp' in CSV
2025-10-31 22:04:16,768 - WARNING - Attempt 1 failed for D:\Acronis Backup\ipc backup\server  2\2023-04-26\TRENDDATA11\Trend_SUB_MAIN_33KV_CELL_06_M_SEQUENCE_VOLTAGE_NEG_AMP.HST: 'Y:\\Trend_SUB_MAIN_33KV_CELL_06_M_SEQUENCE_VOLTAGE_NEG_AMP.csv.gz' and 'Y:\\\\Trend_SUB_MAIN_33KV_CELL_06_M_SEQUENCE_VOLTAGE_NEG_AMP.csv.gz' are the same file
2025-10-31 22:04:16,768 - WARNING - Attempt 1 failed for D:\Acronis Backup\ipc backup\server  2\2023-04-26\TRENDDATA11\Trend_SUB_MAIN_33KV_CELL_06_M_SEQUENCE_VOLTAGE_POS_AMP.HST: 'Y:\\Trend_SUB_MAIN_33KV_CELL_06_M_SEQUENCE_VOLTAGE_POS_AMP.csv.gz' and 'Y:\\\\Trend_SUB_MAIN_33KV_CELL_06_M_SEQUENCE_VOLTAGE_POS_AMP.csv.gz' are the same file
2025-10-31 22:04:19,690 - INFO -   \u2713 Renamed 'Time' to 'Timestamp' in CSV
2025-10-31 22:04:22,237 - INFO -   \u2713 Renamed 'Time' to 'Timestamp' in CSV
2025-10-31 22:04:44,081 - WARNING - Attempt 1 failed for D:\Acronis Backup\ipc backup\server  2\2023-04-26\TRENDDATA11\Trend_SUB_MAIN_33KV_CELL_06_M_SEQUENCE_CURRENT_POS_AMP.HST: 'Y:\\Trend_SUB_MAIN_33KV_CELL_06_M_SEQUENCE_CURRENT_POS_AMP.csv.gz' and 'Y:\\\\Trend_SUB_MAIN_33KV_CELL_06_M_SEQUENCE_CURRENT_POS_AMP.csv.gz' are the same file
2025-10-31 22:04:44,769 - WARNING - Attempt 1 failed for D:\Acronis Backup\ipc backup\server  2\2023-04-26\TRENDDATA11\Trend_SUB_MAIN_33KV_CELL_06_M_SEQUENCE_CURRENT_NEG_AMP.HST: 'Y:\\Trend_SUB_MAIN_33KV_CELL_06_M_SEQUENCE_CURRENT_NEG_AMP.csv.gz' and 'Y:\\\\Trend_SUB_MAIN_33KV_CELL_06_M_SEQUENCE_CURRENT_NEG_AMP.csv.gz' are the same file
2025-10-31 22:05:00,003 - WARNING - Attempt 1 failed for D:\Acronis Backup\ipc backup\server  2\2023-04-26\TRENDDATA11\Trend_SUB_MAIN_33KV_CELL_06_M_TOTAL_ACTIVE_POWER_P.HST: 'Y:\\Trend_SUB_MAIN_33KV_CELL_06_M_TOTAL_ACTIVE_POWER_P.csv.gz' and 'Y:\\\\Trend_SUB_MAIN_33KV_CELL_06_M_TOTAL_ACTIVE_POWER_P.csv.gz' are the same file
2025-10-31 22:05:09,113 - WARNING - Attempt 1 failed for D:\Acronis Backup\ipc backup\server  2\2023-04-26\TRENDDATA11\Trend_SUB_MAIN_33KV_CELL_06_M_TOTAL_APPARENT_POWER_S.HST: 'Y:\\Trend_SUB_MAIN_33KV_CELL_06_M_TOTAL_APPARENT_POWER_S.csv.gz' and 'Y:\\\\Trend_SUB_MAIN_33KV_CELL_06_M_TOTAL_APPARENT_POWER_S.csv.gz' are the same file
2025-10-31 22:09:06,039 - INFO - \u2713 Processed Trend_SUB_MAIN_33KV_CELL_06_M_RESIDUAL_VOLTAGE_V0.HST
2025-10-31 22:09:11,539 - INFO - \u2713 Processed Trend_SUB_MAIN_33KV_CELL_06_M_RESIDUAL_CURRENT_I0.HST
2025-10-31 22:09:20,023 - INFO - \u2713 Processed Trend_SUB_MAIN_33KV_CELL_06_M_SEQUENCE_CURRENT_ZERO_AMP.HST
2025-10-31 22:09:25,039 - INFO - \u2713 Processed Trend_SUB_MAIN_33KV_CELL_06_M_SEQUENCE_VOLTAGE_ZERO_AMP.HST
2025-10-31 22:09:52,852 - INFO - \u2713 Processed Trend_SUB_MAIN_33KV_CELL_06_M_SEQUENCE_VOLTAGE_NEG_AMP.HST
2025-10-31 22:10:09,665 - INFO - \u2713 Processed Trend_SUB_MAIN_33KV_CELL_06_M_SEQUENCE_CURRENT_NEG_AMP.HST
2025-10-31 22:10:14,024 - INFO - \u2713 Processed Trend_SUB_MAIN_33KV_CELL_06_M_SEQUENCE_VOLTAGE_POS_AMP.HST
2025-10-31 22:10:32,821 - INFO - \u2713 Processed Trend_SUB_MAIN_33KV_CELL_06_M_SEQUENCE_CURRENT_POS_AMP.HST
2025-10-31 22:10:55,509 - INFO - \u2713 Processed Trend_SUB_MAIN_33KV_CELL_06_M_TOTAL_ACTIVE_POWER_P.HST
2025-10-31 22:11:01,634 - INFO - \u2713 Processed Trend_SUB_MAIN_33KV_CELL_06_M_TOTAL_APPARENT_POWER_S.HST
2025-10-31 22:11:43,978 - INFO -   \u2713 Renamed 'Time' to 'Timestamp' in CSV
2025-10-31 22:11:52,916 - INFO -   \u2713 Renamed 'Time' to 'Timestamp' in CSV
2025-10-31 22:12:06,291 - WARNING - Attempt 2 failed for D:\Acronis Backup\ipc backup\server  2\2023-04-26\TRENDDATA11\Trend_SUB_MAIN_33KV_CELL_06_M_RESIDUAL_VOLTAGE_V0.HST: 'Y:\\Trend_SUB_MAIN_33KV_CELL_06_M_RESIDUAL_VOLTAGE_V0.csv.gz' and 'Y:\\\\Trend_SUB_MAIN_33KV_CELL_06_M_RESIDUAL_VOLTAGE_V0.csv.gz' are the same file
2025-10-31 22:12:09,510 - INFO -   \u2713 Renamed 'Time' to 'Timestamp' in CSV
2025-10-31 22:12:11,260 - INFO -   \u2713 Renamed 'Time' to 'Timestamp' in CSV
2025-10-31 22:12:20,635 - WARNING - Attempt 2 failed for D:\Acronis Backup\ipc backup\server  2\2023-04-26\TRENDDATA11\Trend_SUB_MAIN_33KV_CELL_06_M_RESIDUAL_CURRENT_I0.HST: 'Y:\\Trend_SUB_MAIN_33KV_CELL_06_M_RESIDUAL_CURRENT_I0.csv.gz' and 'Y:\\\\Trend_SUB_MAIN_33KV_CELL_06_M_RESIDUAL_CURRENT_I0.csv.gz' are the same file
2025-10-31 22:12:30,869 - WARNING - Attempt 2 failed for D:\Acronis Backup\ipc backup\server  2\2023-04-26\TRENDDATA11\Trend_SUB_MAIN_33KV_CELL_06_M_SEQUENCE_CURRENT_ZERO_AMP.HST: 'Y:\\Trend_SUB_MAIN_33KV_CELL_06_M_SEQUENCE_CURRENT_ZERO_AMP.csv.gz' and 'Y:\\\\Trend_SUB_MAIN_33KV_CELL_06_M_SEQUENCE_CURRENT_ZERO_AMP.csv.gz' are the same file
2025-10-31 22:12:32,635 - WARNING - Attempt 2 failed for D:\Acronis Backup\ipc backup\server  2\2023-04-26\TRENDDATA11\Trend_SUB_MAIN_33KV_CELL_06_M_SEQUENCE_VOLTAGE_ZERO_AMP.HST: 'Y:\\Trend_SUB_MAIN_33KV_CELL_06_M_SEQUENCE_VOLTAGE_ZERO_AMP.csv.gz' and 'Y:\\\\Trend_SUB_MAIN_33KV_CELL_06_M_SEQUENCE_VOLTAGE_ZERO_AMP.csv.gz' are the same file
2025-10-31 22:12:42,369 - INFO -   \u2713 Renamed 'Time' to 'Timestamp' in CSV
2025-10-31 22:12:44,385 - INFO -   \u2713 Renamed 'Time' to 'Timestamp' in CSV
2025-10-31 22:13:04,901 - INFO -   \u2713 Renamed 'Time' to 'Timestamp' in CSV
2025-10-31 22:13:06,698 - WARNING - Attempt 2 failed for D:\Acronis Backup\ipc backup\server  2\2023-04-26\TRENDDATA11\Trend_SUB_MAIN_33KV_CELL_06_M_SEQUENCE_CURRENT_NEG_AMP.HST: 'Y:\\Trend_SUB_MAIN_33KV_CELL_06_M_SEQUENCE_CURRENT_NEG_AMP.csv.gz' and 'Y:\\\\Trend_SUB_MAIN_33KV_CELL_06_M_SEQUENCE_CURRENT_NEG_AMP.csv.gz' are the same file
2025-10-31 22:13:10,104 - WARNING - Attempt 2 failed for D:\Acronis Backup\ipc backup\server  2\2023-04-26\TRENDDATA11\Trend_SUB_MAIN_33KV_CELL_06_M_SEQUENCE_VOLTAGE_NEG_AMP.HST: 'Y:\\Trend_SUB_MAIN_33KV_CELL_06_M_SEQUENCE_VOLTAGE_NEG_AMP.csv.gz' and 'Y:\\\\Trend_SUB_MAIN_33KV_CELL_06_M_SEQUENCE_VOLTAGE_NEG_AMP.csv.gz' are the same file
2025-10-31 22:13:25,901 - WARNING - Attempt 2 failed for D:\Acronis Backup\ipc backup\server  2\2023-04-26\TRENDDATA11\Trend_SUB_MAIN_33KV_CELL_06_M_SEQUENCE_VOLTAGE_POS_AMP.HST: 'Y:\\Trend_SUB_MAIN_33KV_CELL_06_M_SEQUENCE_VOLTAGE_POS_AMP.csv.gz' and 'Y:\\\\Trend_SUB_MAIN_33KV_CELL_06_M_SEQUENCE_VOLTAGE_POS_AMP.csv.gz' are the same file
2025-10-31 22:13:29,620 - INFO -   \u2713 Renamed 'Time' to 'Timestamp' in CSV
2025-10-31 22:13:58,464 - WARNING - Attempt 2 failed for D:\Acronis Backup\ipc backup\server  2\2023-04-26\TRENDDATA11\Trend_SUB_MAIN_33KV_CELL_06_M_SEQUENCE_CURRENT_POS_AMP.HST: 'Y:\\Trend_SUB_MAIN_33KV_CELL_06_M_SEQUENCE_CURRENT_POS_AMP.csv.gz' and 'Y:\\\\Trend_SUB_MAIN_33KV_CELL_06_M_SEQUENCE_CURRENT_POS_AMP.csv.gz' are the same file
2025-10-31 22:14:01,464 - INFO -   \u2713 Renamed 'Time' to 'Timestamp' in CSV
2025-10-31 22:14:04,714 - INFO -   \u2713 Renamed 'Time' to 'Timestamp' in CSV
2025-10-31 22:14:44,996 - WARNING - Attempt 2 failed for D:\Acronis Backup\ipc backup\server  2\2023-04-26\TRENDDATA11\Trend_SUB_MAIN_33KV_CELL_06_M_TOTAL_ACTIVE_POWER_P.HST: 'Y:\\Trend_SUB_MAIN_33KV_CELL_06_M_TOTAL_ACTIVE_POWER_P.csv.gz' and 'Y:\\\\Trend_SUB_MAIN_33KV_CELL_06_M_TOTAL_ACTIVE_POWER_P.csv.gz' are the same file
2025-10-31 22:14:50,402 - WARNING - Attempt 2 failed for D:\Acronis Backup\ipc backup\server  2\2023-04-26\TRENDDATA11\Trend_SUB_MAIN_33KV_CELL_06_M_TOTAL_APPARENT_POWER_S.HST: 'Y:\\Trend_SUB_MAIN_33KV_CELL_06_M_TOTAL_APPARENT_POWER_S.csv.gz' and 'Y:\\\\Trend_SUB_MAIN_33KV_CELL_06_M_TOTAL_APPARENT_POWER_S.csv.gz' are the same file
2025-10-31 22:17:45,513 - INFO - \u2713 Processed Trend_SUB_MAIN_33KV_CELL_06_M_RESIDUAL_VOLTAGE_V0.HST
2025-10-31 22:17:51,498 - INFO - \u2713 Processed Trend_SUB_MAIN_33KV_CELL_06_M_RESIDUAL_CURRENT_I0.HST
2025-10-31 22:18:12,185 - INFO - \u2713 Processed Trend_SUB_MAIN_33KV_CELL_06_M_SEQUENCE_VOLTAGE_ZERO_AMP.HST
2025-10-31 22:18:36,076 - INFO - \u2713 Processed Trend_SUB_MAIN_33KV_CELL_06_M_SEQUENCE_CURRENT_ZERO_AMP.HST
2025-10-31 22:18:41,295 - INFO - \u2713 Processed Trend_SUB_MAIN_33KV_CELL_06_M_SEQUENCE_CURRENT_NEG_AMP.HST
2025-10-31 22:18:57,795 - INFO - \u2713 Processed Trend_SUB_MAIN_33KV_CELL_06_M_SEQUENCE_VOLTAGE_NEG_AMP.HST
2025-10-31 22:19:21,983 - INFO - \u2713 Processed Trend_SUB_MAIN_33KV_CELL_06_M_SEQUENCE_VOLTAGE_POS_AMP.HST
2025-10-31 22:20:14,155 - INFO -   \u2713 Renamed 'Time' to 'Timestamp' in CSV
2025-10-31 22:20:23,281 - INFO -   \u2713 Renamed 'Time' to 'Timestamp' in CSV
2025-10-31 22:20:30,718 - INFO - \u2713 Processed Trend_SUB_MAIN_33KV_CELL_06_M_SEQUENCE_CURRENT_POS_AMP.HST
2025-10-31 22:20:37,249 - WARNING - Attempt 3 failed for D:\Acronis Backup\ipc backup\server  2\2023-04-26\TRENDDATA11\Trend_SUB_MAIN_33KV_CELL_06_M_RESIDUAL_VOLTAGE_V0.HST: 'Y:\\Trend_SUB_MAIN_33KV_CELL_06_M_RESIDUAL_VOLTAGE_V0.csv.gz' and 'Y:\\\\Trend_SUB_MAIN_33KV_CELL_06_M_RESIDUAL_VOLTAGE_V0.csv.gz' are the same file
2025-10-31 22:20:37,249 - ERROR - \u2717 Failed Trend_SUB_MAIN_33KV_CELL_06_M_RESIDUAL_VOLTAGE_V0.HST after 3 attempts
2025-10-31 22:20:50,046 - WARNING - Attempt 3 failed for D:\Acronis Backup\ipc backup\server  2\2023-04-26\TRENDDATA11\Trend_SUB_MAIN_33KV_CELL_06_M_RESIDUAL_CURRENT_I0.HST: 'Y:\\Trend_SUB_MAIN_33KV_CELL_06_M_RESIDUAL_CURRENT_I0.csv.gz' and 'Y:\\\\Trend_SUB_MAIN_33KV_CELL_06_M_RESIDUAL_CURRENT_I0.csv.gz' are the same file
2025-10-31 22:20:50,046 - ERROR - \u2717 Failed Trend_SUB_MAIN_33KV_CELL_06_M_RESIDUAL_CURRENT_I0.HST after 3 attempts
2025-10-31 22:20:53,468 - INFO - \u2713 Processed Trend_SUB_MAIN_33KV_CELL_06_M_TOTAL_ACTIVE_POWER_P.HST
2025-10-31 22:20:56,578 - INFO -   \u2713 Renamed 'Time' to 'Timestamp' in CSV
2025-10-31 22:21:03,234 - INFO - \u2713 Processed Trend_SUB_MAIN_33KV_CELL_06_M_TOTAL_APPARENT_POWER_S.HST
2025-10-31 22:21:21,953 - INFO -   \u2713 Renamed 'Time' to 'Timestamp' in CSV
2025-10-31 22:21:24,578 - WARNING - Attempt 3 failed for D:\Acronis Backup\ipc backup\server  2\2023-04-26\TRENDDATA11\Trend_SUB_MAIN_33KV_CELL_06_M_SEQUENCE_VOLTAGE_ZERO_AMP.HST: 'Y:\\Trend_SUB_MAIN_33KV_CELL_06_M_SEQUENCE_VOLTAGE_ZERO_AMP.csv.gz' and 'Y:\\\\Trend_SUB_MAIN_33KV_CELL_06_M_SEQUENCE_VOLTAGE_ZERO_AMP.csv.gz' are the same file
2025-10-31 22:21:24,578 - ERROR - \u2717 Failed Trend_SUB_MAIN_33KV_CELL_06_M_SEQUENCE_VOLTAGE_ZERO_AMP.HST after 3 attempts
2025-10-31 22:21:28,094 - INFO -   \u2713 Renamed 'Time' to 'Timestamp' in CSV
2025-10-31 22:21:44,750 - WARNING - Attempt 3 failed for D:\Acronis Backup\ipc backup\server  2\2023-04-26\TRENDDATA11\Trend_SUB_MAIN_33KV_CELL_06_M_SEQUENCE_CURRENT_ZERO_AMP.HST: 'Y:\\Trend_SUB_MAIN_33KV_CELL_06_M_SEQUENCE_CURRENT_ZERO_AMP.csv.gz' and 'Y:\\\\Trend_SUB_MAIN_33KV_CELL_06_M_SEQUENCE_CURRENT_ZERO_AMP.csv.gz' are the same file
2025-10-31 22:21:44,750 - ERROR - \u2717 Failed Trend_SUB_MAIN_33KV_CELL_06_M_SEQUENCE_CURRENT_ZERO_AMP.HST after 3 attempts
2025-10-31 22:21:50,656 - INFO -   \u2713 Renamed 'Time' to 'Timestamp' in CSV
2025-10-31 22:21:51,578 - WARNING - Attempt 3 failed for D:\Acronis Backup\ipc backup\server  2\2023-04-26\TRENDDATA11\Trend_SUB_MAIN_33KV_CELL_06_M_SEQUENCE_CURRENT_NEG_AMP.HST: 'Y:\\Trend_SUB_MAIN_33KV_CELL_06_M_SEQUENCE_CURRENT_NEG_AMP.csv.gz' and 'Y:\\\\Trend_SUB_MAIN_33KV_CELL_06_M_SEQUENCE_CURRENT_NEG_AMP.csv.gz' are the same file
2025-10-31 22:21:51,578 - ERROR - \u2717 Failed Trend_SUB_MAIN_33KV_CELL_06_M_SEQUENCE_CURRENT_NEG_AMP.HST after 3 attempts
2025-10-31 22:22:11,969 - INFO -   \u2713 Renamed 'Time' to 'Timestamp' in CSV
2025-10-31 22:22:17,500 - WARNING - Attempt 3 failed for D:\Acronis Backup\ipc backup\server  2\2023-04-26\TRENDDATA11\Trend_SUB_MAIN_33KV_CELL_06_M_SEQUENCE_VOLTAGE_NEG_AMP.HST: 'Y:\\Trend_SUB_MAIN_33KV_CELL_06_M_SEQUENCE_VOLTAGE_NEG_AMP.csv.gz' and 'Y:\\\\Trend_SUB_MAIN_33KV_CELL_06_M_SEQUENCE_VOLTAGE_NEG_AMP.csv.gz' are the same file
2025-10-31 22:22:17,500 - ERROR - \u2717 Failed Trend_SUB_MAIN_33KV_CELL_06_M_SEQUENCE_VOLTAGE_NEG_AMP.HST after 3 attempts
2025-10-31 22:22:32,079 - WARNING - Attempt 3 failed for D:\Acronis Backup\ipc backup\server  2\2023-04-26\TRENDDATA11\Trend_SUB_MAIN_33KV_CELL_06_M_SEQUENCE_VOLTAGE_POS_AMP.HST: 'Y:\\Trend_SUB_MAIN_33KV_CELL_06_M_SEQUENCE_VOLTAGE_POS_AMP.csv.gz' and 'Y:\\\\Trend_SUB_MAIN_33KV_CELL_06_M_SEQUENCE_VOLTAGE_POS_AMP.csv.gz' are the same file
2025-10-31 22:22:32,079 - ERROR - \u2717 Failed Trend_SUB_MAIN_33KV_CELL_06_M_SEQUENCE_VOLTAGE_POS_AMP.HST after 3 attempts
2025-10-31 22:23:07,173 - INFO -   \u2713 Renamed 'Time' to 'Timestamp' in CSV
2025-10-31 22:23:30,563 - INFO -   \u2713 Renamed 'Time' to 'Timestamp' in CSV
2025-10-31 22:23:31,438 - WARNING - Attempt 3 failed for D:\Acronis Backup\ipc backup\server  2\2023-04-26\TRENDDATA11\Trend_SUB_MAIN_33KV_CELL_06_M_SEQUENCE_CURRENT_POS_AMP.HST: 'Y:\\Trend_SUB_MAIN_33KV_CELL_06_M_SEQUENCE_CURRENT_POS_AMP.csv.gz' and 'Y:\\\\Trend_SUB_MAIN_33KV_CELL_06_M_SEQUENCE_CURRENT_POS_AMP.csv.gz' are the same file
2025-10-31 22:23:31,438 - ERROR - \u2717 Failed Trend_SUB_MAIN_33KV_CELL_06_M_SEQUENCE_CURRENT_POS_AMP.HST after 3 attempts
2025-10-31 22:23:31,470 - INFO -   \u2713 Renamed 'Time' to 'Timestamp' in CSV
2025-10-31 22:24:15,095 - WARNING - Attempt 3 failed for D:\Acronis Backup\ipc backup\server  2\2023-04-26\TRENDDATA11\Trend_SUB_MAIN_33KV_CELL_06_M_TOTAL_ACTIVE_POWER_P.HST: 'Y:\\Trend_SUB_MAIN_33KV_CELL_06_M_TOTAL_ACTIVE_POWER_P.csv.gz' and 'Y:\\\\Trend_SUB_MAIN_33KV_CELL_06_M_TOTAL_ACTIVE_POWER_P.csv.gz' are the same file
2025-10-31 22:24:15,111 - ERROR - \u2717 Failed Trend_SUB_MAIN_33KV_CELL_06_M_TOTAL_ACTIVE_POWER_P.HST after 3 attempts
2025-10-31 22:24:21,033 - WARNING - Attempt 3 failed for D:\Acronis Backup\ipc backup\server  2\2023-04-26\TRENDDATA11\Trend_SUB_MAIN_33KV_CELL_06_M_TOTAL_APPARENT_POWER_S.HST: 'Y:\\Trend_SUB_MAIN_33KV_CELL_06_M_TOTAL_APPARENT_POWER_S.csv.gz' and 'Y:\\\\Trend_SUB_MAIN_33KV_CELL_06_M_TOTAL_APPARENT_POWER_S.csv.gz' are the same file
2025-10-31 22:24:21,033 - ERROR - \u2717 Failed Trend_SUB_MAIN_33KV_CELL_06_M_TOTAL_APPARENT_POWER_S.HST after 3 attempts
2025-10-31 22:25:51,799 - INFO - \u2713 Processed Trend_SUB_MAIN_33KV_CELL_06_M_VOLTAGE_DEMAND_AB_AMP.HST
2025-10-31 22:25:59,565 - INFO - \u2713 Processed Trend_SUB_MAIN_33KV_CELL_06_M_TOTAL_REACTIVE_POWER_Q.HST
2025-10-31 22:26:31,643 - INFO - \u2713 Processed Trend_SUB_MAIN_33KV_CELL_06_M_VOLTAGE_DEMAND_BC_AMP.HST
2025-10-31 22:26:34,268 - INFO - \u2713 Processed Trend_SUB_MAIN_33KV_CELL_06_M_VOLTAGE_DEMAND_A_AMP.HST
2025-10-31 22:26:52,565 - INFO - \u2713 Processed Trend_SUB_MAIN_33KV_CELL_06_M_VOLTAGE_DEMAND_B_AMP.HST
2025-10-31 22:27:06,925 - INFO - \u2713 Processed Trend_SUB_MAIN_33KV_CELL_06_M_VOLTAGE_DEMAND_CA_AMP.HST
2025-10-31 22:27:24,659 - INFO - \u2713 Processed Trend_SUB_MAIN_33KV_CELL_06_M_VOLTAGE_DEMAND_C_AMP.HST
2025-10-31 22:28:23,426 - INFO -   \u2713 Renamed 'Time' to 'Timestamp' in CSV
2025-10-31 22:28:47,676 - INFO -   \u2713 Renamed 'Time' to 'Timestamp' in CSV
2025-10-31 22:28:53,488 - WARNING - Attempt 1 failed for D:\Acronis Backup\ipc backup\server  2\2023-04-26\TRENDDATA11\Trend_SUB_MAIN_33KV_CELL_06_M_VOLTAGE_DEMAND_AB_AMP.HST: 'Y:\\Trend_SUB_MAIN_33KV_CELL_06_M_VOLTAGE_DEMAND_AB_AMP.csv.gz' and 'Y:\\\\Trend_SUB_MAIN_33KV_CELL_06_M_VOLTAGE_DEMAND_AB_AMP.csv.gz' are the same file
2025-10-31 22:28:56,879 - INFO - \u2713 Processed Trend_SUB_MAIN_33KV_CELL_07_M_AVERAGE_POWER_FACTOR.HST
2025-10-31 22:29:06,098 - INFO -   \u2713 Renamed 'Time' to 'Timestamp' in CSV
2025-10-31 22:29:09,598 - INFO -   \u2713 Renamed 'Time' to 'Timestamp' in CSV
2025-10-31 22:29:32,145 - INFO -   \u2713 Renamed 'Time' to 'Timestamp' in CSV
2025-10-31 22:29:33,051 - WARNING - Attempt 1 failed for D:\Acronis Backup\ipc backup\server  2\2023-04-26\TRENDDATA11\Trend_SUB_MAIN_33KV_CELL_06_M_VOLTAGE_DEMAND_BC_AMP.HST: 'Y:\\Trend_SUB_MAIN_33KV_CELL_06_M_VOLTAGE_DEMAND_BC_AMP.csv.gz' and 'Y:\\\\Trend_SUB_MAIN_33KV_CELL_06_M_VOLTAGE_DEMAND_BC_AMP.csv.gz' are the same file
2025-10-31 22:29:33,583 - WARNING - Attempt 1 failed for D:\Acronis Backup\ipc backup\server  2\2023-04-26\TRENDDATA11\Trend_SUB_MAIN_33KV_CELL_06_M_VOLTAGE_DEMAND_A_AMP.HST: 'Y:\\Trend_SUB_MAIN_33KV_CELL_06_M_VOLTAGE_DEMAND_A_AMP.csv.gz' and 'Y:\\\\Trend_SUB_MAIN_33KV_CELL_06_M_VOLTAGE_DEMAND_A_AMP.csv.gz' are the same file
2025-10-31 22:29:37,364 - WARNING - Attempt 1 failed for D:\Acronis Backup\ipc backup\server  2\2023-04-26\TRENDDATA11\Trend_SUB_MAIN_33KV_CELL_06_M_TOTAL_REACTIVE_POWER_Q.HST: 'Y:\\Trend_SUB_MAIN_33KV_CELL_06_M_TOTAL_REACTIVE_POWER_Q.csv.gz' and 'Y:\\\\Trend_SUB_MAIN_33KV_CELL_06_M_TOTAL_REACTIVE_POWER_Q.csv.gz' are the same file
2025-10-31 22:29:49,239 - INFO - \u2713 Processed Trend_SUB_MAIN_33KV_CELL_07_M_CURRENT_DEMAND_A_AMP.HST
2025-10-31 22:29:55,067 - WARNING - Attempt 1 failed for D:\Acronis Backup\ipc backup\server  2\2023-04-26\TRENDDATA11\Trend_SUB_MAIN_33KV_CELL_06_M_VOLTAGE_DEMAND_B_AMP.HST: 'Y:\\Trend_SUB_MAIN_33KV_CELL_06_M_VOLTAGE_DEMAND_B_AMP.csv.gz' and 'Y:\\\\Trend_SUB_MAIN_33KV_CELL_06_M_VOLTAGE_DEMAND_B_AMP.csv.gz' are the same file
2025-10-31 22:29:57,645 - INFO -   \u2713 Renamed 'Time' to 'Timestamp' in CSV
2025-10-31 22:30:10,411 - INFO -   \u2713 Renamed 'Time' to 'Timestamp' in CSV
2025-10-31 22:30:29,708 - WARNING - Attempt 1 failed for D:\Acronis Backup\ipc backup\server  2\2023-04-26\TRENDDATA11\Trend_SUB_MAIN_33KV_CELL_06_M_VOLTAGE_DEMAND_CA_AMP.HST: 'Y:\\Trend_SUB_MAIN_33KV_CELL_06_M_VOLTAGE_DEMAND_CA_AMP.csv.gz' and 'Y:\\\\Trend_SUB_MAIN_33KV_CELL_06_M_VOLTAGE_DEMAND_CA_AMP.csv.gz' are the same file
2025-10-31 22:30:30,427 - INFO - \u2713 Processed Trend_SUB_MAIN_33KV_CELL_07_M_CURRENT_DEMAND_B_AMP.HST
2025-10-31 22:30:34,802 - WARNING - Attempt 1 failed for D:\Acronis Backup\ipc backup\server  2\2023-04-26\TRENDDATA11\Trend_SUB_MAIN_33KV_CELL_06_M_VOLTAGE_DEMAND_C_AMP.HST: 'Y:\\Trend_SUB_MAIN_33KV_CELL_06_M_VOLTAGE_DEMAND_C_AMP.csv.gz' and 'Y:\\\\Trend_SUB_MAIN_33KV_CELL_06_M_VOLTAGE_DEMAND_C_AMP.csv.gz' are the same file
2025-10-31 22:31:22,615 - INFO -   \u2713 Renamed 'Time' to 'Timestamp' in CSV
2025-10-31 22:31:45,599 - WARNING - Attempt 1 failed for D:\Acronis Backup\ipc backup\server  2\2023-04-26\TRENDDATA11\Trend_SUB_MAIN_33KV_CELL_07_M_AVERAGE_POWER_FACTOR.HST: 'Y:\\Trend_SUB_MAIN_33KV_CELL_07_M_AVERAGE_POWER_FACTOR.csv.gz' and 'Y:\\\\Trend_SUB_MAIN_33KV_CELL_07_M_AVERAGE_POWER_FACTOR.csv.gz' are the same file
2025-10-31 22:32:19,428 - INFO -   \u2713 Renamed 'Time' to 'Timestamp' in CSV
2025-10-31 22:32:43,695 - WARNING - Attempt 1 failed for D:\Acronis Backup\ipc backup\server  2\2023-04-26\TRENDDATA11\Trend_SUB_MAIN_33KV_CELL_07_M_CURRENT_DEMAND_A_AMP.HST: 'Y:\\Trend_SUB_MAIN_33KV_CELL_07_M_CURRENT_DEMAND_A_AMP.csv.gz' and 'Y:\\\\Trend_SUB_MAIN_33KV_CELL_07_M_CURRENT_DEMAND_A_AMP.csv.gz' are the same file
2025-10-31 22:32:50,368 - INFO -   \u2713 Renamed 'Time' to 'Timestamp' in CSV
2025-10-31 22:33:11,700 - WARNING - Attempt 1 failed for D:\Acronis Backup\ipc backup\server  2\2023-04-26\TRENDDATA11\Trend_SUB_MAIN_33KV_CELL_07_M_CURRENT_DEMAND_B_AMP.HST: 'Y:\\Trend_SUB_MAIN_33KV_CELL_07_M_CURRENT_DEMAND_B_AMP.csv.gz' and 'Y:\\\\Trend_SUB_MAIN_33KV_CELL_07_M_CURRENT_DEMAND_B_AMP.csv.gz' are the same file
2025-10-31 22:34:01,129 - INFO - \u2713 Processed Trend_SUB_MAIN_33KV_CELL_06_M_VOLTAGE_DEMAND_AB_AMP.HST
2025-10-31 22:34:43,993 - INFO - \u2713 Processed Trend_SUB_MAIN_33KV_CELL_06_M_VOLTAGE_DEMAND_A_AMP.HST
2025-10-31 22:34:48,603 - INFO - \u2713 Processed Trend_SUB_MAIN_33KV_CELL_06_M_TOTAL_REACTIVE_POWER_Q.HST
2025-10-31 22:35:15,779 - INFO - \u2713 Processed Trend_SUB_MAIN_33KV_CELL_06_M_VOLTAGE_DEMAND_B_AMP.HST
2025-10-31 22:35:31,311 - INFO - \u2713 Processed Trend_SUB_MAIN_33KV_CELL_06_M_VOLTAGE_DEMAND_C_AMP.HST
2025-10-31 22:35:32,123 - INFO - \u2713 Processed Trend_SUB_MAIN_33KV_CELL_06_M_VOLTAGE_DEMAND_BC_AMP.HST
2025-10-31 22:35:32,483 - INFO - \u2713 Processed Trend_SUB_MAIN_33KV_CELL_06_M_VOLTAGE_DEMAND_CA_AMP.HST
2025-10-31 22:36:24,096 - INFO -   \u2713 Renamed 'Time' to 'Timestamp' in CSV
2025-10-31 22:36:43,785 - INFO - \u2713 Processed Trend_SUB_MAIN_33KV_CELL_07_M_AVERAGE_POWER_FACTOR.HST
2025-10-31 22:36:50,380 - WARNING - Attempt 2 failed for D:\Acronis Backup\ipc backup\server  2\2023-04-26\TRENDDATA11\Trend_SUB_MAIN_33KV_CELL_06_M_VOLTAGE_DEMAND_AB_AMP.HST: 'Y:\\Trend_SUB_MAIN_33KV_CELL_06_M_VOLTAGE_DEMAND_AB_AMP.csv.gz' and 'Y:\\\\Trend_SUB_MAIN_33KV_CELL_06_M_VOLTAGE_DEMAND_AB_AMP.csv.gz' are the same file
2025-10-31 22:37:06,146 - INFO -   \u2713 Renamed 'Time' to 'Timestamp' in CSV
2025-10-31 22:37:28,320 - WARNING - Attempt 2 failed for D:\Acronis Backup\ipc backup\server  2\2023-04-26\TRENDDATA11\Trend_SUB_MAIN_33KV_CELL_06_M_VOLTAGE_DEMAND_A_AMP.HST: 'Y:\\Trend_SUB_MAIN_33KV_CELL_06_M_VOLTAGE_DEMAND_A_AMP.csv.gz' and 'Y:\\\\Trend_SUB_MAIN_33KV_CELL_06_M_VOLTAGE_DEMAND_A_AMP.csv.gz' are the same file
2025-10-31 22:37:29,226 - INFO -   \u2713 Renamed 'Time' to 'Timestamp' in CSV
2025-10-31 22:37:30,664 - INFO -   \u2713 Renamed 'Time' to 'Timestamp' in CSV
2025-10-31 22:37:45,071 - INFO -   \u2713 Renamed 'Time' to 'Timestamp' in CSV
2025-10-31 22:37:47,196 - INFO -   \u2713 Renamed 'Time' to 'Timestamp' in CSV
2025-10-31 22:37:57,072 - WARNING - Attempt 2 failed for D:\Acronis Backup\ipc backup\server  2\2023-04-26\TRENDDATA11\Trend_SUB_MAIN_33KV_CELL_06_M_VOLTAGE_DEMAND_B_AMP.HST: 'Y:\\Trend_SUB_MAIN_33KV_CELL_06_M_VOLTAGE_DEMAND_B_AMP.csv.gz' and 'Y:\\\\Trend_SUB_MAIN_33KV_CELL_06_M_VOLTAGE_DEMAND_B_AMP.csv.gz' are the same file
2025-10-31 22:38:06,478 - INFO -   \u2713 Renamed 'Time' to 'Timestamp' in CSV
2025-10-31 22:38:09,104 - WARNING - Attempt 2 failed for D:\Acronis Backup\ipc backup\server  2\2023-04-26\TRENDDATA11\Trend_SUB_MAIN_33KV_CELL_06_M_VOLTAGE_DEMAND_BC_AMP.HST: 'Y:\\Trend_SUB_MAIN_33KV_CELL_06_M_VOLTAGE_DEMAND_BC_AMP.csv.gz' and 'Y:\\\\Trend_SUB_MAIN_33KV_CELL_06_M_VOLTAGE_DEMAND_BC_AMP.csv.gz' are the same file
2025-10-31 22:38:10,979 - WARNING - Attempt 2 failed for D:\Acronis Backup\ipc backup\server  2\2023-04-26\TRENDDATA11\Trend_SUB_MAIN_33KV_CELL_06_M_VOLTAGE_DEMAND_C_AMP.HST: 'Y:\\Trend_SUB_MAIN_33KV_CELL_06_M_VOLTAGE_DEMAND_C_AMP.csv.gz' and 'Y:\\\\Trend_SUB_MAIN_33KV_CELL_06_M_VOLTAGE_DEMAND_C_AMP.csv.gz' are the same file
2025-10-31 22:38:14,557 - INFO - \u2713 Processed Trend_SUB_MAIN_33KV_CELL_07_M_CURRENT_DEMAND_A_AMP.HST
2025-10-31 22:38:23,229 - WARNING - Attempt 2 failed for D:\Acronis Backup\ipc backup\server  2\2023-04-26\TRENDDATA11\Trend_SUB_MAIN_33KV_CELL_06_M_TOTAL_REACTIVE_POWER_Q.HST: 'Y:\\Trend_SUB_MAIN_33KV_CELL_06_M_TOTAL_REACTIVE_POWER_Q.csv.gz' and 'Y:\\\\Trend_SUB_MAIN_33KV_CELL_06_M_TOTAL_REACTIVE_POWER_Q.csv.gz' are the same file
2025-10-31 22:38:31,136 - INFO - \u2713 Processed Trend_SUB_MAIN_33KV_CELL_07_M_CURRENT_DEMAND_B_AMP.HST
2025-10-31 22:38:36,496 - WARNING - Attempt 2 failed for D:\Acronis Backup\ipc backup\server  2\2023-04-26\TRENDDATA11\Trend_SUB_MAIN_33KV_CELL_06_M_VOLTAGE_DEMAND_CA_AMP.HST: 'Y:\\Trend_SUB_MAIN_33KV_CELL_06_M_VOLTAGE_DEMAND_CA_AMP.csv.gz' and 'Y:\\\\Trend_SUB_MAIN_33KV_CELL_06_M_VOLTAGE_DEMAND_CA_AMP.csv.gz' are the same file
2025-10-31 22:39:06,388 - INFO -   \u2713 Renamed 'Time' to 'Timestamp' in CSV
2025-10-31 22:39:30,014 - WARNING - Attempt 2 failed for D:\Acronis Backup\ipc backup\server  2\2023-04-26\TRENDDATA11\Trend_SUB_MAIN_33KV_CELL_07_M_AVERAGE_POWER_FACTOR.HST: 'Y:\\Trend_SUB_MAIN_33KV_CELL_07_M_AVERAGE_POWER_FACTOR.csv.gz' and 'Y:\\\\Trend_SUB_MAIN_33KV_CELL_07_M_AVERAGE_POWER_FACTOR.csv.gz' are the same file
2025-10-31 22:40:28,766 - INFO -   \u2713 Renamed 'Time' to 'Timestamp' in CSV
2025-10-31 22:40:45,626 - INFO -   \u2713 Renamed 'Time' to 'Timestamp' in CSV
2025-10-31 22:40:54,798 - WARNING - Attempt 2 failed for D:\Acronis Backup\ipc backup\server  2\2023-04-26\TRENDDATA11\Trend_SUB_MAIN_33KV_CELL_07_M_CURRENT_DEMAND_A_AMP.HST: 'Y:\\Trend_SUB_MAIN_33KV_CELL_07_M_CURRENT_DEMAND_A_AMP.csv.gz' and 'Y:\\\\Trend_SUB_MAIN_33KV_CELL_07_M_CURRENT_DEMAND_A_AMP.csv.gz' are the same file
2025-10-31 22:41:11,018 - WARNING - Attempt 2 failed for D:\Acronis Backup\ipc backup\server  2\2023-04-26\TRENDDATA11\Trend_SUB_MAIN_33KV_CELL_07_M_CURRENT_DEMAND_B_AMP.HST: 'Y:\\Trend_SUB_MAIN_33KV_CELL_07_M_CURRENT_DEMAND_B_AMP.csv.gz' and 'Y:\\\\Trend_SUB_MAIN_33KV_CELL_07_M_CURRENT_DEMAND_B_AMP.csv.gz' are the same file
2025-10-31 22:41:58,644 - INFO - \u2713 Processed Trend_SUB_MAIN_33KV_CELL_06_M_VOLTAGE_DEMAND_AB_AMP.HST
2025-10-31 22:43:03,161 - INFO - \u2713 Processed Trend_SUB_MAIN_33KV_CELL_06_M_VOLTAGE_DEMAND_A_AMP.HST
2025-10-31 22:43:07,865 - INFO - \u2713 Processed Trend_SUB_MAIN_33KV_CELL_06_M_VOLTAGE_DEMAND_B_AMP.HST
2025-10-31 22:43:16,068 - INFO - \u2713 Processed Trend_SUB_MAIN_33KV_CELL_06_M_VOLTAGE_DEMAND_C_AMP.HST
2025-10-31 22:43:16,865 - INFO - \u2713 Processed Trend_SUB_MAIN_33KV_CELL_06_M_VOLTAGE_DEMAND_BC_AMP.HST
2025-10-31 22:43:31,459 - INFO - \u2713 Processed Trend_SUB_MAIN_33KV_CELL_06_M_TOTAL_REACTIVE_POWER_Q.HST
2025-10-31 22:43:47,053 - INFO - \u2713 Processed Trend_SUB_MAIN_33KV_CELL_06_M_VOLTAGE_DEMAND_CA_AMP.HST
2025-10-31 22:44:19,601 - INFO -   \u2713 Renamed 'Time' to 'Timestamp' in CSV
2025-10-31 22:44:46,882 - WARNING - Attempt 3 failed for D:\Acronis Backup\ipc backup\server  2\2023-04-26\TRENDDATA11\Trend_SUB_MAIN_33KV_CELL_06_M_VOLTAGE_DEMAND_AB_AMP.HST: 'Y:\\Trend_SUB_MAIN_33KV_CELL_06_M_VOLTAGE_DEMAND_AB_AMP.csv.gz' and 'Y:\\\\Trend_SUB_MAIN_33KV_CELL_06_M_VOLTAGE_DEMAND_AB_AMP.csv.gz' are the same file
2025-10-31 22:44:46,882 - ERROR - \u2717 Failed Trend_SUB_MAIN_33KV_CELL_06_M_VOLTAGE_DEMAND_AB_AMP.HST after 3 attempts
2025-10-31 22:44:47,133 - INFO - \u2713 Processed Trend_SUB_MAIN_33KV_CELL_07_M_AVERAGE_POWER_FACTOR.HST
2025-10-31 22:45:19,086 - INFO -   \u2713 Renamed 'Time' to 'Timestamp' in CSV
2025-10-31 22:45:24,758 - INFO -   \u2713 Renamed 'Time' to 'Timestamp' in CSV
2025-10-31 22:45:25,305 - INFO -   \u2713 Renamed 'Time' to 'Timestamp' in CSV
2025-10-31 22:45:30,571 - INFO -   \u2713 Renamed 'Time' to 'Timestamp' in CSV
2025-10-31 22:45:47,134 - WARNING - Attempt 3 failed for D:\Acronis Backup\ipc backup\server  2\2023-04-26\TRENDDATA11\Trend_SUB_MAIN_33KV_CELL_06_M_VOLTAGE_DEMAND_A_AMP.HST: 'Y:\\Trend_SUB_MAIN_33KV_CELL_06_M_VOLTAGE_DEMAND_A_AMP.csv.gz' and 'Y:\\\\Trend_SUB_MAIN_33KV_CELL_06_M_VOLTAGE_DEMAND_A_AMP.csv.gz' are the same file
2025-10-31 22:45:47,134 - ERROR - \u2717 Failed Trend_SUB_MAIN_33KV_CELL_06_M_VOLTAGE_DEMAND_A_AMP.HST after 3 attempts
2025-10-31 22:45:50,524 - WARNING - Attempt 3 failed for D:\Acronis Backup\ipc backup\server  2\2023-04-26\TRENDDATA11\Trend_SUB_MAIN_33KV_CELL_06_M_VOLTAGE_DEMAND_C_AMP.HST: 'Y:\\Trend_SUB_MAIN_33KV_CELL_06_M_VOLTAGE_DEMAND_C_AMP.csv.gz' and 'Y:\\\\Trend_SUB_MAIN_33KV_CELL_06_M_VOLTAGE_DEMAND_C_AMP.csv.gz' are the same file
2025-10-31 22:45:50,540 - ERROR - \u2717 Failed Trend_SUB_MAIN_33KV_CELL_06_M_VOLTAGE_DEMAND_C_AMP.HST after 3 attempts
2025-10-31 22:45:52,102 - WARNING - Attempt 3 failed for D:\Acronis Backup\ipc backup\server  2\2023-04-26\TRENDDATA11\Trend_SUB_MAIN_33KV_CELL_06_M_VOLTAGE_DEMAND_B_AMP.HST: 'Y:\\Trend_SUB_MAIN_33KV_CELL_06_M_VOLTAGE_DEMAND_B_AMP.csv.gz' and 'Y:\\\\Trend_SUB_MAIN_33KV_CELL_06_M_VOLTAGE_DEMAND_B_AMP.csv.gz' are the same file
2025-10-31 22:45:52,102 - ERROR - \u2717 Failed Trend_SUB_MAIN_33KV_CELL_06_M_VOLTAGE_DEMAND_B_AMP.HST after 3 attempts
2025-10-31 22:45:56,399 - WARNING - Attempt 3 failed for D:\Acronis Backup\ipc backup\server  2\2023-04-26\TRENDDATA11\Trend_SUB_MAIN_33KV_CELL_06_M_VOLTAGE_DEMAND_BC_AMP.HST: 'Y:\\Trend_SUB_MAIN_33KV_CELL_06_M_VOLTAGE_DEMAND_BC_AMP.csv.gz' and 'Y:\\\\Trend_SUB_MAIN_33KV_CELL_06_M_VOLTAGE_DEMAND_BC_AMP.csv.gz' are the same file
2025-10-31 22:45:56,399 - ERROR - \u2717 Failed Trend_SUB_MAIN_33KV_CELL_06_M_VOLTAGE_DEMAND_BC_AMP.HST after 3 attempts
2025-10-31 22:45:57,274 - INFO -   \u2713 Renamed 'Time' to 'Timestamp' in CSV
2025-10-31 22:46:12,853 - INFO - \u2713 Processed Trend_SUB_MAIN_33KV_CELL_07_M_CURRENT_DEMAND_A_AMP.HST
2025-10-31 22:46:20,025 - INFO - \u2713 Processed Trend_SUB_MAIN_33KV_CELL_07_M_CURRENT_DEMAND_B_AMP.HST
2025-10-31 22:46:20,634 - INFO -   \u2713 Renamed 'Time' to 'Timestamp' in CSV
2025-10-31 22:46:25,728 - INFO - \u2713 Processed Trend_SUB_MAIN_33KV_CELL_07_M_FORWARD_ACTIVE_ENERGY_KWH.HST
2025-10-31 22:46:40,916 - INFO -   \u2713 Renamed 'Time' to 'Timestamp' in CSV
2025-10-31 22:46:42,931 - WARNING - Attempt 1 failed for D:\Acronis Backup\ipc backup\server  2\2023-04-26\TRENDDATA11\Trend_SUB_MAIN_33KV_CELL_07_M_FORWARD_ACTIVE_ENERGY_KWH.HST: 'Y:\\Trend_SUB_MAIN_33KV_CELL_07_M_FORWARD_ACTIVE_ENERGY_KWH.csv.gz' and 'Y:\\\\Trend_SUB_MAIN_33KV_CELL_07_M_FORWARD_ACTIVE_ENERGY_KWH.csv.gz' are the same file
2025-10-31 22:46:47,025 - WARNING - Attempt 3 failed for D:\Acronis Backup\ipc backup\server  2\2023-04-26\TRENDDATA11\Trend_SUB_MAIN_33KV_CELL_06_M_TOTAL_REACTIVE_POWER_Q.HST: 'Y:\\Trend_SUB_MAIN_33KV_CELL_06_M_TOTAL_REACTIVE_POWER_Q.csv.gz' and 'Y:\\\\Trend_SUB_MAIN_33KV_CELL_06_M_TOTAL_REACTIVE_POWER_Q.csv.gz' are the same file
2025-10-31 22:46:47,025 - ERROR - \u2717 Failed Trend_SUB_MAIN_33KV_CELL_06_M_TOTAL_REACTIVE_POWER_Q.HST after 3 attempts
2025-10-31 22:46:49,869 - WARNING - Attempt 3 failed for D:\Acronis Backup\ipc backup\server  2\2023-04-26\TRENDDATA11\Trend_SUB_MAIN_33KV_CELL_06_M_VOLTAGE_DEMAND_CA_AMP.HST: 'Y:\\Trend_SUB_MAIN_33KV_CELL_06_M_VOLTAGE_DEMAND_CA_AMP.csv.gz' and 'Y:\\\\Trend_SUB_MAIN_33KV_CELL_06_M_VOLTAGE_DEMAND_CA_AMP.csv.gz' are the same file
2025-10-31 22:46:49,869 - ERROR - \u2717 Failed Trend_SUB_MAIN_33KV_CELL_06_M_VOLTAGE_DEMAND_CA_AMP.HST after 3 attempts
2025-10-31 22:47:06,932 - INFO -   \u2713 Renamed 'Time' to 'Timestamp' in CSV
2025-10-31 22:47:12,135 - INFO - \u2713 Processed Trend_SUB_MAIN_33KV_CELL_07_M_FORWARD_ACTIVE_ENERGY_KWH.HST
2025-10-31 22:47:23,198 - INFO -   \u2713 Renamed 'Time' to 'Timestamp' in CSV
2025-10-31 22:47:25,338 - WARNING - Attempt 2 failed for D:\Acronis Backup\ipc backup\server  2\2023-04-26\TRENDDATA11\Trend_SUB_MAIN_33KV_CELL_07_M_FORWARD_ACTIVE_ENERGY_KWH.HST: 'Y:\\Trend_SUB_MAIN_33KV_CELL_07_M_FORWARD_ACTIVE_ENERGY_KWH.csv.gz' and 'Y:\\\\Trend_SUB_MAIN_33KV_CELL_07_M_FORWARD_ACTIVE_ENERGY_KWH.csv.gz' are the same file
2025-10-31 22:47:29,479 - WARNING - Attempt 3 failed for D:\Acronis Backup\ipc backup\server  2\2023-04-26\TRENDDATA11\Trend_SUB_MAIN_33KV_CELL_07_M_AVERAGE_POWER_FACTOR.HST: 'Y:\\Trend_SUB_MAIN_33KV_CELL_07_M_AVERAGE_POWER_FACTOR.csv.gz' and 'Y:\\\\Trend_SUB_MAIN_33KV_CELL_07_M_AVERAGE_POWER_FACTOR.csv.gz' are the same file
2025-10-31 22:47:29,479 - ERROR - \u2717 Failed Trend_SUB_MAIN_33KV_CELL_07_M_AVERAGE_POWER_FACTOR.HST after 3 attempts
2025-10-31 22:47:55,979 - INFO - \u2713 Processed Trend_SUB_MAIN_33KV_CELL_07_M_FORWARD_ACTIVE_ENERGY_KWH.HST
2025-10-31 22:48:04,683 - INFO -   \u2713 Renamed 'Time' to 'Timestamp' in CSV
2025-10-31 22:48:06,698 - WARNING - Attempt 3 failed for D:\Acronis Backup\ipc backup\server  2\2023-04-26\TRENDDATA11\Trend_SUB_MAIN_33KV_CELL_07_M_FORWARD_ACTIVE_ENERGY_KWH.HST: 'Y:\\Trend_SUB_MAIN_33KV_CELL_07_M_FORWARD_ACTIVE_ENERGY_KWH.csv.gz' and 'Y:\\\\Trend_SUB_MAIN_33KV_CELL_07_M_FORWARD_ACTIVE_ENERGY_KWH.csv.gz' are the same file
2025-10-31 22:48:06,698 - ERROR - \u2717 Failed Trend_SUB_MAIN_33KV_CELL_07_M_FORWARD_ACTIVE_ENERGY_KWH.HST after 3 attempts
2025-10-31 22:48:19,917 - INFO -   \u2713 Renamed 'Time' to 'Timestamp' in CSV
2025-10-31 22:48:25,917 - INFO -   \u2713 Renamed 'Time' to 'Timestamp' in CSV
2025-10-31 22:48:44,730 - WARNING - Attempt 3 failed for D:\Acronis Backup\ipc backup\server  2\2023-04-26\TRENDDATA11\Trend_SUB_MAIN_33KV_CELL_07_M_CURRENT_DEMAND_A_AMP.HST: 'Y:\\Trend_SUB_MAIN_33KV_CELL_07_M_CURRENT_DEMAND_A_AMP.csv.gz' and 'Y:\\\\Trend_SUB_MAIN_33KV_CELL_07_M_CURRENT_DEMAND_A_AMP.csv.gz' are the same file
2025-10-31 22:48:44,730 - ERROR - \u2717 Failed Trend_SUB_MAIN_33KV_CELL_07_M_CURRENT_DEMAND_A_AMP.HST after 3 attempts
2025-10-31 22:48:50,558 - WARNING - Attempt 3 failed for D:\Acronis Backup\ipc backup\server  2\2023-04-26\TRENDDATA11\Trend_SUB_MAIN_33KV_CELL_07_M_CURRENT_DEMAND_B_AMP.HST: 'Y:\\Trend_SUB_MAIN_33KV_CELL_07_M_CURRENT_DEMAND_B_AMP.csv.gz' and 'Y:\\\\Trend_SUB_MAIN_33KV_CELL_07_M_CURRENT_DEMAND_B_AMP.csv.gz' are the same file
2025-10-31 22:48:50,558 - ERROR - \u2717 Failed Trend_SUB_MAIN_33KV_CELL_07_M_CURRENT_DEMAND_B_AMP.HST after 3 attempts
2025-10-31 22:49:51,325 - INFO - \u2713 Processed Trend_SUB_MAIN_33KV_CELL_07_M_CURRENT_DEMAND_C_AMP.HST
2025-10-31 22:50:23,827 - INFO - \u2713 Processed Trend_SUB_MAIN_33KV_CELL_07_M_FORWARD_ACTIVE_ENERGY_MWH.HST
2025-10-31 22:50:37,031 - INFO - \u2713 Processed Trend_SUB_MAIN_33KV_CELL_07_M_FREQUENCY.HST
2025-10-31 22:50:52,938 - INFO - \u2713 Processed Trend_SUB_MAIN_33KV_CELL_07_M_PHASE_CURRENT_A.HST
2025-10-31 22:51:27,627 - INFO - \u2713 Processed Trend_SUB_MAIN_33KV_CELL_07_M_PHASE_CURRENT_B.HST
2025-10-31 22:51:39,018 - INFO - \u2713 Processed Trend_SUB_MAIN_33KV_CELL_07_M_PHASE_CURRENT_C.HST
2025-10-31 22:51:55,878 - INFO - \u2713 Processed Trend_SUB_MAIN_33KV_CELL_07_M_RESIDUAL_CURRENT_I0.HST
2025-10-31 22:52:13,941 - INFO -   \u2713 Renamed 'Time' to 'Timestamp' in CSV
2025-10-31 22:52:32,567 - INFO -   \u2713 Renamed 'Time' to 'Timestamp' in CSV
2025-10-31 22:52:40,630 - WARNING - Attempt 1 failed for D:\Acronis Backup\ipc backup\server  2\2023-04-26\TRENDDATA11\Trend_SUB_MAIN_33KV_CELL_07_M_CURRENT_DEMAND_C_AMP.HST: 'Y:\\Trend_SUB_MAIN_33KV_CELL_07_M_CURRENT_DEMAND_C_AMP.csv.gz' and 'Y:\\\\Trend_SUB_MAIN_33KV_CELL_07_M_CURRENT_DEMAND_C_AMP.csv.gz' are the same file
2025-10-31 22:52:42,661 - INFO - \u2713 Processed Trend_SUB_MAIN_33KV_CELL_07_M_RESIDUAL_VOLTAGE_V0.HST
2025-10-31 22:52:52,630 - WARNING - Attempt 1 failed for D:\Acronis Backup\ipc backup\server  2\2023-04-26\TRENDDATA11\Trend_SUB_MAIN_33KV_CELL_07_M_FORWARD_ACTIVE_ENERGY_MWH.HST: 'Y:\\Trend_SUB_MAIN_33KV_CELL_07_M_FORWARD_ACTIVE_ENERGY_MWH.csv.gz' and 'Y:\\\\Trend_SUB_MAIN_33KV_CELL_07_M_FORWARD_ACTIVE_ENERGY_MWH.csv.gz' are the same file
2025-10-31 22:52:55,646 - INFO -   \u2713 Renamed 'Time' to 'Timestamp' in CSV
2025-10-31 22:53:15,350 - INFO -   \u2713 Renamed 'Time' to 'Timestamp' in CSV
2025-10-31 22:53:15,412 - WARNING - Attempt 1 failed for D:\Acronis Backup\ipc backup\server  2\2023-04-26\TRENDDATA11\Trend_SUB_MAIN_33KV_CELL_07_M_FREQUENCY.HST: 'Y:\\Trend_SUB_MAIN_33KV_CELL_07_M_FREQUENCY.csv.gz' and 'Y:\\\\Trend_SUB_MAIN_33KV_CELL_07_M_FREQUENCY.csv.gz' are the same file
2025-10-31 22:53:39,882 - WARNING - Attempt 1 failed for D:\Acronis Backup\ipc backup\server  2\2023-04-26\TRENDDATA11\Trend_SUB_MAIN_33KV_CELL_07_M_PHASE_CURRENT_A.HST: 'Y:\\Trend_SUB_MAIN_33KV_CELL_07_M_PHASE_CURRENT_A.csv.gz' and 'Y:\\\\Trend_SUB_MAIN_33KV_CELL_07_M_PHASE_CURRENT_A.csv.gz' are the same file
2025-10-31 22:53:44,757 - INFO - \u2713 Processed Trend_SUB_MAIN_33KV_CELL_07_M_SEQUENCE_CURRENT_NEG_AMP.HST
2025-10-31 22:53:47,023 - INFO -   \u2713 Renamed 'Time' to 'Timestamp' in CSV
2025-10-31 22:54:03,726 - INFO -   \u2713 Renamed 'Time' to 'Timestamp' in CSV
2025-10-31 22:54:04,414 - INFO -   \u2713 Renamed 'Time' to 'Timestamp' in CSV
2025-10-31 22:54:12,164 - WARNING - Attempt 1 failed for D:\Acronis Backup\ipc backup\server  2\2023-04-26\TRENDDATA11\Trend_SUB_MAIN_33KV_CELL_07_M_PHASE_CURRENT_B.HST: 'Y:\\Trend_SUB_MAIN_33KV_CELL_07_M_PHASE_CURRENT_B.csv.gz' and 'Y:\\\\Trend_SUB_MAIN_33KV_CELL_07_M_PHASE_CURRENT_B.csv.gz' are the same file
2025-10-31 22:54:31,508 - WARNING - Attempt 1 failed for D:\Acronis Backup\ipc backup\server  2\2023-04-26\TRENDDATA11\Trend_SUB_MAIN_33KV_CELL_07_M_RESIDUAL_CURRENT_I0.HST: 'Y:\\Trend_SUB_MAIN_33KV_CELL_07_M_RESIDUAL_CURRENT_I0.csv.gz' and 'Y:\\\\Trend_SUB_MAIN_33KV_CELL_07_M_RESIDUAL_CURRENT_I0.csv.gz' are the same file
2025-10-31 22:54:32,305 - WARNING - Attempt 1 failed for D:\Acronis Backup\ipc backup\server  2\2023-04-26\TRENDDATA11\Trend_SUB_MAIN_33KV_CELL_07_M_PHASE_CURRENT_C.HST: 'Y:\\Trend_SUB_MAIN_33KV_CELL_07_M_PHASE_CURRENT_C.csv.gz' and 'Y:\\\\Trend_SUB_MAIN_33KV_CELL_07_M_PHASE_CURRENT_C.csv.gz' are the same file
2025-10-31 22:54:39,633 - INFO - \u2713 Processed Trend_SUB_MAIN_33KV_CELL_07_M_SEQUENCE_CURRENT_POS_AMP.HST
2025-10-31 22:55:04,103 - INFO -   \u2713 Renamed 'Time' to 'Timestamp' in CSV
2025-10-31 22:55:22,572 - WARNING - Attempt 1 failed for D:\Acronis Backup\ipc backup\server  2\2023-04-26\TRENDDATA11\Trend_SUB_MAIN_33KV_CELL_07_M_RESIDUAL_VOLTAGE_V0.HST: 'Y:\\Trend_SUB_MAIN_33KV_CELL_07_M_RESIDUAL_VOLTAGE_V0.csv.gz' and 'Y:\\\\Trend_SUB_MAIN_33KV_CELL_07_M_RESIDUAL_VOLTAGE_V0.csv.gz' are the same file
2025-10-31 22:55:56,307 - INFO -   \u2713 Renamed 'Time' to 'Timestamp' in CSV
2025-10-31 22:56:14,448 - WARNING - Attempt 1 failed for D:\Acronis Backup\ipc backup\server  2\2023-04-26\TRENDDATA11\Trend_SUB_MAIN_33KV_CELL_07_M_SEQUENCE_CURRENT_NEG_AMP.HST: 'Y:\\Trend_SUB_MAIN_33KV_CELL_07_M_SEQUENCE_CURRENT_NEG_AMP.csv.gz' and 'Y:\\\\Trend_SUB_MAIN_33KV_CELL_07_M_SEQUENCE_CURRENT_NEG_AMP.csv.gz' are the same file
2025-10-31 22:56:49,230 - INFO -   \u2713 Renamed 'Time' to 'Timestamp' in CSV
2025-10-31 22:57:10,012 - WARNING - Attempt 1 failed for D:\Acronis Backup\ipc backup\server  2\2023-04-26\TRENDDATA11\Trend_SUB_MAIN_33KV_CELL_07_M_SEQUENCE_CURRENT_POS_AMP.HST: 'Y:\\Trend_SUB_MAIN_33KV_CELL_07_M_SEQUENCE_CURRENT_POS_AMP.csv.gz' and 'Y:\\\\Trend_SUB_MAIN_33KV_CELL_07_M_SEQUENCE_CURRENT_POS_AMP.csv.gz' are the same file
2025-10-31 22:57:40,590 - INFO - \u2713 Processed Trend_SUB_MAIN_33KV_CELL_07_M_CURRENT_DEMAND_C_AMP.HST
2025-10-31 22:58:03,794 - INFO - \u2713 Processed Trend_SUB_MAIN_33KV_CELL_07_M_FREQUENCY.HST
2025-10-31 22:58:22,107 - INFO - \u2713 Processed Trend_SUB_MAIN_33KV_CELL_07_M_FORWARD_ACTIVE_ENERGY_MWH.HST
2025-10-31 22:58:46,779 - INFO - \u2713 Processed Trend_SUB_MAIN_33KV_CELL_07_M_PHASE_CURRENT_A.HST
2025-10-31 22:59:06,607 - INFO - \u2713 Processed Trend_SUB_MAIN_33KV_CELL_07_M_RESIDUAL_CURRENT_I0.HST
2025-10-31 22:59:26,795 - INFO - \u2713 Processed Trend_SUB_MAIN_33KV_CELL_07_M_PHASE_CURRENT_B.HST
2025-10-31 22:59:29,077 - INFO - \u2713 Processed Trend_SUB_MAIN_33KV_CELL_07_M_PHASE_CURRENT_C.HST
2025-10-31 23:00:01,452 - INFO - \u2713 Processed Trend_SUB_MAIN_33KV_CELL_07_M_RESIDUAL_VOLTAGE_V0.HST
2025-10-31 23:00:06,577 - INFO -   \u2713 Renamed 'Time' to 'Timestamp' in CSV
2025-10-31 23:00:24,671 - INFO -   \u2713 Renamed 'Time' to 'Timestamp' in CSV
2025-10-31 23:00:33,578 - INFO -   \u2713 Renamed 'Time' to 'Timestamp' in CSV
2025-10-31 23:00:37,671 - WARNING - Attempt 2 failed for D:\Acronis Backup\ipc backup\server  2\2023-04-26\TRENDDATA11\Trend_SUB_MAIN_33KV_CELL_07_M_CURRENT_DEMAND_C_AMP.HST: 'Y:\\Trend_SUB_MAIN_33KV_CELL_07_M_CURRENT_DEMAND_C_AMP.csv.gz' and 'Y:\\\\Trend_SUB_MAIN_33KV_CELL_07_M_CURRENT_DEMAND_C_AMP.csv.gz' are the same file
2025-10-31 23:00:46,203 - WARNING - Attempt 2 failed for D:\Acronis Backup\ipc backup\server  2\2023-04-26\TRENDDATA11\Trend_SUB_MAIN_33KV_CELL_07_M_FREQUENCY.HST: 'Y:\\Trend_SUB_MAIN_33KV_CELL_07_M_FREQUENCY.csv.gz' and 'Y:\\\\Trend_SUB_MAIN_33KV_CELL_07_M_FREQUENCY.csv.gz' are the same file
2025-10-31 23:00:52,672 - WARNING - Attempt 2 failed for D:\Acronis Backup\ipc backup\server  2\2023-04-26\TRENDDATA11\Trend_SUB_MAIN_33KV_CELL_07_M_FORWARD_ACTIVE_ENERGY_MWH.HST: 'Y:\\Trend_SUB_MAIN_33KV_CELL_07_M_FORWARD_ACTIVE_ENERGY_MWH.csv.gz' and 'Y:\\\\Trend_SUB_MAIN_33KV_CELL_07_M_FORWARD_ACTIVE_ENERGY_MWH.csv.gz' are the same file
2025-10-31 23:00:52,797 - INFO - \u2713 Processed Trend_SUB_MAIN_33KV_CELL_07_M_SEQUENCE_CURRENT_NEG_AMP.HST
2025-10-31 23:01:10,375 - INFO -   \u2713 Renamed 'Time' to 'Timestamp' in CSV
2025-10-31 23:01:28,422 - INFO -   \u2713 Renamed 'Time' to 'Timestamp' in CSV
2025-10-31 23:01:35,766 - WARNING - Attempt 2 failed for D:\Acronis Backup\ipc backup\server  2\2023-04-26\TRENDDATA11\Trend_SUB_MAIN_33KV_CELL_07_M_PHASE_CURRENT_A.HST: 'Y:\\Trend_SUB_MAIN_33KV_CELL_07_M_PHASE_CURRENT_A.csv.gz' and 'Y:\\\\Trend_SUB_MAIN_33KV_CELL_07_M_PHASE_CURRENT_A.csv.gz' are the same file
2025-10-31 23:01:49,735 - INFO -   \u2713 Renamed 'Time' to 'Timestamp' in CSV
2025-10-31 23:01:50,782 - WARNING - Attempt 2 failed for D:\Acronis Backup\ipc backup\server  2\2023-04-26\TRENDDATA11\Trend_SUB_MAIN_33KV_CELL_07_M_RESIDUAL_CURRENT_I0.HST: 'Y:\\Trend_SUB_MAIN_33KV_CELL_07_M_RESIDUAL_CURRENT_I0.csv.gz' and 'Y:\\\\Trend_SUB_MAIN_33KV_CELL_07_M_RESIDUAL_CURRENT_I0.csv.gz' are the same file
2025-10-31 23:02:02,844 - INFO -   \u2713 Renamed 'Time' to 'Timestamp' in CSV
2025-10-31 23:02:15,501 - WARNING - Attempt 2 failed for D:\Acronis Backup\ipc backup\server  2\2023-04-26\TRENDDATA11\Trend_SUB_MAIN_33KV_CELL_07_M_PHASE_CURRENT_B.HST: 'Y:\\Trend_SUB_MAIN_33KV_CELL_07_M_PHASE_CURRENT_B.csv.gz' and 'Y:\\\\Trend_SUB_MAIN_33KV_CELL_07_M_PHASE_CURRENT_B.csv.gz' are the same file
2025-10-31 23:02:16,657 - INFO - \u2713 Processed Trend_SUB_MAIN_33KV_CELL_07_M_SEQUENCE_CURRENT_POS_AMP.HST
2025-10-31 23:02:19,423 - INFO -   \u2713 Renamed 'Time' to 'Timestamp' in CSV
2025-10-31 23:02:32,454 - WARNING - Attempt 2 failed for D:\Acronis Backup\ipc backup\server  2\2023-04-26\TRENDDATA11\Trend_SUB_MAIN_33KV_CELL_07_M_PHASE_CURRENT_C.HST: 'Y:\\Trend_SUB_MAIN_33KV_CELL_07_M_PHASE_CURRENT_C.csv.gz' and 'Y:\\\\Trend_SUB_MAIN_33KV_CELL_07_M_PHASE_CURRENT_C.csv.gz' are the same file
2025-10-31 23:02:43,032 - WARNING - Attempt 2 failed for D:\Acronis Backup\ipc backup\server  2\2023-04-26\TRENDDATA11\Trend_SUB_MAIN_33KV_CELL_07_M_RESIDUAL_VOLTAGE_V0.HST: 'Y:\\Trend_SUB_MAIN_33KV_CELL_07_M_RESIDUAL_VOLTAGE_V0.csv.gz' and 'Y:\\\\Trend_SUB_MAIN_33KV_CELL_07_M_RESIDUAL_VOLTAGE_V0.csv.gz' are the same file
2025-10-31 23:03:10,095 - INFO -   \u2713 Renamed 'Time' to 'Timestamp' in CSV
2025-10-31 23:03:28,908 - WARNING - Attempt 2 failed for D:\Acronis Backup\ipc backup\server  2\2023-04-26\TRENDDATA11\Trend_SUB_MAIN_33KV_CELL_07_M_SEQUENCE_CURRENT_NEG_AMP.HST: 'Y:\\Trend_SUB_MAIN_33KV_CELL_07_M_SEQUENCE_CURRENT_NEG_AMP.csv.gz' and 'Y:\\\\Trend_SUB_MAIN_33KV_CELL_07_M_SEQUENCE_CURRENT_NEG_AMP.csv.gz' are the same file
2025-10-31 23:04:24,284 - INFO -   \u2713 Renamed 'Time' to 'Timestamp' in CSV
2025-10-31 23:04:44,612 - WARNING - Attempt 2 failed for D:\Acronis Backup\ipc backup\server  2\2023-04-26\TRENDDATA11\Trend_SUB_MAIN_33KV_CELL_07_M_SEQUENCE_CURRENT_POS_AMP.HST: 'Y:\\Trend_SUB_MAIN_33KV_CELL_07_M_SEQUENCE_CURRENT_POS_AMP.csv.gz' and 'Y:\\\\Trend_SUB_MAIN_33KV_CELL_07_M_SEQUENCE_CURRENT_POS_AMP.csv.gz' are the same file
2025-10-31 23:05:23,269 - INFO - \u2713 Processed Trend_SUB_MAIN_33KV_CELL_07_M_FORWARD_ACTIVE_ENERGY_MWH.HST
2025-10-31 23:05:32,613 - INFO - \u2713 Processed Trend_SUB_MAIN_33KV_CELL_07_M_CURRENT_DEMAND_C_AMP.HST
2025-10-31 23:05:42,472 - INFO - \u2713 Processed Trend_SUB_MAIN_33KV_CELL_07_M_FREQUENCY.HST
2025-10-31 23:06:17,363 - INFO - \u2713 Processed Trend_SUB_MAIN_33KV_CELL_07_M_RESIDUAL_CURRENT_I0.HST
2025-10-31 23:06:37,816 - INFO - \u2713 Processed Trend_SUB_MAIN_33KV_CELL_07_M_PHASE_CURRENT_A.HST
2025-10-31 23:07:12,710 - INFO - \u2713 Processed Trend_SUB_MAIN_33KV_CELL_07_M_PHASE_CURRENT_B.HST
2025-10-31 23:07:17,210 - INFO - \u2713 Processed Trend_SUB_MAIN_33KV_CELL_07_M_PHASE_CURRENT_C.HST
2025-10-31 23:07:35,899 - INFO -   \u2713 Renamed 'Time' to 'Timestamp' in CSV
2025-10-31 23:07:52,369 - INFO -   \u2713 Renamed 'Time' to 'Timestamp' in CSV
2025-10-31 23:07:54,197 - INFO -   \u2713 Renamed 'Time' to 'Timestamp' in CSV
2025-10-31 23:07:54,400 - WARNING - Attempt 3 failed for D:\Acronis Backup\ipc backup\server  2\2023-04-26\TRENDDATA11\Trend_SUB_MAIN_33KV_CELL_07_M_FORWARD_ACTIVE_ENERGY_MWH.HST: 'Y:\\Trend_SUB_MAIN_33KV_CELL_07_M_FORWARD_ACTIVE_ENERGY_MWH.csv.gz' and 'Y:\\\\Trend_SUB_MAIN_33KV_CELL_07_M_FORWARD_ACTIVE_ENERGY_MWH.csv.gz' are the same file
2025-10-31 23:07:54,400 - ERROR - \u2717 Failed Trend_SUB_MAIN_33KV_CELL_07_M_FORWARD_ACTIVE_ENERGY_MWH.HST after 3 attempts
2025-10-31 23:07:58,447 - INFO - \u2713 Processed Trend_SUB_MAIN_33KV_CELL_07_M_SEQUENCE_CURRENT_NEG_AMP.HST
2025-10-31 23:08:03,510 - INFO - \u2713 Processed Trend_SUB_MAIN_33KV_CELL_07_M_RESIDUAL_VOLTAGE_V0.HST
2025-10-31 23:08:18,902 - WARNING - Attempt 3 failed for D:\Acronis Backup\ipc backup\server  2\2023-04-26\TRENDDATA11\Trend_SUB_MAIN_33KV_CELL_07_M_FREQUENCY.HST: 'Y:\\Trend_SUB_MAIN_33KV_CELL_07_M_FREQUENCY.csv.gz' and 'Y:\\\\Trend_SUB_MAIN_33KV_CELL_07_M_FREQUENCY.csv.gz' are the same file
2025-10-31 23:08:18,902 - ERROR - \u2717 Failed Trend_SUB_MAIN_33KV_CELL_07_M_FREQUENCY.HST after 3 attempts
2025-10-31 23:08:25,340 - WARNING - Attempt 3 failed for D:\Acronis Backup\ipc backup\server  2\2023-04-26\TRENDDATA11\Trend_SUB_MAIN_33KV_CELL_07_M_CURRENT_DEMAND_C_AMP.HST: 'Y:\\Trend_SUB_MAIN_33KV_CELL_07_M_CURRENT_DEMAND_C_AMP.csv.gz' and 'Y:\\\\Trend_SUB_MAIN_33KV_CELL_07_M_CURRENT_DEMAND_C_AMP.csv.gz' are the same file
2025-10-31 23:08:25,340 - ERROR - \u2717 Failed Trend_SUB_MAIN_33KV_CELL_07_M_CURRENT_DEMAND_C_AMP.HST after 3 attempts
2025-10-31 23:08:34,371 - INFO -   \u2713 Renamed 'Time' to 'Timestamp' in CSV
2025-10-31 23:08:57,935 - WARNING - Attempt 3 failed for D:\Acronis Backup\ipc backup\server  2\2023-04-26\TRENDDATA11\Trend_SUB_MAIN_33KV_CELL_07_M_RESIDUAL_CURRENT_I0.HST: 'Y:\\Trend_SUB_MAIN_33KV_CELL_07_M_RESIDUAL_CURRENT_I0.csv.gz' and 'Y:\\\\Trend_SUB_MAIN_33KV_CELL_07_M_RESIDUAL_CURRENT_I0.csv.gz' are the same file
2025-10-31 23:08:57,935 - ERROR - \u2717 Failed Trend_SUB_MAIN_33KV_CELL_07_M_RESIDUAL_CURRENT_I0.HST after 3 attempts
2025-10-31 23:09:07,295 - INFO -   \u2713 Renamed 'Time' to 'Timestamp' in CSV
2025-10-31 23:09:32,109 - WARNING - Attempt 3 failed for D:\Acronis Backup\ipc backup\server  2\2023-04-26\TRENDDATA11\Trend_SUB_MAIN_33KV_CELL_07_M_PHASE_CURRENT_A.HST: 'Y:\\Trend_SUB_MAIN_33KV_CELL_07_M_PHASE_CURRENT_A.csv.gz' and 'Y:\\\\Trend_SUB_MAIN_33KV_CELL_07_M_PHASE_CURRENT_A.csv.gz' are the same file
2025-10-31 23:09:32,109 - ERROR - \u2717 Failed Trend_SUB_MAIN_33KV_CELL_07_M_PHASE_CURRENT_A.HST after 3 attempts
2025-10-31 23:09:39,219 - INFO -   \u2713 Renamed 'Time' to 'Timestamp' in CSV
2025-10-31 23:09:51,438 - INFO -   \u2713 Renamed 'Time' to 'Timestamp' in CSV
2025-10-31 23:10:03,611 - INFO -   \u2713 Renamed 'Time' to 'Timestamp' in CSV
2025-10-31 23:10:04,048 - WARNING - Attempt 3 failed for D:\Acronis Backup\ipc backup\server  2\2023-04-26\TRENDDATA11\Trend_SUB_MAIN_33KV_CELL_07_M_PHASE_CURRENT_B.HST: 'Y:\\Trend_SUB_MAIN_33KV_CELL_07_M_PHASE_CURRENT_B.csv.gz' and 'Y:\\\\Trend_SUB_MAIN_33KV_CELL_07_M_PHASE_CURRENT_B.csv.gz' are the same file
2025-10-31 23:10:04,048 - ERROR - \u2717 Failed Trend_SUB_MAIN_33KV_CELL_07_M_PHASE_CURRENT_B.HST after 3 attempts
2025-10-31 23:10:06,439 - INFO - \u2713 Processed Trend_SUB_MAIN_33KV_CELL_07_M_SEQUENCE_CURRENT_POS_AMP.HST
2025-10-31 23:10:12,611 - INFO -   \u2713 Renamed 'Time' to 'Timestamp' in CSV
2025-10-31 23:10:21,783 - WARNING - Attempt 3 failed for D:\Acronis Backup\ipc backup\server  2\2023-04-26\TRENDDATA11\Trend_SUB_MAIN_33KV_CELL_07_M_PHASE_CURRENT_C.HST: 'Y:\\Trend_SUB_MAIN_33KV_CELL_07_M_PHASE_CURRENT_C.csv.gz' and 'Y:\\\\Trend_SUB_MAIN_33KV_CELL_07_M_PHASE_CURRENT_C.csv.gz' are the same file
2025-10-31 23:10:21,783 - ERROR - \u2717 Failed Trend_SUB_MAIN_33KV_CELL_07_M_PHASE_CURRENT_C.HST after 3 attempts
2025-10-31 23:10:28,690 - WARNING - Attempt 3 failed for D:\Acronis Backup\ipc backup\server  2\2023-04-26\TRENDDATA11\Trend_SUB_MAIN_33KV_CELL_07_M_SEQUENCE_CURRENT_NEG_AMP.HST: 'Y:\\Trend_SUB_MAIN_33KV_CELL_07_M_SEQUENCE_CURRENT_NEG_AMP.csv.gz' and 'Y:\\\\Trend_SUB_MAIN_33KV_CELL_07_M_SEQUENCE_CURRENT_NEG_AMP.csv.gz' are the same file
2025-10-31 23:10:28,690 - ERROR - \u2717 Failed Trend_SUB_MAIN_33KV_CELL_07_M_SEQUENCE_CURRENT_NEG_AMP.HST after 3 attempts
2025-10-31 23:10:33,924 - WARNING - Attempt 3 failed for D:\Acronis Backup\ipc backup\server  2\2023-04-26\TRENDDATA11\Trend_SUB_MAIN_33KV_CELL_07_M_RESIDUAL_VOLTAGE_V0.HST: 'Y:\\Trend_SUB_MAIN_33KV_CELL_07_M_RESIDUAL_VOLTAGE_V0.csv.gz' and 'Y:\\\\Trend_SUB_MAIN_33KV_CELL_07_M_RESIDUAL_VOLTAGE_V0.csv.gz' are the same file
2025-10-31 23:10:33,924 - ERROR - \u2717 Failed Trend_SUB_MAIN_33KV_CELL_07_M_RESIDUAL_VOLTAGE_V0.HST after 3 attempts
2025-10-31 23:12:07,459 - INFO -   \u2713 Renamed 'Time' to 'Timestamp' in CSV
2025-10-31 23:12:26,788 - WARNING - Attempt 3 failed for D:\Acronis Backup\ipc backup\server  2\2023-04-26\TRENDDATA11\Trend_SUB_MAIN_33KV_CELL_07_M_SEQUENCE_CURRENT_POS_AMP.HST: 'Y:\\Trend_SUB_MAIN_33KV_CELL_07_M_SEQUENCE_CURRENT_POS_AMP.csv.gz' and 'Y:\\\\Trend_SUB_MAIN_33KV_CELL_07_M_SEQUENCE_CURRENT_POS_AMP.csv.gz' are the same file
2025-10-31 23:12:26,788 - ERROR - \u2717 Failed Trend_SUB_MAIN_33KV_CELL_07_M_SEQUENCE_CURRENT_POS_AMP.HST after 3 attempts
2025-10-31 23:13:13,430 - INFO - \u2713 Processed Trend_SUB_MAIN_33KV_CELL_07_M_TOTAL_ACTIVE_POWER_P.HST
2025-10-31 23:13:13,711 - INFO - \u2713 Processed Trend_SUB_MAIN_33KV_CELL_07_M_SEQUENCE_CURRENT_ZERO_AMP.HST
2025-10-31 23:13:13,758 - INFO - \u2713 Processed Trend_SUB_MAIN_33KV_CELL_07_M_TOTAL_APPARENT_POWER_S.HST
2025-10-31 23:13:54,978 - INFO - \u2713 Processed Trend_SUB_MAIN_33KV_CELL_07_M_TOTAL_REACTIVE_POWER_Q.HST
2025-10-31 23:15:04,479 - INFO -   \u2713 Renamed 'Time' to 'Timestamp' in CSV
2025-10-31 23:15:05,089 - INFO -   \u2713 Renamed 'Time' to 'Timestamp' in CSV
2025-10-31 23:15:05,714 - INFO -   \u2713 Renamed 'Time' to 'Timestamp' in CSV
2025-10-31 23:15:26,324 - WARNING - Attempt 1 failed for D:\Acronis Backup\ipc backup\server  2\2023-04-26\TRENDDATA11\Trend_SUB_MAIN_33KV_CELL_07_M_TOTAL_ACTIVE_POWER_P.HST: 'Y:\\Trend_SUB_MAIN_33KV_CELL_07_M_TOTAL_ACTIVE_POWER_P.csv.gz' and 'Y:\\\\Trend_SUB_MAIN_33KV_CELL_07_M_TOTAL_ACTIVE_POWER_P.csv.gz' are the same file
2025-10-31 23:15:27,980 - WARNING - Attempt 1 failed for D:\Acronis Backup\ipc backup\server  2\2023-04-26\TRENDDATA11\Trend_SUB_MAIN_33KV_CELL_07_M_SEQUENCE_CURRENT_ZERO_AMP.HST: 'Y:\\Trend_SUB_MAIN_33KV_CELL_07_M_SEQUENCE_CURRENT_ZERO_AMP.csv.gz' and 'Y:\\\\Trend_SUB_MAIN_33KV_CELL_07_M_SEQUENCE_CURRENT_ZERO_AMP.csv.gz' are the same file
2025-10-31 23:15:29,730 - WARNING - Attempt 1 failed for D:\Acronis Backup\ipc backup\server  2\2023-04-26\TRENDDATA11\Trend_SUB_MAIN_33KV_CELL_07_M_TOTAL_APPARENT_POWER_S.HST: 'Y:\\Trend_SUB_MAIN_33KV_CELL_07_M_TOTAL_APPARENT_POWER_S.csv.gz' and 'Y:\\\\Trend_SUB_MAIN_33KV_CELL_07_M_TOTAL_APPARENT_POWER_S.csv.gz' are the same file
2025-10-31 23:15:59,934 - INFO -   \u2713 Renamed 'Time' to 'Timestamp' in CSV
2025-10-31 23:16:20,137 - WARNING - Attempt 1 failed for D:\Acronis Backup\ipc backup\server  2\2023-04-26\TRENDDATA11\Trend_SUB_MAIN_33KV_CELL_07_M_TOTAL_REACTIVE_POWER_Q.HST: 'Y:\\Trend_SUB_MAIN_33KV_CELL_07_M_TOTAL_REACTIVE_POWER_Q.csv.gz' and 'Y:\\\\Trend_SUB_MAIN_33KV_CELL_07_M_TOTAL_REACTIVE_POWER_Q.csv.gz' are the same file
2025-10-31 23:19:47,344 - INFO - \u2713 Processed Trend_SUB_MAIN_33KV_CELL_07_M_TOTAL_ACTIVE_POWER_P.HST
2025-10-31 23:19:49,625 - INFO - \u2713 Processed Trend_SUB_MAIN_33KV_CELL_07_M_SEQUENCE_CURRENT_ZERO_AMP.HST
2025-10-31 23:19:52,422 - INFO - \u2713 Processed Trend_SUB_MAIN_33KV_CELL_07_M_TOTAL_APPARENT_POWER_S.HST
2025-10-31 23:20:51,095 - INFO - \u2713 Processed Trend_SUB_MAIN_33KV_CELL_07_M_TOTAL_REACTIVE_POWER_Q.HST
2025-10-31 23:21:39,892 - INFO -   \u2713 Renamed 'Time' to 'Timestamp' in CSV
2025-10-31 23:21:42,486 - INFO -   \u2713 Renamed 'Time' to 'Timestamp' in CSV
2025-10-31 23:21:45,173 - INFO -   \u2713 Renamed 'Time' to 'Timestamp' in CSV
2025-10-31 23:22:03,095 - WARNING - Attempt 2 failed for D:\Acronis Backup\ipc backup\server  2\2023-04-26\TRENDDATA11\Trend_SUB_MAIN_33KV_CELL_07_M_TOTAL_ACTIVE_POWER_P.HST: 'Y:\\Trend_SUB_MAIN_33KV_CELL_07_M_TOTAL_ACTIVE_POWER_P.csv.gz' and 'Y:\\\\Trend_SUB_MAIN_33KV_CELL_07_M_TOTAL_ACTIVE_POWER_P.csv.gz' are the same file
2025-10-31 23:22:05,142 - WARNING - Attempt 2 failed for D:\Acronis Backup\ipc backup\server  2\2023-04-26\TRENDDATA11\Trend_SUB_MAIN_33KV_CELL_07_M_SEQUENCE_CURRENT_ZERO_AMP.HST: 'Y:\\Trend_SUB_MAIN_33KV_CELL_07_M_SEQUENCE_CURRENT_ZERO_AMP.csv.gz' and 'Y:\\\\Trend_SUB_MAIN_33KV_CELL_07_M_SEQUENCE_CURRENT_ZERO_AMP.csv.gz' are the same file
2025-10-31 23:22:08,877 - WARNING - Attempt 2 failed for D:\Acronis Backup\ipc backup\server  2\2023-04-26\TRENDDATA11\Trend_SUB_MAIN_33KV_CELL_07_M_TOTAL_APPARENT_POWER_S.HST: 'Y:\\Trend_SUB_MAIN_33KV_CELL_07_M_TOTAL_APPARENT_POWER_S.csv.gz' and 'Y:\\\\Trend_SUB_MAIN_33KV_CELL_07_M_TOTAL_APPARENT_POWER_S.csv.gz' are the same file
2025-10-31 23:22:52,799 - INFO -   \u2713 Renamed 'Time' to 'Timestamp' in CSV
2025-10-31 23:23:13,003 - WARNING - Attempt 2 failed for D:\Acronis Backup\ipc backup\server  2\2023-04-26\TRENDDATA11\Trend_SUB_MAIN_33KV_CELL_07_M_TOTAL_REACTIVE_POWER_Q.HST: 'Y:\\Trend_SUB_MAIN_33KV_CELL_07_M_TOTAL_REACTIVE_POWER_Q.csv.gz' and 'Y:\\\\Trend_SUB_MAIN_33KV_CELL_07_M_TOTAL_REACTIVE_POWER_Q.csv.gz' are the same file
2025-10-31 23:26:15,545 - INFO - \u2713 Processed Trend_SUB_MAIN_33KV_CELL_07_M_TOTAL_APPARENT_POWER_S.HST
2025-10-31 23:26:25,015 - INFO - \u2713 Processed Trend_SUB_MAIN_33KV_CELL_07_M_SEQUENCE_CURRENT_ZERO_AMP.HST
2025-10-31 23:26:40,156 - INFO - \u2713 Processed Trend_SUB_MAIN_33KV_CELL_07_M_TOTAL_ACTIVE_POWER_P.HST
2025-10-31 23:27:26,112 - INFO - \u2713 Processed Trend_SUB_MAIN_33KV_CELL_07_M_TOTAL_REACTIVE_POWER_Q.HST
2025-10-31 23:28:07,692 - INFO -   \u2713 Renamed 'Time' to 'Timestamp' in CSV
2025-10-31 23:28:14,208 - INFO -   \u2713 Renamed 'Time' to 'Timestamp' in CSV
2025-10-31 23:28:32,771 - WARNING - Attempt 3 failed for D:\Acronis Backup\ipc backup\server  2\2023-04-26\TRENDDATA11\Trend_SUB_MAIN_33KV_CELL_07_M_TOTAL_APPARENT_POWER_S.HST: 'Y:\\Trend_SUB_MAIN_33KV_CELL_07_M_TOTAL_APPARENT_POWER_S.csv.gz' and 'Y:\\\\Trend_SUB_MAIN_33KV_CELL_07_M_TOTAL_APPARENT_POWER_S.csv.gz' are the same file
2025-10-31 23:28:32,771 - ERROR - \u2717 Failed Trend_SUB_MAIN_33KV_CELL_07_M_TOTAL_APPARENT_POWER_S.HST after 3 attempts
2025-10-31 23:28:34,771 - WARNING - Attempt 3 failed for D:\Acronis Backup\ipc backup\server  2\2023-04-26\TRENDDATA11\Trend_SUB_MAIN_33KV_CELL_07_M_SEQUENCE_CURRENT_ZERO_AMP.HST: 'Y:\\Trend_SUB_MAIN_33KV_CELL_07_M_SEQUENCE_CURRENT_ZERO_AMP.csv.gz' and 'Y:\\\\Trend_SUB_MAIN_33KV_CELL_07_M_SEQUENCE_CURRENT_ZERO_AMP.csv.gz' are the same file
2025-10-31 23:28:34,771 - ERROR - \u2717 Failed Trend_SUB_MAIN_33KV_CELL_07_M_SEQUENCE_CURRENT_ZERO_AMP.HST after 3 attempts
2025-10-31 23:28:38,552 - INFO -   \u2713 Renamed 'Time' to 'Timestamp' in CSV
2025-10-31 23:28:58,788 - WARNING - Attempt 3 failed for D:\Acronis Backup\ipc backup\server  2\2023-04-26\TRENDDATA11\Trend_SUB_MAIN_33KV_CELL_07_M_TOTAL_ACTIVE_POWER_P.HST: 'Y:\\Trend_SUB_MAIN_33KV_CELL_07_M_TOTAL_ACTIVE_POWER_P.csv.gz' and 'Y:\\\\Trend_SUB_MAIN_33KV_CELL_07_M_TOTAL_ACTIVE_POWER_P.csv.gz' are the same file
2025-10-31 23:28:58,788 - ERROR - \u2717 Failed Trend_SUB_MAIN_33KV_CELL_07_M_TOTAL_ACTIVE_POWER_P.HST after 3 attempts
2025-10-31 23:29:22,320 - INFO -   \u2713 Renamed 'Time' to 'Timestamp' in CSV
2025-10-31 23:29:40,226 - WARNING - Attempt 3 failed for D:\Acronis Backup\ipc backup\server  2\2023-04-26\TRENDDATA11\Trend_SUB_MAIN_33KV_CELL_07_M_TOTAL_REACTIVE_POWER_Q.HST: 'Y:\\Trend_SUB_MAIN_33KV_CELL_07_M_TOTAL_REACTIVE_POWER_Q.csv.gz' and 'Y:\\\\Trend_SUB_MAIN_33KV_CELL_07_M_TOTAL_REACTIVE_POWER_Q.csv.gz' are the same file
2025-10-31 23:29:40,226 - ERROR - \u2717 Failed Trend_SUB_MAIN_33KV_CELL_07_M_TOTAL_REACTIVE_POWER_Q.HST after 3 attempts
2025-10-31 23:29:40,773 - INFO - 
\U0001f389 CSVs (compressed) saved to VM #2 shared folder. Run inserter on VM #2.
